Device_id,Model ID,Task ID,Stream ID,Name,Type,OP State,Accelerator Core,Start Time(us),Duration(us),Wait Time(us),Block Num,Mix Block Num,HF32 Eligible,Input Shapes,Input Data Types,Input Formats,Output Shapes,Output Data Types,Output Formats,Context ID,aicore_time(us),aic_total_cycles,aic_read_main_memory_datas(KB),aic_write_main_memory_datas(KB),aic_GM_to_L1_datas(KB),aic_L0C_to_L1_datas(KB),aic_L0C_to_GM_datas(KB),aic_GM_to_UB_datas(KB),aic_UB_to_GM_datas(KB),aiv_time(us),aiv_total_cycles,aiv_read_main_memory_datas(KB),aiv_write_main_memory_datas(KB),aiv_GM_to_L1_datas(KB),aiv_L0C_to_L1_datas(KB),aiv_L0C_to_GM_datas(KB),aiv_GM_to_UB_datas(KB),aiv_UB_to_GM_datas(KB)
0,33,0,65,aclnnGroupedMatmulSwigluQuantWeightNzV2_GroupedMatmulSwigluQuantV2_GroupedMatmulSwigluQuantV2,GroupedMatmulSwigluQuantV2,static,MIX_AIC,1790543111283660.213	,195.763,0,20,40,NO,"""576,4096;576;32;32,64,256,16,64;32,4096;32,4096""",INT8;FLOAT;INT64;DT_INT4;UINT64;FLOAT,ND;ND;ND;FRACTAL_NZ;ND;ND,"""576,2048;576""",INT8;FLOAT,ND;ND,0,184.853,6654700,195209.0,2054.5,197664.0,0.0,1632.0,0.0,0.0,196.931,14179005,3340.125,552.25,0.0,0.0,0.0,2576.0,527.25
0,33,1,65,aclnnGroupedMatmulWeightNz_GroupedMatmul_GroupedMatmul,GroupedMatmul,static,MIX_AIC,1790543111283858.617	,110.762,2.487000,20,40,NO,"""576,2048;32,2048,4096;32,4096;32,1,4096;;;;32;576""",INT8;DT_INT4;FLOAT;UINT64;FLOAT;FLOAT16;FLOAT16;INT64;FLOAT,ND;FRACTAL_NZ;ND;NCL;ND;ND;ND;ND;ND,"""576,4096""",DT_BF16,ND,0,97.543,3511540,98160.75,2067.5,97312.0,0.0,1632.0,0.0,0.0,98.118,7064495,3041.875,926.0,0.0,0.0,0.0,2355.0,870.0
0,33,2,65,aclnnGroupedMatmulSwigluQuantWeightNzV2_GroupedMatmulSwigluQuantV2_GroupedMatmulSwigluQuantV2,GroupedMatmulSwigluQuantV2,static,MIX_AIC,1790543111283972.059	,190.204,2.738000,20,40,NO,"""576,4096;576;32;32,64,256,16,64;32,4096;32,4096""",INT8;FLOAT;INT64;DT_INT4;UINT64;FLOAT,ND;ND;ND;FRACTAL_NZ;ND;ND,"""576,2048;576""",INT8;FLOAT,ND;ND,0,174.25,6273015,195039.5,2054.5,197920.0,0.0,1632.0,0.0,0.0,186.576,13433484,3297.0,552.25,0.0,0.0,0.0,2528.0,527.25
0,33,3,65,aclnnGroupedMatmulWeightNz_GroupedMatmul_GroupedMatmul,GroupedMatmul,static,MIX_AIC,1790543111284165.103	,105.282,2.796000,20,40,NO,"""576,2048;32,2048,4096;32,4096;32,1,4096;;;;32;576""",INT8;DT_INT4;FLOAT;UINT64;FLOAT;FLOAT16;FLOAT16;INT64;FLOAT,ND;FRACTAL_NZ;ND;NCL;ND;ND;ND;ND;ND,"""576,4096""",DT_BF16,ND,0,95.646,3443242,98056.0,2067.5,97376.0,0.0,1632.0,0.0,0.0,96.168,6924084,3176.375,926.0,0.0,0.0,0.0,2355.0,870.0
0,33,4,65,aclnnGroupedMatmulSwigluQuantWeightNzV2_GroupedMatmulSwigluQuantV2_GroupedMatmulSwigluQuantV2,GroupedMatmulSwigluQuantV2,static,MIX_AIC,1790543111284273.225	,203.164,2.968000,20,40,NO,"""576,4096;576;32;32,64,256,16,64;32,4096;32,4096""",INT8;FLOAT;INT64;DT_INT4;UINT64;FLOAT,ND;ND;ND;FRACTAL_NZ;ND;ND,"""576,2048;576""",INT8;FLOAT,ND;ND,0,180.857,6510838,210631.0,1830.5,214112.0,0.0,1408.0,0.0,0.0,193.12,13904617,3063.0,468.0,0.0,0.0,0.0,2296.0,443.0
0,33,5,65,aclnnGroupedMatmulWeightNz_GroupedMatmul_GroupedMatmul,GroupedMatmul,static,MIX_AIC,1790543111284479.029	,109.162,2.586000,20,40,NO,"""576,2048;32,2048,4096;32,4096;32,1,4096;;;;32;576""",INT8;DT_INT4;FLOAT;UINT64;FLOAT;FLOAT16;FLOAT16;INT64;FLOAT,ND;FRACTAL_NZ;ND;NCL;ND;ND;ND;ND;ND,"""576,4096""",DT_BF16,ND,0,102.125,3676516,105864.75,1845.5,105568.0,0.0,1408.0,0.0,0.0,102.649,7390716,2853.25,790.0,0.0,0.0,0.0,2169.0,730.0
0,33,6,65,aclnnGroupedMatmulSwigluQuantWeightNzV2_GroupedMatmulSwigluQuantV2_GroupedMatmulSwigluQuantV2,GroupedMatmulSwigluQuantV2,static,MIX_AIC,1790543111284591.311	,160.923,3.088000,20,40,NO,"""576,4096;576;32;32,64,256,16,64;32,4096;32,4096""",INT8;FLOAT;INT64;DT_INT4;UINT64;FLOAT,ND;ND;ND;FRACTAL_NZ;ND;ND,"""576,2048;576""",INT8;FLOAT,ND;ND,0,138.914,5000913,151766.625,1510.5,153984.0,0.0,1056.0,0.0,0.0,149.247,10745812,2533.0,348.0,0.0,0.0,0.0,1768.0,323.0
0,33,7,65,aclnnGroupedMatmulWeightNz_GroupedMatmul_GroupedMatmul,GroupedMatmul,static,MIX_AIC,1790543111284754.874	,91.882,2.577000,20,40,NO,"""576,2048;32,2048,4096;32,4096;32,1,4096;;;;32;576""",INT8;DT_INT4;FLOAT;UINT64;FLOAT;FLOAT16;FLOAT16;INT64;FLOAT,ND;FRACTAL_NZ;ND;NCL;ND;ND;ND;ND;ND,"""576,4096""",DT_BF16,ND,0,81.488,2933571,76326.0,1518.5,76032.0,0.0,1056.0,0.0,0.0,81.991,5903375,2508.75,576.0,0.0,0.0,0.0,1578.0,530.0
0,33,8,65,aclnnGroupedMatmulSwigluQuantWeightNzV2_GroupedMatmulSwigluQuantV2_GroupedMatmulSwigluQuantV2,GroupedMatmulSwigluQuantV2,static,MIX_AIC,1790543111284849.576	,138.403,2.868000,20,40,NO,"""576,4096;576;32;32,64,256,16,64;32,4096;32,4096""",INT8;FLOAT;INT64;DT_INT4;UINT64;FLOAT,ND;ND;ND;FRACTAL_NZ;ND;ND,"""576,2048;576""",INT8;FLOAT,ND;ND,0,129.827,4673770,126617.5,1398.5,128288.0,0.0,896.0,0.0,0.0,139.79,10064887,2391.875,306.0,0.0,0.0,0.0,1628.0,281.0
0,33,9,65,aclnnGroupedMatmulWeightNz_GroupedMatmul_GroupedMatmul,GroupedMatmul,static,MIX_AIC,1790543111284991.019	,77.662,3.097000,20,40,NO,"""576,2048;32,2048,4096;32,4096;32,1,4096;;;;32;576""",INT8;DT_INT4;FLOAT;UINT64;FLOAT;FLOAT16;FLOAT16;INT64;FLOAT,ND;FRACTAL_NZ;ND;NCL;ND;ND;ND;ND;ND,"""576,4096""",DT_BF16,ND,0,70.479,2537237,63691.375,1403.5,63392.0,0.0,896.0,0.0,0.0,71.092,5118654,2035.125,500.0,0.0,0.0,0.0,1353.0,460.0
0,33,10,65,aclnnGroupedMatmulSwigluQuantWeightNzV2_GroupedMatmulSwigluQuantV2_GroupedMatmulSwigluQuantV2,GroupedMatmulSwigluQuantV2,static,MIX_AIC,1790543111285071.741	,141.743,3.088000,20,40,NO,"""576,4096;576;32;32,64,256,16,64;32,4096;32,4096""",INT8;FLOAT;INT64;DT_INT4;UINT64;FLOAT,ND;ND;ND;FRACTAL_NZ;ND;ND,"""576,2048;576""",INT8;FLOAT,ND;ND,0,125.388,4513982,126726.0,1430.5,129312.0,0.0,960.0,0.0,0.0,136.061,9796376,2431.0,318.0,0.0,0.0,0.0,1668.0,293.0
0,33,11,65,aclnnGroupedMatmulWeightNz_GroupedMatmul_GroupedMatmul,GroupedMatmul,static,MIX_AIC,1790543111285216.224	,77.621,2.757000,20,40,NO,"""576,2048;32,2048,4096;32,4096;32,1,4096;;;;32;576""",INT8;DT_INT4;FLOAT;UINT64;FLOAT;FLOAT16;FLOAT16;INT64;FLOAT,ND;FRACTAL_NZ;ND;NCL;ND;ND;ND;ND;ND,"""576,4096""",DT_BF16,ND,0,68.933,2481581,63729.125,1435.5,63648.0,0.0,960.0,0.0,0.0,69.527,5005942,2084.875,520.0,0.0,0.0,0.0,1389.0,480.0
0,33,12,65,aclnnGroupedMatmulSwigluQuantWeightNzV2_GroupedMatmulSwigluQuantV2_GroupedMatmulSwigluQuantV2,GroupedMatmulSwigluQuantV2,static,MIX_AIC,1790543111285296.965	,176.144,3.129000,20,40,NO,"""576,4096;576;32;32,64,256,16,64;32,4096;32,4096""",INT8;FLOAT;INT64;DT_INT4;UINT64;FLOAT,ND;ND;ND;FRACTAL_NZ;ND;ND,"""576,2048;576""",INT8;FLOAT,ND;ND,0,170.153,6125492,181780.625,2854.5,184288.0,0.0,2400.0,0.0,0.0,183.682,13225073,4414.875,852.125,0.0,0.0,0.0,3640.0,827.125
0,33,13,65,aclnnGroupedMatmulWeightNz_GroupedMatmul_GroupedMatmul,GroupedMatmul,static,MIX_AIC,1790543111285476.129	,100.322,3.106000,20,40,NO,"""576,2048;32,2048,4096;32,4096;32,1,4096;;;;32;576""",INT8;DT_INT4;FLOAT;UINT64;FLOAT;FLOAT16;FLOAT16;INT64;FLOAT,ND;FRACTAL_NZ;ND;NCL;ND;ND;ND;ND;ND,"""576,4096""",DT_BF16,ND,0,91.516,3294589,91385.75,2865.5,89824.0,0.0,2400.0,0.0,0.0,92.244,6641534,3902.0,1422.0,0.0,0.0,0.0,3192.0,1370.0
0,33,14,65,aclnnGroupedMatmulSwigluQuantWeightNzV2_GroupedMatmulSwigluQuantV2_GroupedMatmulSwigluQuantV2,GroupedMatmulSwigluQuantV2,static,MIX_AIC,1790543111285579.271	,142.443,2.678000,20,40,NO,"""576,4096;576;32;32,64,256,16,64;32,4096;32,4096""",INT8;FLOAT;INT64;DT_INT4;UINT64;FLOAT,ND;ND;ND;FRACTAL_NZ;ND;ND,"""576,2048;576""",INT8;FLOAT,ND;ND,0,128.478,4625204,135107.75,1462.5,137280.0,0.0,1024.0,0.0,0.0,139.122,10016801,2487.125,330.0,0.0,0.0,0.0,1724.0,305.0
0,33,15,65,aclnnGroupedMatmulWeightNz_GroupedMatmul_GroupedMatmul,GroupedMatmul,static,MIX_AIC,1790543111285724.574	,80.681,2.807000,20,40,NO,"""576,2048;32,2048,4096;32,4096;32,1,4096;;;;32;576""",INT8;DT_INT4;FLOAT;UINT64;FLOAT;FLOAT16;FLOAT16;INT64;FLOAT,ND;FRACTAL_NZ;ND;NCL;ND;ND;ND;ND;ND,"""576,4096""",DT_BF16,ND,0,70.398,2534317,67941.0,1468.5,67712.0,0.0,1024.0,0.0,0.0,70.981,5110660,2147.75,542.0,0.0,0.0,0.0,1458.0,500.0
0,33,16,65,aclnnGroupedMatmulSwigluQuantWeightNzV2_GroupedMatmulSwigluQuantV2_GroupedMatmulSwigluQuantV2,GroupedMatmulSwigluQuantV2,static,MIX_AIC,1790543111285808.035	,132.923,2.819000,20,40,NO,"""576,4096;576;32;32,64,256,16,64;32,4096;32,4096""",INT8;FLOAT;INT64;DT_INT4;UINT64;FLOAT,ND;ND;ND;FRACTAL_NZ;ND;ND,"""576,2048;576""",INT8;FLOAT,ND;ND,0,115.725,4166089,110421.75,1462.5,112352.0,0.0,928.0,0.0,0.0,125.506,9036437,2506.25,330.0,0.0,0.0,0.0,1740.0,305.0
0,33,17,65,aclnnGroupedMatmulWeightNz_GroupedMatmul_GroupedMatmul,GroupedMatmul,static,MIX_AIC,1790543111285944.018	,76.282,3.077000,20,40,NO,"""576,2048;32,2048,4096;32,4096;32,1,4096;;;;32;576""",INT8;DT_INT4;FLOAT;UINT64;FLOAT;FLOAT16;FLOAT16;INT64;FLOAT,ND;FRACTAL_NZ;ND;NCL;ND;ND;ND;ND;ND,"""576,4096""",DT_BF16,ND,0,63.979,2303227,55574.875,1465.5,55264.0,0.0,928.0,0.0,0.0,64.926,4674650,2040.0,536.0,0.0,0.0,0.0,1360.0,500.0
0,33,18,65,aclnnGroupedMatmulSwigluQuantWeightNzV2_GroupedMatmulSwigluQuantV2_GroupedMatmulSwigluQuantV2,GroupedMatmulSwigluQuantV2,static,MIX_AIC,1790543111286022.900	,146.583,2.718000,20,40,NO,"""576,4096;576;32;32,64,256,16,64;32,4096;32,4096""",INT8;FLOAT;INT64;DT_INT4;UINT64;FLOAT,ND;ND;ND;FRACTAL_NZ;ND;ND,"""576,2048;576""",INT8;FLOAT,ND;ND,0,129.595,4665415,136639.375,1846.5,138560.0,0.0,1344.0,0.0,0.0,141.703,10202580,3032.25,474.0,0.0,0.0,0.0,2268.0,449.0
0,33,19,65,aclnnGroupedMatmulWeightNz_GroupedMatmul_GroupedMatmul,GroupedMatmul,static,MIX_AIC,1790543111286172.223	,85.341,2.667000,20,40,NO,"""576,2048;32,2048,4096;32,4096;32,1,4096;;;;32;576""",INT8;DT_INT4;FLOAT;UINT64;FLOAT;FLOAT16;FLOAT16;INT64;FLOAT,ND;FRACTAL_NZ;ND;NCL;ND;ND;ND;ND;ND,"""576,4096""",DT_BF16,ND,0,78.023,2808813,68730.375,1852.5,68032.0,0.0,1344.0,0.0,0.0,78.571,5657085,2579.25,782.0,0.0,0.0,0.0,1891.0,740.0
0,33,20,65,aclnnGroupedMatmulSwigluQuantWeightNzV2_GroupedMatmulSwigluQuantV2_GroupedMatmulSwigluQuantV2,GroupedMatmulSwigluQuantV2,static,MIX_AIC,1790543111286260.224	,170.084,2.659000,20,40,NO,"""576,4096;576;32;32,64,256,16,64;32,4096;32,4096""",INT8;FLOAT;INT64;DT_INT4;UINT64;FLOAT,ND;ND;ND;FRACTAL_NZ;ND;ND,"""576,2048;576""",INT8;FLOAT,ND;ND,0,150.052,5401884,162657.0,2182.5,164768.0,0.0,1696.0,0.0,0.0,162.262,11682838,3485.0,600.25,0.0,0.0,0.0,2720.0,575.25
0,33,21,65,aclnnGroupedMatmulWeightNz_GroupedMatmul_GroupedMatmul,GroupedMatmul,static,MIX_AIC,1790543111286433.248	,91.562,2.916000,20,40,NO,"""576,2048;32,2048,4096;32,4096;32,1,4096;;;;32;576""",INT8;DT_INT4;FLOAT;UINT64;FLOAT;FLOAT16;FLOAT16;INT64;FLOAT,ND;FRACTAL_NZ;ND;NCL;ND;ND;ND;ND;ND,"""576,4096""",DT_BF16,ND,0,83.847,3018485,81763.625,2191.5,80800.0,0.0,1696.0,0.0,0.0,84.425,6078588,3200.375,998.0,0.0,0.0,0.0,2368.0,950.0
0,33,22,65,aclnnGroupedMatmulSwigluQuantWeightNzV2_GroupedMatmulSwigluQuantV2_GroupedMatmulSwigluQuantV2,GroupedMatmulSwigluQuantV2,static,MIX_AIC,1790543111286527.870	,131.402,2.938000,20,40,NO,"""576,4096;576;32;32,64,256,16,64;32,4096;32,4096""",INT8;FLOAT;INT64;DT_INT4;UINT64;FLOAT,ND;ND;ND;FRACTAL_NZ;ND;ND,"""576,2048;576""",INT8;FLOAT,ND;ND,0,116.396,4190267,111436.25,1718.5,112608.0,0.0,1216.0,0.0,0.0,127.17,9156210,2823.0,426.0,0.0,0.0,0.0,2060.0,401.0
0,33,23,65,aclnnGroupedMatmulWeightNz_GroupedMatmul_GroupedMatmul,GroupedMatmul,static,MIX_AIC,1790543111286661.993	,75.381,2.848000,20,40,NO,"""576,2048;32,2048,4096;32,4096;32,1,4096;;;;32;576""",INT8;DT_INT4;FLOAT;UINT64;FLOAT;FLOAT16;FLOAT16;INT64;FLOAT,ND;FRACTAL_NZ;ND;NCL;ND;ND;ND;ND;ND,"""576,4096""",DT_BF16,ND,0,66.543,2395535,56074.625,1721.5,55328.0,0.0,1216.0,0.0,0.0,67.163,4835701,2329.875,696.0,0.0,0.0,0.0,1647.0,660.0
0,33,24,65,aclnnGroupedMatmulSwigluQuantWeightNzV2_GroupedMatmulSwigluQuantV2_GroupedMatmulSwigluQuantV2,GroupedMatmulSwigluQuantV2,static,MIX_AIC,1790543111286740.274	,146.443,2.869000,20,40,NO,"""576,4096;576;32;32,64,256,16,64;32,4096;32,4096""",INT8;FLOAT;INT64;DT_INT4;UINT64;FLOAT,ND;ND;ND;FRACTAL_NZ;ND;ND,"""576,2048;576""",INT8;FLOAT,ND;ND,0,127.706,4597431,136335.0,1766.5,138560.0,0.0,1280.0,0.0,0.0,139.215,10023460,2914.375,444.0,0.0,0.0,0.0,2152.0,419.0
0,33,25,65,aclnnGroupedMatmulWeightNz_GroupedMatmul_GroupedMatmul,GroupedMatmul,static,MIX_AIC,1790543111286889.677	,84.062,3.057000,20,40,NO,"""576,2048;32,2048,4096;32,4096;32,1,4096;;;;32;576""",INT8;DT_INT4;FLOAT;UINT64;FLOAT;FLOAT16;FLOAT16;INT64;FLOAT,ND;FRACTAL_NZ;ND;NCL;ND;ND;ND;ND;ND,"""576,4096""",DT_BF16,ND,0,76.21,2743569,68589.375,1772.5,68032.0,0.0,1280.0,0.0,0.0,76.972,5541949,2740.5,732.0,0.0,0.0,0.0,1800.0,690.0
0,33,26,65,aclnnGroupedMatmulSwigluQuantWeightNzV2_GroupedMatmulSwigluQuantV2_GroupedMatmulSwigluQuantV2,GroupedMatmulSwigluQuantV2,static,MIX_AIC,1790543111286976.479	,158.863,2.688000,20,40,NO,"""576,4096;576;32;32,64,256,16,64;32,4096;32,4096""",INT8;FLOAT;INT64;DT_INT4;UINT64;FLOAT,ND;ND;ND;FRACTAL_NZ;ND;ND,"""576,2048;576""",INT8;FLOAT,ND;ND,0,135.836,4890081,128365.25,1830.5,130336.0,0.0,1312.0,0.0,0.0,147.905,10649187,3011.125,468.0,0.0,0.0,0.0,2248.0,443.0
0,33,27,65,aclnnGroupedMatmulWeightNz_GroupedMatmul_GroupedMatmul,GroupedMatmul,static,MIX_AIC,1790543111287137.922	,75.282,2.637000,20,40,NO,"""576,2048;32,2048,4096;32,4096;32,1,4096;;;;32;576""",INT8;DT_INT4;FLOAT;UINT64;FLOAT;FLOAT16;FLOAT16;INT64;FLOAT,ND;FRACTAL_NZ;ND;NCL;ND;ND;ND;ND;ND,"""576,4096""",DT_BF16,ND,0,70.634,2542837,64579.25,1835.5,63904.0,0.0,1312.0,0.0,0.0,71.47,5145874,2541.875,770.0,0.0,0.0,0.0,1840.0,730.0
0,33,28,65,aclnnGroupedMatmulSwigluQuantWeightNzV2_GroupedMatmulSwigluQuantV2_GroupedMatmulSwigluQuantV2,GroupedMatmulSwigluQuantV2,static,MIX_AIC,1790543111287216.224	,143.962,2.968000,20,40,NO,"""576,4096;576;32;32,64,256,16,64;32,4096;32,4096""",INT8;FLOAT;INT64;DT_INT4;UINT64;FLOAT,ND;ND;ND;FRACTAL_NZ;ND;ND,"""576,2048;576""",INT8;FLOAT,ND;ND,0,128.884,4639841,138824.875,2390.5,140864.0,0.0,1888.0,0.0,0.0,141.635,10197721,3761.625,678.25,0.0,0.0,0.0,2996.0,653.25
0,33,29,65,aclnnGroupedMatmulWeightNz_GroupedMatmul_GroupedMatmul,GroupedMatmul,static,MIX_AIC,1790543111287363.147	,83.921,3.038000,20,40,NO,"""576,2048;32,2048,4096;32,4096;32,1,4096;;;;32;576""",INT8;DT_INT4;FLOAT;UINT64;FLOAT;FLOAT16;FLOAT16;INT64;FLOAT,ND;FRACTAL_NZ;ND;NCL;ND;ND;ND;ND;ND,"""576,4096""",DT_BF16,ND,0,74.712,2689630,69816.125,2396.5,68608.0,0.0,1888.0,0.0,0.0,75.368,5426465,3191.375,1122.0,0.0,0.0,0.0,2503.0,1080.0
0,33,30,65,aclnnGroupedMatmulSwigluQuantWeightNzV2_GroupedMatmulSwigluQuantV2_GroupedMatmulSwigluQuantV2,GroupedMatmulSwigluQuantV2,static,MIX_AIC,1790543111287449.888	,107.402,2.829000,20,40,NO,"""576,4096;576;32;32,64,256,16,64;32,4096;32,4096""",INT8;FLOAT;INT64;DT_INT4;UINT64;FLOAT,ND;ND;ND;FRACTAL_NZ;ND;ND,"""576,2048;576""",INT8;FLOAT,ND;ND,0,91.838,3306176,86206.25,1574.5,87424.0,0.0,1024.0,0.0,0.0,103.019,7417371,2610.0,372.0,0.0,0.0,0.0,1848.0,347.0
0,33,31,65,aclnnGroupedMatmulWeightNz_GroupedMatmul_GroupedMatmul,GroupedMatmul,static,MIX_AIC,1790543111287560.370	,60.142,2.848000,20,40,NO,"""576,2048;32,2048,4096;32,4096;32,1,4096;;;;32;576""",INT8;DT_INT4;FLOAT;UINT64;FLOAT;FLOAT16;FLOAT16;INT64;FLOAT,ND;FRACTAL_NZ;ND;NCL;ND;ND;ND;ND;ND,"""576,4096""",DT_BF16,ND,0,55.154,1985551,43412.375,1574.5,42816.0,0.0,1024.0,0.0,0.0,55.905,4025126,2249.125,600.0,0.0,0.0,0.0,1387.0,570.0
0,33,32,65,aclnnGroupedMatmulSwigluQuantWeightNzV2_GroupedMatmulSwigluQuantV2_GroupedMatmulSwigluQuantV2,GroupedMatmulSwigluQuantV2,static,MIX_AIC,1790543111287623.472	,122.182,3.108000,20,40,NO,"""576,4096;576;32;32,64,256,16,64;32,4096;32,4096""",INT8;FLOAT;INT64;DT_INT4;UINT64;FLOAT,ND;ND;ND;FRACTAL_NZ;ND;ND,"""576,2048;576""",INT8;FLOAT,ND;ND,0,109.81,3953144,103290.0,1734.5,104384.0,0.0,1184.0,0.0,0.0,120.907,8705286,2793.25,432.0,0.0,0.0,0.0,2032.0,407.0
0,33,33,65,aclnnGroupedMatmulWeightNz_GroupedMatmul_GroupedMatmul,GroupedMatmul,static,MIX_AIC,1790543111287748.474	,69.062,2.818000,20,40,NO,"""576,2048;32,2048,4096;32,4096;32,1,4096;;;;32;576""",INT8;DT_INT4;FLOAT;UINT64;FLOAT;FLOAT16;FLOAT16;INT64;FLOAT,ND;FRACTAL_NZ;ND;NCL;ND;ND;ND;ND;ND,"""576,4096""",DT_BF16,ND,0,61.649,2219366,51980.875,1736.5,51200.0,0.0,1184.0,0.0,0.0,62.247,4481748,2325.25,704.0,0.0,0.0,0.0,1632.0,670.0
0,33,34,65,aclnnGroupedMatmulSwigluQuantWeightNzV2_GroupedMatmulSwigluQuantV2_GroupedMatmulSwigluQuantV2,GroupedMatmulSwigluQuantV2,static,MIX_AIC,1790543111287820.696	,153.723,3.188000,20,40,NO,"""576,4096;576;32;32,64,256,16,64;32,4096;32,4096""",INT8;FLOAT;INT64;DT_INT4;UINT64;FLOAT,ND;ND;ND;FRACTAL_NZ;ND;ND,"""576,2048;576""",INT8;FLOAT,ND;ND,0,128.585,4629044,140600.625,2838.5,141632.0,0.0,2304.0,0.0,0.0,141.938,10219544,4311.125,846.25,0.0,0.0,0.0,3540.0,821.25
0,33,35,65,aclnnGroupedMatmulWeightNz_GroupedMatmul_GroupedMatmul,GroupedMatmul,static,MIX_AIC,1790543111287977.379	,86.282,3.027000,20,40,NO,"""576,2048;32,2048,4096;32,4096;32,1,4096;;;;32;576""",INT8;DT_INT4;FLOAT;UINT64;FLOAT;FLOAT16;FLOAT16;INT64;FLOAT,ND;FRACTAL_NZ;ND;NCL;ND;ND;ND;ND;ND,"""576,4096""",DT_BF16,ND,0,80.276,2889941,74825.375,2845.5,72928.0,0.0,2304.0,0.0,0.0,81.082,5837876,3727.5,1404.0,0.0,0.0,0.0,3042.0,1360.0
0,33,36,65,aclnnGroupedMatmulSwigluQuantWeightNzV2_GroupedMatmulSwigluQuantV2_GroupedMatmulSwigluQuantV2,GroupedMatmulSwigluQuantV2,static,MIX_AIC,1790543111288066.581	,129.262,2.718000,20,40,NO,"""576,4096;576;32;32,64,256,16,64;32,4096;32,4096""",INT8;FLOAT;INT64;DT_INT4;UINT64;FLOAT,ND;ND;ND;FRACTAL_NZ;ND;ND,"""576,2048;576""",INT8;FLOAT,ND;ND,0,112.834,4062024,111309.25,1686.5,112864.0,0.0,1152.0,0.0,0.0,123.795,8913240,2827.75,414.0,0.0,0.0,0.0,2052.0,389.0
0,33,37,65,aclnnGroupedMatmulWeightNz_GroupedMatmul_GroupedMatmul,GroupedMatmul,static,MIX_AIC,1790543111288198.823	,77.622,2.988000,20,40,NO,"""576,2048;32,2048,4096;32,4096;32,1,4096;;;;32;576""",INT8;DT_INT4;FLOAT;UINT64;FLOAT;FLOAT16;FLOAT16;INT64;FLOAT,ND;FRACTAL_NZ;ND;NCL;ND;ND;ND;ND;ND,"""576,4096""",DT_BF16,ND,0,67.918,2445057,56016.5,1689.5,55392.0,0.0,1152.0,0.0,0.0,68.474,4930138,2298.75,676.0,0.0,0.0,0.0,1612.0,640.0
0,33,38,65,aclnnGroupedMatmulSwigluQuantWeightNzV2_GroupedMatmulSwigluQuantV2_GroupedMatmulSwigluQuantV2,GroupedMatmulSwigluQuantV2,static,MIX_AIC,1790543111288279.565	,186.404,3.128000,20,40,NO,"""576,4096;576;32;32,64,256,16,64;32,4096;32,4096""",INT8;FLOAT;INT64;DT_INT4;UINT64;FLOAT,ND;ND;ND;FRACTAL_NZ;ND;ND,"""576,2048;576""",INT8;FLOAT,ND;ND,0,174.995,6299822,195245.625,2102.5,197920.0,0.0,1568.0,0.0,0.0,187.425,13494571,3418.0,570.0,0.0,0.0,0.0,2652.0,545.0
0,33,39,65,aclnnGroupedMatmulWeightNz_GroupedMatmul_GroupedMatmul,GroupedMatmul,static,MIX_AIC,1790543111288468.949	,105.582,3.096000,20,40,NO,"""576,2048;32,2048,4096;32,4096;32,1,4096;;;;32;576""",INT8;DT_INT4;FLOAT;UINT64;FLOAT;FLOAT16;FLOAT16;INT64;FLOAT,ND;FRACTAL_NZ;ND;NCL;ND;ND;ND;ND;ND,"""576,4096""",DT_BF16,ND,0,94.692,3408916,98134.875,2115.5,97376.0,0.0,1568.0,0.0,0.0,95.224,6856099,3116.5,956.0,0.0,0.0,0.0,2409.0,900.0
0,33,40,65,aclnnGroupedMatmulSwigluQuantWeightNzV2_GroupedMatmulSwigluQuantV2_GroupedMatmulSwigluQuantV2,GroupedMatmulSwigluQuantV2,static,MIX_AIC,1790543111288577.131	,151.243,2.668000,20,40,NO,"""576,4096;576;32;32,64,256,16,64;32,4096;32,4096""",INT8;FLOAT;INT64;DT_INT4;UINT64;FLOAT,ND;ND;ND;FRACTAL_NZ;ND;ND,"""576,2048;576""",INT8;FLOAT,ND;ND,0,131.187,4722744,121906.375,2278.5,123648.0,0.0,1760.0,0.0,0.0,143.999,10367956,3607.75,636.375,0.0,0.0,0.0,2840.0,611.375
0,33,41,65,aclnnGroupedMatmulWeightNz_GroupedMatmul_GroupedMatmul,GroupedMatmul,static,MIX_AIC,1790543111288731.234	,79.481,2.757000,20,40,NO,"""576,2048;32,2048,4096;32,4096;32,1,4096;;;;32;576""",INT8;DT_INT4;FLOAT;UINT64;FLOAT;FLOAT16;FLOAT16;INT64;FLOAT,ND;FRACTAL_NZ;ND;NCL;ND;ND;ND;ND;ND,"""576,4096""",DT_BF16,ND,0,73.031,2629111,61325.5,2282.5,60160.0,0.0,1760.0,0.0,0.0,73.644,5302356,3258.75,1048.0,0.0,0.0,0.0,2312.0,1010.0
0,33,42,65,aclnnGroupedMatmulSwigluQuantWeightNzV2_GroupedMatmulSwigluQuantV2_GroupedMatmulSwigluQuantV2,GroupedMatmulSwigluQuantV2,static,MIX_AIC,1790543111288813.756	,158.303,3.019000,20,40,NO,"""576,4096;576;32;32,64,256,16,64;32,4096;32,4096""",INT8;FLOAT;INT64;DT_INT4;UINT64;FLOAT,ND;ND;ND;FRACTAL_NZ;ND;ND,"""576,2048;576""",INT8;FLOAT,ND;ND,0,142.236,5120494,153669.125,1990.5,155776.0,0.0,1536.0,0.0,0.0,154.45,11120402,3195.0,528.25,0.0,0.0,0.0,2432.0,503.25
0,33,43,65,aclnnGroupedMatmulWeightNz_GroupedMatmul_GroupedMatmul,GroupedMatmul,static,MIX_AIC,1790543111288975.199	,89.942,3.197000,20,40,NO,"""576,2048;32,2048,4096;32,4096;32,1,4096;;;;32;576""",INT8;DT_INT4;FLOAT;UINT64;FLOAT;FLOAT16;FLOAT16;INT64;FLOAT,ND;FRACTAL_NZ;ND;NCL;ND;ND;ND;ND;ND,"""576,4096""",DT_BF16,ND,0,80.065,2882329,77278.75,1998.5,76480.0,0.0,1536.0,0.0,0.0,80.634,5805658,2916.25,876.0,0.0,0.0,0.0,2118.0,830.0
0,33,44,65,aclnnGroupedMatmulSwigluQuantWeightNzV2_GroupedMatmulSwigluQuantV2_GroupedMatmulSwigluQuantV2,GroupedMatmulSwigluQuantV2,static,MIX_AIC,1790543111289068.081	,148.223,2.808000,20,40,NO,"""576,4096;576;32;32,64,256,16,64;32,4096;32,4096""",INT8;FLOAT;INT64;DT_INT4;UINT64;FLOAT,ND;ND;ND;FRACTAL_NZ;ND;ND,"""576,2048;576""",INT8;FLOAT,ND;ND,0,134.067,4826394,144996.25,1878.5,146528.0,0.0,1344.0,0.0,0.0,145.987,10511094,3023.125,486.0,0.0,0.0,0.0,2260.0,461.0
0,33,45,65,aclnnGroupedMatmulWeightNz_GroupedMatmul_GroupedMatmul,GroupedMatmul,static,MIX_AIC,1790543111289219.264	,87.901,3.027000,20,40,NO,"""576,2048;32,2048,4096;32,4096;32,1,4096;;;;32;576""",INT8;DT_INT4;FLOAT;UINT64;FLOAT;FLOAT16;FLOAT16;INT64;FLOAT,ND;FRACTAL_NZ;ND;NCL;ND;ND;ND;ND;ND,"""576,4096""",DT_BF16,ND,0,79.172,2850177,72923.125,1885.5,72096.0,0.0,1344.0,0.0,0.0,79.87,5750621,2650.0,804.0,0.0,0.0,0.0,1959.0,760.0
0,33,46,65,aclnnGroupedMatmulSwigluQuantWeightNzV2_GroupedMatmulSwigluQuantV2_GroupedMatmulSwigluQuantV2,GroupedMatmulSwigluQuantV2,static,MIX_AIC,1790543111289310.305	,159.264,3.099000,20,40,NO,"""576,4096;576;32;32,64,256,16,64;32,4096;32,4096""",INT8;FLOAT;INT64;DT_INT4;UINT64;FLOAT,ND;ND;ND;FRACTAL_NZ;ND;ND,"""576,2048;576""",INT8;FLOAT,ND;ND,0,141.788,5104385,152972.25,1814.5,155520.0,0.0,1344.0,0.0,0.0,152.266,10963119,2960.625,462.0,0.0,0.0,0.0,2196.0,437.0
0,33,47,65,aclnnGroupedMatmulWeightNz_GroupedMatmul_GroupedMatmul,GroupedMatmul,static,MIX_AIC,1790543111289472.349	,92.042,2.736000,20,40,NO,"""576,2048;32,2048,4096;32,4096;32,1,4096;;;;32;576""",INT8;DT_INT4;FLOAT;UINT64;FLOAT;FLOAT16;FLOAT16;INT64;FLOAT,ND;FRACTAL_NZ;ND;NCL;ND;ND;ND;ND;ND,"""576,4096""",DT_BF16,ND,0,79.909,2876737,76925.5,1822.5,76416.0,0.0,1344.0,0.0,0.0,80.413,5789723,2624.5,766.0,0.0,0.0,0.0,1921.0,720.0
0,33,48,65,aclnnGroupedMatmulSwigluQuantWeightNzV2_GroupedMatmulSwigluQuantV2_GroupedMatmulSwigluQuantV2,GroupedMatmulSwigluQuantV2,static,MIX_AIC,1790543111289567.071	,147.242,2.708000,20,40,NO,"""576,4096;576;32;32,64,256,16,64;32,4096;32,4096""",INT8;FLOAT;INT64;DT_INT4;UINT64;FLOAT,ND;ND;ND;FRACTAL_NZ;ND;ND,"""576,2048;576""",INT8;FLOAT,ND;ND,0,126.159,4541713,139341.25,2518.5,141376.0,0.0,2016.0,0.0,0.0,138.949,10004317,3909.375,726.25,0.0,0.0,0.0,3140.0,701.25
0,33,49,65,aclnnGroupedMatmulWeightNz_GroupedMatmul_GroupedMatmul,GroupedMatmul,static,MIX_AIC,1790543111289717.314	,89.101,3.008000,20,40,NO,"""576,2048;32,2048,4096;32,4096;32,1,4096;;;;32;576""",INT8;DT_INT4;FLOAT;UINT64;FLOAT;FLOAT16;FLOAT16;INT64;FLOAT,ND;FRACTAL_NZ;ND;NCL;ND;ND;ND;ND;ND,"""576,4096""",DT_BF16,ND,0,82.841,2982263,74215.0,2525.5,72864.0,0.0,2016.0,0.0,0.0,83.668,6024110,3564.25,1204.0,0.0,0.0,0.0,2682.0,1160.0
0,33,50,65,aclnnGroupedMatmulSwigluQuantWeightNzV2_GroupedMatmulSwigluQuantV2_GroupedMatmulSwigluQuantV2,GroupedMatmulSwigluQuantV2,static,MIX_AIC,1790543111289809.555	,157.604,3.149000,20,40,NO,"""576,4096;576;32;32,64,256,16,64;32,4096;32,4096""",INT8;FLOAT;INT64;DT_INT4;UINT64;FLOAT,ND;ND;ND;FRACTAL_NZ;ND;ND,"""576,2048;576""",INT8;FLOAT,ND;ND,0,140.551,5059843,153539.875,1958.5,155520.0,0.0,1440.0,0.0,0.0,152.769,10999402,3205.0,516.25,0.0,0.0,0.0,2440.0,491.25
0,33,51,65,aclnnGroupedMatmulWeightNz_GroupedMatmul_GroupedMatmul,GroupedMatmul,static,MIX_AIC,1790543111289969.879	,94.121,2.896000,20,40,NO,"""576,2048;32,2048,4096;32,4096;32,1,4096;;;;32;576""",INT8;DT_INT4;FLOAT;UINT64;FLOAT;FLOAT16;FLOAT16;INT64;FLOAT,ND;FRACTAL_NZ;ND;NCL;ND;ND;ND;ND;ND,"""576,4096""",DT_BF16,ND,0,83.08,2990897,77190.125,1966.5,76416.0,0.0,1440.0,0.0,0.0,83.771,6031481,2768.75,856.0,0.0,0.0,0.0,2083.0,810.0
0,33,52,65,aclnnGroupedMatmulSwigluQuantWeightNzV2_GroupedMatmulSwigluQuantV2_GroupedMatmulSwigluQuantV2,GroupedMatmulSwigluQuantV2,static,MIX_AIC,1790543111290066.961	,139.202,2.879000,20,40,NO,"""576,4096;576;32;32,64,256,16,64;32,4096;32,4096""",INT8;FLOAT;INT64;DT_INT4;UINT64;FLOAT,ND;ND;ND;FRACTAL_NZ;ND;ND,"""576,2048;576""",INT8;FLOAT,ND;ND,0,124.467,4480814,121636.125,2214.5,123648.0,0.0,1760.0,0.0,0.0,137.096,9870898,3477.5,612.375,0.0,0.0,0.0,2712.0,587.375
0,33,53,65,aclnnGroupedMatmulWeightNz_GroupedMatmul_GroupedMatmul,GroupedMatmul,static,MIX_AIC,1790543111290208.983	,73.982,2.798000,20,40,NO,"""576,2048;32,2048,4096;32,4096;32,1,4096;;;;32;576""",INT8;DT_INT4;FLOAT;UINT64;FLOAT;FLOAT16;FLOAT16;INT64;FLOAT,ND;FRACTAL_NZ;ND;NCL;ND;ND;ND;ND;ND,"""576,4096""",DT_BF16,ND,0,66.736,2402501,61164.75,2218.5,60160.0,0.0,1760.0,0.0,0.0,67.363,4850109,2927.0,1008.0,0.0,0.0,0.0,2240.0,970.0
0,33,54,65,aclnnGroupedMatmulSwigluQuantWeightNzV2_GroupedMatmulSwigluQuantV2_GroupedMatmulSwigluQuantV2,GroupedMatmulSwigluQuantV2,static,MIX_AIC,1790543111290286.085	,143.463,3.018000,20,40,NO,"""576,4096;576;32;32,64,256,16,64;32,4096;32,4096""",INT8;FLOAT;INT64;DT_INT4;UINT64;FLOAT,ND;ND;ND;FRACTAL_NZ;ND;ND,"""576,2048;576""",INT8;FLOAT,ND;ND,0,127.747,4598887,119639.625,1718.5,121088.0,0.0,1152.0,0.0,0.0,138.3,9957607,2807.125,426.0,0.0,0.0,0.0,2044.0,401.0
0,33,55,65,aclnnGroupedMatmulWeightNz_GroupedMatmul_GroupedMatmul,GroupedMatmul,static,MIX_AIC,1790543111290432.348	,80.801,2.787000,20,40,NO,"""576,2048;32,2048,4096;32,4096;32,1,4096;;;;32;576""",INT8;DT_INT4;FLOAT;UINT64;FLOAT;FLOAT16;FLOAT16;INT64;FLOAT,ND;FRACTAL_NZ;ND;NCL;ND;ND;ND;ND;ND,"""576,4096""",DT_BF16,ND,0,75.194,2706982,60216.75,1722.5,59520.0,0.0,1152.0,0.0,0.0,75.72,5451829,2669.25,698.0,0.0,0.0,0.0,1680.0,660.0
0,33,56,65,aclnnGroupedMatmulSwigluQuantWeightNzV2_GroupedMatmulSwigluQuantV2_GroupedMatmulSwigluQuantV2,GroupedMatmulSwigluQuantV2,static,MIX_AIC,1790543111290516.050	,155.343,2.949000,20,40,NO,"""576,4096;576;32;32,64,256,16,64;32,4096;32,4096""",INT8;FLOAT;INT64;DT_INT4;UINT64;FLOAT,ND;ND;ND;FRACTAL_NZ;ND;ND,"""576,2048;576""",INT8;FLOAT,ND;ND,0,140.848,5070525,146876.125,2342.5,149088.0,0.0,1856.0,0.0,0.0,153.392,11044203,3686.375,660.375,0.0,0.0,0.0,2920.0,635.375
0,33,57,65,aclnnGroupedMatmulWeightNz_GroupedMatmul_GroupedMatmul,GroupedMatmul,static,MIX_AIC,1790543111290674.513	,83.581,3.157000,20,40,NO,"""576,2048;32,2048,4096;32,4096;32,1,4096;;;;32;576""",INT8;DT_INT4;FLOAT;UINT64;FLOAT;FLOAT16;FLOAT16;INT64;FLOAT,ND;FRACTAL_NZ;ND;NCL;ND;ND;ND;ND;ND,"""576,4096""",DT_BF16,ND,0,78.63,2830680,73853.125,2349.5,72736.0,0.0,1856.0,0.0,0.0,79.403,5717026,3193.125,1094.0,0.0,0.0,0.0,2482.0,1050.0
0,33,58,65,aclnnGroupedMatmulSwigluQuantWeightNzV2_GroupedMatmulSwigluQuantV2_GroupedMatmulSwigluQuantV2,GroupedMatmulSwigluQuantV2,static,MIX_AIC,1790543111290761.234	,145.283,3.169000,20,40,NO,"""576,4096;576;32;32,64,256,16,64;32,4096;32,4096""",INT8;FLOAT;INT64;DT_INT4;UINT64;FLOAT,ND;ND;ND;FRACTAL_NZ;ND;ND,"""576,2048;576""",INT8;FLOAT,ND;ND,0,123.111,4431983,128672.25,1910.5,130848.0,0.0,1408.0,0.0,0.0,135.33,9743730,3112.125,498.0,0.0,0.0,0.0,2348.0,473.0
0,33,59,65,aclnnGroupedMatmulWeightNz_GroupedMatmul_GroupedMatmul,GroupedMatmul,static,MIX_AIC,1790543111290909.397	,75.782,2.967000,20,40,NO,"""576,2048;32,2048,4096;32,4096;32,1,4096;;;;32;576""",INT8;DT_INT4;FLOAT;UINT64;FLOAT;FLOAT16;FLOAT16;INT64;FLOAT,ND;FRACTAL_NZ;ND;NCL;ND;ND;ND;ND;ND,"""576,4096""",DT_BF16,ND,0,72.703,2617296,64705.25,1915.5,64032.0,0.0,1408.0,0.0,0.0,73.31,5278314,2612.25,820.0,0.0,0.0,0.0,1931.0,780.0
0,33,60,65,aclnnGroupedMatmulSwigluQuantWeightNzV2_GroupedMatmulSwigluQuantV2_GroupedMatmulSwigluQuantV2,GroupedMatmulSwigluQuantV2,static,MIX_AIC,1790543111290988.279	,105.682,2.968000,20,40,NO,"""576,4096;576;32;32,64,256,16,64;32,4096;32,4096""",INT8;FLOAT;INT64;DT_INT4;UINT64;FLOAT,ND;ND;ND;FRACTAL_NZ;ND;ND,"""576,2048;576""",INT8;FLOAT,ND;ND,0,90.853,3270704,85607.5,1430.5,86912.0,0.0,896.0,0.0,0.0,101.668,7320105,2382.25,318.0,0.0,0.0,0.0,1620.0,293.0
0,33,61,65,aclnnGroupedMatmulWeightNz_GroupedMatmul_GroupedMatmul,GroupedMatmul,static,MIX_AIC,1790543111291096.941	,59.081,3.068000,20,40,NO,"""576,2048;32,2048,4096;32,4096;32,1,4096;;;;32;576""",INT8;DT_INT4;FLOAT;UINT64;FLOAT;FLOAT16;FLOAT16;INT64;FLOAT,ND;FRACTAL_NZ;ND;NCL;ND;ND;ND;ND;ND,"""576,4096""",DT_BF16,ND,0,55.298,1990720,43116.75,1430.5,42688.0,0.0,896.0,0.0,0.0,56.125,4041012,1903.625,510.0,0.0,0.0,0.0,1225.0,480.0
0,33,62,65,aclnnGroupedMatmulSwigluQuantWeightNzV2_GroupedMatmulSwigluQuantV2_GroupedMatmulSwigluQuantV2,GroupedMatmulSwigluQuantV2,static,MIX_AIC,1790543111291158.842	,122.163,2.669000,20,40,NO,"""576,4096;576;32;32,64,256,16,64;32,4096;32,4096""",INT8;FLOAT;INT64;DT_INT4;UINT64;FLOAT,ND;ND;ND;FRACTAL_NZ;ND;ND,"""576,2048;576""",INT8;FLOAT,ND;ND,0,113.321,4079557,110027.375,1366.5,111328.0,0.0,832.0,0.0,0.0,123.318,8878876,2301.75,294.0,0.0,0.0,0.0,1540.0,269.0
0,33,63,65,aclnnGroupedMatmulWeightNz_GroupedMatmul_GroupedMatmul,GroupedMatmul,static,MIX_AIC,1790543111291283.965	,71.101,3.087000,20,40,NO,"""576,2048;32,2048,4096;32,4096;32,1,4096;;;;32;576""",INT8;DT_INT4;FLOAT;UINT64;FLOAT;FLOAT16;FLOAT16;INT64;FLOAT,ND;FRACTAL_NZ;ND;NCL;ND;ND;ND;ND;ND,"""576,4096""",DT_BF16,ND,0,61.444,2211996,55371.125,1369.5,55008.0,0.0,832.0,0.0,0.0,62.045,4467207,1942.875,476.0,0.0,0.0,0.0,1251.0,440.0
0,33,64,65,aclnnGroupedMatmulSwigluQuantWeightNzV2_GroupedMatmulSwigluQuantV2_GroupedMatmulSwigluQuantV2,GroupedMatmulSwigluQuantV2,static,MIX_AIC,1790543111291358.026	,137.183,2.899000,20,40,NO,"""576,4096;576;32;32,64,256,16,64;32,4096;32,4096""",INT8;FLOAT;INT64;DT_INT4;UINT64;FLOAT,ND;ND;ND;FRACTAL_NZ;ND;ND,"""576,2048;576""",INT8;FLOAT,ND;ND,0,118.602,4269681,122253.875,2358.5,123904.0,0.0,1856.0,0.0,0.0,131.21,9447111,3656.75,666.25,0.0,0.0,0.0,2892.0,641.25
0,33,65,65,aclnnGroupedMatmulWeightNz_GroupedMatmul_GroupedMatmul,GroupedMatmul,static,MIX_AIC,1790543111291498.349	,76.382,3.067000,20,40,NO,"""576,2048;32,2048,4096;32,4096;32,1,4096;;;;32;576""",INT8;DT_INT4;FLOAT;UINT64;FLOAT;FLOAT16;FLOAT16;INT64;FLOAT,ND;FRACTAL_NZ;ND;NCL;ND;ND;ND;ND;ND,"""576,4096""",DT_BF16,ND,0,71.224,2564070,65632.125,2363.5,64352.0,0.0,1856.0,0.0,0.0,72.009,5184612,3124.25,1100.0,0.0,0.0,0.0,2436.0,1060.0
0,33,66,65,aclnnGroupedMatmulSwigluQuantWeightNzV2_GroupedMatmulSwigluQuantV2_GroupedMatmulSwigluQuantV2,GroupedMatmulSwigluQuantV2,static,MIX_AIC,1790543111291577.331	,128.462,2.618000,20,40,NO,"""576,4096;576;32;32,64,256,16,64;32,4096;32,4096""",INT8;FLOAT;INT64;DT_INT4;UINT64;FLOAT,ND;ND;ND;FRACTAL_NZ;ND;ND,"""576,2048;576""",INT8;FLOAT,ND;ND,0,118.94,4281828,112280.5,1926.5,113888.0,0.0,1376.0,0.0,0.0,130.389,9387983,3082.125,504.0,0.0,0.0,0.0,2320.0,479.0
0,33,67,65,aclnnGroupedMatmulWeightNz_GroupedMatmul_GroupedMatmul,GroupedMatmul,static,MIX_AIC,1790543111291708.493	,73.082,2.788000,20,40,NO,"""576,2048;32,2048,4096;32,4096;32,1,4096;;;;32;576""",INT8;DT_INT4;FLOAT;UINT64;FLOAT;FLOAT16;FLOAT16;INT64;FLOAT,ND;FRACTAL_NZ;ND;NCL;ND;ND;ND;ND;ND,"""576,4096""",DT_BF16,ND,0,66.769,2403700,60624.25,1930.5,59776.0,0.0,1376.0,0.0,0.0,67.288,4844716,2629.5,828.0,0.0,0.0,0.0,1915.0,790.0
0,33,68,65,aclnnGroupedMatmulSwigluQuantWeightNzV2_GroupedMatmulSwigluQuantV2_GroupedMatmulSwigluQuantV2,GroupedMatmulSwigluQuantV2,static,MIX_AIC,1790543111291784.355	,161.483,2.668000,20,40,NO,"""576,4096;576;32;32,64,256,16,64;32,4096;32,4096""",INT8;FLOAT;INT64;DT_INT4;UINT64;FLOAT,ND;ND;ND;FRACTAL_NZ;ND;ND,"""576,2048;576""",INT8;FLOAT,ND;ND,0,143.242,5156698,153216.875,1878.5,156032.0,0.0,1440.0,0.0,0.0,155.181,11173022,3054.375,486.0,0.0,0.0,0.0,2292.0,461.0
0,33,69,65,aclnnGroupedMatmulWeightNz_GroupedMatmul_GroupedMatmul,GroupedMatmul,static,MIX_AIC,1790543111291948.878	,91.382,3.267000,20,40,NO,"""576,2048;32,2048,4096;32,4096;32,1,4096;;;;32;576""",INT8;DT_INT4;FLOAT;UINT64;FLOAT;FLOAT16;FLOAT16;INT64;FLOAT,ND;FRACTAL_NZ;ND;NCL;ND;ND;ND;ND;ND,"""576,4096""",DT_BF16,ND,0,80.435,2895660,77057.0,1886.5,76544.0,0.0,1440.0,0.0,0.0,81.065,5836674,2835.25,806.0,0.0,0.0,0.0,1992.0,760.0
0,33,70,65,aclnnGroupedMatmulSwigluQuantWeightNzV2_GroupedMatmulSwigluQuantV2_GroupedMatmulSwigluQuantV2,GroupedMatmulSwigluQuantV2,static,MIX_AIC,1790543111292042.960	,145.763,2.618000,20,40,NO,"""576,4096;576;32;32,64,256,16,64;32,4096;32,4096""",INT8;FLOAT;INT64;DT_INT4;UINT64;FLOAT,ND;ND;ND;FRACTAL_NZ;ND;ND,"""576,2048;576""",INT8;FLOAT,ND;ND,0,134.513,4842465,143717.5,1558.5,145504.0,0.0,1056.0,0.0,0.0,144.277,10387959,2591.25,366.0,0.0,0.0,0.0,1828.0,341.0
0,33,71,65,aclnnGroupedMatmulWeightNz_GroupedMatmul_GroupedMatmul,GroupedMatmul,static,MIX_AIC,1790543111292191.643	,82.142,2.987000,20,40,NO,"""576,2048;32,2048,4096;32,4096;32,1,4096;;;;32;576""",INT8;DT_INT4;FLOAT;UINT64;FLOAT;FLOAT16;FLOAT16;INT64;FLOAT,ND;FRACTAL_NZ;ND;NCL;ND;ND;ND;ND;ND,"""576,4096""",DT_BF16,ND,0,73.687,2652732,72272.5,1565.5,71840.0,0.0,1056.0,0.0,0.0,74.273,5347656,2275.25,604.0,0.0,0.0,0.0,1599.0,560.0
0,33,72,65,aclnnGroupedMatmulSwigluQuantWeightNzV2_GroupedMatmulSwigluQuantV2_GroupedMatmulSwigluQuantV2,GroupedMatmulSwigluQuantV2,static,MIX_AIC,1790543111292276.585	,104.442,2.608000,20,40,NO,"""576,4096;576;32;32,64,256,16,64;32,4096;32,4096""",INT8;FLOAT;INT64;DT_INT4;UINT64;FLOAT,ND;ND;ND;FRACTAL_NZ;ND;ND,"""576,2048;576""",INT8;FLOAT,ND;ND,0,90.123,3244416,77918.875,1558.5,78944.0,0.0,960.0,0.0,0.0,100.36,7225917,2574.25,366.0,0.0,0.0,0.0,1812.0,341.0
0,33,73,65,aclnnGroupedMatmulWeightNz_GroupedMatmul_GroupedMatmul,GroupedMatmul,static,MIX_AIC,1790543111292384.027	,60.121,3.058000,20,40,NO,"""576,2048;32,2048,4096;32,4096;32,1,4096;;;;32;576""",INT8;DT_INT4;FLOAT;UINT64;FLOAT;FLOAT16;FLOAT16;INT64;FLOAT,ND;FRACTAL_NZ;ND;NCL;ND;ND;ND;ND;ND,"""576,4096""",DT_BF16,ND,0,56.035,2017262,43395.875,1558.5,42752.0,0.0,960.0,0.0,0.0,56.529,4070079,2311.125,590.0,0.0,0.0,0.0,1369.0,560.0
0,33,74,65,aclnnGroupedMatmulSwigluQuantWeightNzV2_GroupedMatmulSwigluQuantV2_GroupedMatmulSwigluQuantV2,GroupedMatmulSwigluQuantV2,static,MIX_AIC,1790543111292447.128	,163.663,3.129000,20,40,NO,"""576,4096;576;32;32,64,256,16,64;32,4096;32,4096""",INT8;FLOAT;INT64;DT_INT4;UINT64;FLOAT,ND;ND;ND;FRACTAL_NZ;ND;ND,"""576,2048;576""",INT8;FLOAT,ND;ND,0,146.279,5266031,144751.875,1814.5,146784.0,0.0,1280.0,0.0,0.0,158.135,11385706,2992.125,462.0,0.0,0.0,0.0,2228.0,437.0
0,33,75,65,aclnnGroupedMatmulWeightNz_GroupedMatmul_GroupedMatmul,GroupedMatmul,static,MIX_AIC,1790543111292613.491	,81.762,2.587000,20,40,NO,"""576,2048;32,2048,4096;32,4096;32,1,4096;;;;32;576""",INT8;DT_INT4;FLOAT;UINT64;FLOAT;FLOAT16;FLOAT16;INT64;FLOAT,ND;FRACTAL_NZ;ND;NCL;ND;ND;ND;ND;ND,"""576,4096""",DT_BF16,ND,0,75.616,2722185,72797.875,1821.5,72160.0,0.0,1280.0,0.0,0.0,76.124,5480960,2582.0,764.0,0.0,0.0,0.0,1888.0,720.0
0,33,76,65,aclnnGroupedMatmulSwigluQuantWeightNzV2_GroupedMatmulSwigluQuantV2_GroupedMatmulSwigluQuantV2,GroupedMatmulSwigluQuantV2,static,MIX_AIC,1790543111292697.853	,138.163,2.488000,20,40,NO,"""576,4096;576;32;32,64,256,16,64;32,4096;32,4096""",INT8;FLOAT;INT64;DT_INT4;UINT64;FLOAT,ND;ND;ND;FRACTAL_NZ;ND;ND,"""576,2048;576""",INT8;FLOAT,ND;ND,0,125.926,4533350,131232.875,2550.5,133152.0,0.0,1984.0,0.0,0.0,138.187,9949438,3915.0,738.25,0.0,0.0,0.0,3148.0,713.25
0,33,77,65,aclnnGroupedMatmulWeightNz_GroupedMatmul_GroupedMatmul,GroupedMatmul,static,MIX_AIC,1790543111292838.676	,75.701,2.837000,20,40,NO,"""576,2048;32,2048,4096;32,4096;32,1,4096;;;;32;576""",INT8;DT_INT4;FLOAT;UINT64;FLOAT;FLOAT16;FLOAT16;INT64;FLOAT,ND;FRACTAL_NZ;ND;NCL;ND;ND;ND;ND;ND,"""576,4096""",DT_BF16,ND,0,70.086,2523101,65994.375,2555.5,64608.0,0.0,1984.0,0.0,0.0,70.869,5102570,3346.625,1220.0,0.0,0.0,0.0,2652.0,1180.0
0,33,78,65,aclnnGroupedMatmulSwigluQuantWeightNzV2_GroupedMatmulSwigluQuantV2_GroupedMatmulSwigluQuantV2,GroupedMatmulSwigluQuantV2,static,MIX_AIC,1790543111292916.997	,141.743,2.549000,20,40,NO,"""576,4096;576;32;32,64,256,16,64;32,4096;32,4096""",INT8;FLOAT;INT64;DT_INT4;UINT64;FLOAT,ND;ND;ND;FRACTAL_NZ;ND;ND,"""576,2048;576""",INT8;FLOAT,ND;ND,0,124.97,4498902,136121.5,1718.5,138560.0,0.0,1216.0,0.0,0.0,136.552,9831708,2805.375,426.0,0.0,0.0,0.0,2044.0,401.0
0,33,79,65,aclnnGroupedMatmulWeightNz_GroupedMatmul_GroupedMatmul,GroupedMatmul,static,MIX_AIC,1790543111293061.440	,82.002,2.757000,20,40,NO,"""576,2048;32,2048,4096;32,4096;32,1,4096;;;;32;576""",INT8;DT_INT4;FLOAT;UINT64;FLOAT;FLOAT16;FLOAT16;INT64;FLOAT,ND;FRACTAL_NZ;ND;NCL;ND;ND;ND;ND;ND,"""576,4096""",DT_BF16,ND,0,72.509,2610312,68471.5,1724.5,68032.0,0.0,1216.0,0.0,0.0,73.022,5257581,2426.125,702.0,0.0,0.0,0.0,1747.0,660.0
0,33,80,65,aclnnGroupedMatmulSwigluQuantWeightNzV2_GroupedMatmulSwigluQuantV2_GroupedMatmulSwigluQuantV2,GroupedMatmulSwigluQuantV2,static,MIX_AIC,1790543111293146.442	,146.943,2.998000,20,40,NO,"""576,4096;576;32;32,64,256,16,64;32,4096;32,4096""",INT8;FLOAT;INT64;DT_INT4;UINT64;FLOAT,ND;ND;ND;FRACTAL_NZ;ND;ND,"""576,2048;576""",INT8;FLOAT,ND;ND,0,127.952,4606258,136196.875,1734.5,137792.0,0.0,1184.0,0.0,0.0,139.821,10067122,2924.25,432.0,0.0,0.0,0.0,2160.0,407.0
0,33,81,65,aclnnGroupedMatmulWeightNz_GroupedMatmul_GroupedMatmul,GroupedMatmul,static,MIX_AIC,1790543111293296.385	,80.402,3.057000,20,40,NO,"""576,2048;32,2048,4096;32,4096;32,1,4096;;;;32;576""",INT8;DT_INT4;FLOAT;UINT64;FLOAT;FLOAT16;FLOAT16;INT64;FLOAT,ND;FRACTAL_NZ;ND;NCL;ND;ND;ND;ND;ND,"""576,4096""",DT_BF16,ND,0,72.712,2617632,68494.125,1740.5,67840.0,0.0,1184.0,0.0,0.0,73.309,5278283,2443.625,712.0,0.0,0.0,0.0,1764.0,670.0
0,33,82,65,aclnnGroupedMatmulSwigluQuantWeightNzV2_GroupedMatmulSwigluQuantV2_GroupedMatmulSwigluQuantV2,GroupedMatmulSwigluQuantV2,static,MIX_AIC,1790543111293379.547	,135.662,2.598000,20,40,NO,"""576,4096;576;32;32,64,256,16,64;32,4096;32,4096""",INT8;FLOAT;INT64;DT_INT4;UINT64;FLOAT,ND;ND;ND;FRACTAL_NZ;ND;ND,"""576,2048;576""",INT8;FLOAT,ND;ND,0,121.542,4375528,118839.625,1510.5,120576.0,0.0,992.0,0.0,0.0,132.014,9504976,2565.625,348.0,0.0,0.0,0.0,1800.0,323.0
0,33,83,65,aclnnGroupedMatmulWeightNz_GroupedMatmul_GroupedMatmul,GroupedMatmul,static,MIX_AIC,1790543111293517.929	,76.922,2.838000,20,40,NO,"""576,2048;32,2048,4096;32,4096;32,1,4096;;;;32;576""",INT8;DT_INT4;FLOAT;UINT64;FLOAT;FLOAT16;FLOAT16;INT64;FLOAT,ND;FRACTAL_NZ;ND;NCL;ND;ND;ND;ND;ND,"""576,4096""",DT_BF16,ND,0,68.711,2473612,59811.375,1514.5,59392.0,0.0,992.0,0.0,0.0,69.517,5005221,2300.125,568.0,0.0,0.0,0.0,1447.0,530.0
0,33,84,65,aclnnGroupedMatmulSwigluQuantWeightNzV2_GroupedMatmulSwigluQuantV2_GroupedMatmulSwigluQuantV2,GroupedMatmulSwigluQuantV2,static,MIX_AIC,1790543111293598.011	,106.542,3.078000,20,40,NO,"""576,4096;576;32;32,64,256,16,64;32,4096;32,4096""",INT8;FLOAT;INT64;DT_INT4;UINT64;FLOAT,ND;ND;ND;FRACTAL_NZ;ND;ND,"""576,2048;576""",INT8;FLOAT,ND;ND,0,91.666,3299975,77476.375,1446.5,78688.0,0.0,864.0,0.0,0.0,102.857,7405682,2417.5,324.0,0.0,0.0,0.0,1656.0,299.0
0,33,85,65,aclnnGroupedMatmulWeightNz_GroupedMatmul_GroupedMatmul,GroupedMatmul,static,MIX_AIC,1790543111293707.253	,59.521,2.708000,20,40,NO,"""576,2048;32,2048,4096;32,4096;32,1,4096;;;;32;576""",INT8;DT_INT4;FLOAT;UINT64;FLOAT;FLOAT16;FLOAT16;INT64;FLOAT,ND;FRACTAL_NZ;ND;NCL;ND;ND;ND;ND;ND,"""576,4096""",DT_BF16,ND,0,52.968,1906860,39034.125,1445.5,38560.0,0.0,864.0,0.0,0.0,53.552,3855746,1908.375,518.0,0.0,0.0,0.0,1210.0,490.0
0,33,0,65,aclnnGroupedMatmulSwigluQuantWeightNzV2_GroupedMatmulSwigluQuantV2_GroupedMatmulSwigluQuantV2,GroupedMatmulSwigluQuantV2,static,MIX_AIC,1790543111294021.380	,198.364,254.729000,20,40,NO,"""576,4096;576;32;32,64,256,16,64;32,4096;32,4096""",INT8;FLOAT;INT64;DT_INT4;UINT64;FLOAT,ND;ND;ND;FRACTAL_NZ;ND;ND,"""576,2048;576""",INT8;FLOAT,ND;ND,0,179.654,6467526,195207.0,2054.5,197664.0,0.0,1632.0,0.0,0.0,191.763,13806954,3339.75,552.25,0.0,0.0,0.0,2576.0,527.25
0,33,1,65,aclnnGroupedMatmulWeightNz_GroupedMatmul_GroupedMatmul,GroupedMatmul,static,MIX_AIC,1790543111294222.884	,109.542,3.136000,20,40,NO,"""576,2048;32,2048,4096;32,4096;32,1,4096;;;;32;576""",INT8;DT_INT4;FLOAT;UINT64;FLOAT;FLOAT16;FLOAT16;INT64;FLOAT,ND;FRACTAL_NZ;ND;NCL;ND;ND;ND;ND;ND,"""576,4096""",DT_BF16,ND,0,98.949,3562178,98154.0,2067.5,97312.0,0.0,1632.0,0.0,0.0,99.504,7164265,3034.25,926.0,0.0,0.0,0.0,2355.0,870.0
0,33,2,65,aclnnGroupedMatmulSwigluQuantWeightNzV2_GroupedMatmulSwigluQuantV2_GroupedMatmulSwigluQuantV2,GroupedMatmulSwigluQuantV2,static,MIX_AIC,1790543111294335.206	,196.464,2.708000,20,40,NO,"""576,4096;576;32;32,64,256,16,64;32,4096;32,4096""",INT8;FLOAT;INT64;DT_INT4;UINT64;FLOAT,ND;ND;ND;FRACTAL_NZ;ND;ND,"""576,2048;576""",INT8;FLOAT,ND;ND,0,173.753,6255095,195026.625,2054.5,197920.0,0.0,1632.0,0.0,0.0,186.122,13400803,3291.25,552.25,0.0,0.0,0.0,2528.0,527.25
0,33,3,65,aclnnGroupedMatmulWeightNz_GroupedMatmul_GroupedMatmul,GroupedMatmul,static,MIX_AIC,1790543111294534.270	,108.102,2.536000,20,40,NO,"""576,2048;32,2048,4096;32,4096;32,1,4096;;;;32;576""",INT8;DT_INT4;FLOAT;UINT64;FLOAT;FLOAT16;FLOAT16;INT64;FLOAT,ND;FRACTAL_NZ;ND;NCL;ND;ND;ND;ND;ND,"""576,4096""",DT_BF16,ND,0,94.981,3419326,98028.25,2067.5,97376.0,0.0,1632.0,0.0,0.0,95.516,6877154,3168.625,926.0,0.0,0.0,0.0,2355.0,870.0
0,33,4,65,aclnnGroupedMatmulSwigluQuantWeightNzV2_GroupedMatmulSwigluQuantV2_GroupedMatmulSwigluQuantV2,GroupedMatmulSwigluQuantV2,static,MIX_AIC,1790543111294645.072	,206.024,2.648000,20,40,NO,"""576,4096;576;32;32,64,256,16,64;32,4096;32,4096""",INT8;FLOAT;INT64;DT_INT4;UINT64;FLOAT,ND;ND;ND;FRACTAL_NZ;ND;ND,"""576,2048;576""",INT8;FLOAT,ND;ND,0,186.562,6716218,210608.875,1830.5,214112.0,0.0,1408.0,0.0,0.0,198.877,14319158,3062.875,468.0,0.0,0.0,0.0,2296.0,443.0
0,33,5,65,aclnnGroupedMatmulWeightNz_GroupedMatmul_GroupedMatmul,GroupedMatmul,static,MIX_AIC,1790543111294854.076	,108.242,2.976000,20,40,NO,"""576,2048;32,2048,4096;32,4096;32,1,4096;;;;32;576""",INT8;DT_INT4;FLOAT;UINT64;FLOAT;FLOAT16;FLOAT16;INT64;FLOAT,ND;FRACTAL_NZ;ND;NCL;ND;ND;ND;ND;ND,"""576,4096""",DT_BF16,ND,0,102.9,3704387,105843.375,1845.5,105568.0,0.0,1408.0,0.0,0.0,103.45,7448369,2866.0,790.0,0.0,0.0,0.0,2169.0,730.0
0,33,6,65,aclnnGroupedMatmulSwigluQuantWeightNzV2_GroupedMatmulSwigluQuantV2_GroupedMatmulSwigluQuantV2,GroupedMatmulSwigluQuantV2,static,MIX_AIC,1790543111294965.098	,153.543,2.758000,20,40,NO,"""576,4096;576;32;32,64,256,16,64;32,4096;32,4096""",INT8;FLOAT;INT64;DT_INT4;UINT64;FLOAT,ND;ND;ND;FRACTAL_NZ;ND;ND,"""576,2048;576""",INT8;FLOAT,ND;ND,0,146.01,5256367,151746.75,1510.5,153984.0,0.0,1056.0,0.0,0.0,156.247,11249761,2532.875,348.0,0.0,0.0,0.0,1768.0,323.0
0,33,7,65,aclnnGroupedMatmulWeightNz_GroupedMatmul_GroupedMatmul,GroupedMatmul,static,MIX_AIC,1790543111295121.722	,93.121,3.207000,20,40,NO,"""576,2048;32,2048,4096;32,4096;32,1,4096;;;;32;576""",INT8;DT_INT4;FLOAT;UINT64;FLOAT;FLOAT16;FLOAT16;INT64;FLOAT,ND;FRACTAL_NZ;ND;NCL;ND;ND;ND;ND;ND,"""576,4096""",DT_BF16,ND,0,81.632,2938747,76322.625,1518.5,76032.0,0.0,1056.0,0.0,0.0,82.141,5914168,2516.625,576.0,0.0,0.0,0.0,1578.0,530.0
0,33,8,65,aclnnGroupedMatmulSwigluQuantWeightNzV2_GroupedMatmulSwigluQuantV2_GroupedMatmulSwigluQuantV2,GroupedMatmulSwigluQuantV2,static,MIX_AIC,1790543111295217.543	,138.343,2.629000,20,40,NO,"""576,4096;576;32;32,64,256,16,64;32,4096;32,4096""",INT8;FLOAT;INT64;DT_INT4;UINT64;FLOAT,ND;ND;ND;FRACTAL_NZ;ND;ND,"""576,2048;576""",INT8;FLOAT,ND;ND,0,123.67,4452111,126615.125,1398.5,128288.0,0.0,896.0,0.0,0.0,134.027,9649922,2392.25,306.0,0.0,0.0,0.0,1628.0,281.0
0,33,9,65,aclnnGroupedMatmulWeightNz_GroupedMatmul_GroupedMatmul,GroupedMatmul,static,MIX_AIC,1790543111295358.966	,75.442,3.157000,20,40,NO,"""576,2048;32,2048,4096;32,4096;32,1,4096;;;;32;576""",INT8;DT_INT4;FLOAT;UINT64;FLOAT;FLOAT16;FLOAT16;INT64;FLOAT,ND;FRACTAL_NZ;ND;NCL;ND;ND;ND;ND;ND,"""576,4096""",DT_BF16,ND,0,72.083,2594981,63679.625,1403.5,63392.0,0.0,896.0,0.0,0.0,72.701,5234444,2029.25,500.0,0.0,0.0,0.0,1353.0,460.0
0,33,10,65,aclnnGroupedMatmulSwigluQuantWeightNzV2_GroupedMatmulSwigluQuantV2_GroupedMatmulSwigluQuantV2,GroupedMatmulSwigluQuantV2,static,MIX_AIC,1790543111295437.268	,136.203,2.808000,20,40,NO,"""576,4096;576;32;32,64,256,16,64;32,4096;32,4096""",INT8;FLOAT;INT64;DT_INT4;UINT64;FLOAT,ND;ND;ND;FRACTAL_NZ;ND;ND,"""576,2048;576""",INT8;FLOAT,ND;ND,0,127.023,4572817,126718.5,1430.5,129312.0,0.0,960.0,0.0,0.0,137.454,9896711,2439.75,318.0,0.0,0.0,0.0,1668.0,293.0
0,33,11,65,aclnnGroupedMatmulWeightNz_GroupedMatmul_GroupedMatmul,GroupedMatmul,static,MIX_AIC,1790543111295576.271	,76.721,2.797000,20,40,NO,"""576,2048;32,2048,4096;32,4096;32,1,4096;;;;32;576""",INT8;DT_INT4;FLOAT;UINT64;FLOAT;FLOAT16;FLOAT16;INT64;FLOAT,ND;FRACTAL_NZ;ND;NCL;ND;ND;ND;ND;ND,"""576,4096""",DT_BF16,ND,0,71.469,2572888,63740.75,1435.5,63648.0,0.0,960.0,0.0,0.0,72.052,5187777,2110.375,520.0,0.0,0.0,0.0,1389.0,480.0
0,33,12,65,aclnnGroupedMatmulSwigluQuantWeightNzV2_GroupedMatmulSwigluQuantV2_GroupedMatmulSwigluQuantV2,GroupedMatmulSwigluQuantV2,static,MIX_AIC,1790543111295655.732	,182.444,2.779000,20,40,NO,"""576,4096;576;32;32,64,256,16,64;32,4096;32,4096""",INT8;FLOAT;INT64;DT_INT4;UINT64;FLOAT,ND;ND;ND;FRACTAL_NZ;ND;ND,"""576,2048;576""",INT8;FLOAT,ND;ND,0,158.152,5693476,181799.0,2854.5,184288.0,0.0,2400.0,0.0,0.0,171.799,12369528,4413.25,852.125,0.0,0.0,0.0,3640.0,827.125
0,33,13,65,aclnnGroupedMatmulWeightNz_GroupedMatmul_GroupedMatmul,GroupedMatmul,static,MIX_AIC,1790543111295840.896	,99.522,2.806000,20,40,NO,"""576,2048;32,2048,4096;32,4096;32,1,4096;;;;32;576""",INT8;DT_INT4;FLOAT;UINT64;FLOAT;FLOAT16;FLOAT16;INT64;FLOAT,ND;FRACTAL_NZ;ND;NCL;ND;ND;ND;ND;ND,"""576,4096""",DT_BF16,ND,0,91.68,3300468,91387.25,2865.5,89824.0,0.0,2400.0,0.0,0.0,92.41,6653530,3908.625,1422.0,0.0,0.0,0.0,3192.0,1370.0
0,33,14,65,aclnnGroupedMatmulSwigluQuantWeightNzV2_GroupedMatmulSwigluQuantV2_GroupedMatmulSwigluQuantV2,GroupedMatmulSwigluQuantV2,static,MIX_AIC,1790543111295943.518	,143.023,2.978000,20,40,NO,"""576,4096;576;32;32,64,256,16,64;32,4096;32,4096""",INT8;FLOAT;INT64;DT_INT4;UINT64;FLOAT,ND;ND;ND;FRACTAL_NZ;ND;ND,"""576,2048;576""",INT8;FLOAT,ND;ND,0,127.899,4604362,135102.125,1462.5,137280.0,0.0,1024.0,0.0,0.0,138.002,9936160,2486.875,330.0,0.0,0.0,0.0,1724.0,305.0
0,33,15,65,aclnnGroupedMatmulWeightNz_GroupedMatmul_GroupedMatmul,GroupedMatmul,static,MIX_AIC,1790543111296089.161	,81.101,2.727000,20,40,NO,"""576,2048;32,2048,4096;32,4096;32,1,4096;;;;32;576""",INT8;DT_INT4;FLOAT;UINT64;FLOAT;FLOAT16;FLOAT16;INT64;FLOAT,ND;FRACTAL_NZ;ND;NCL;ND;ND;ND;ND;ND,"""576,4096""",DT_BF16,ND,0,72.678,2616420,67939.875,1468.5,67712.0,0.0,1024.0,0.0,0.0,73.28,5276133,2143.375,542.0,0.0,0.0,0.0,1458.0,500.0
0,33,16,65,aclnnGroupedMatmulSwigluQuantWeightNzV2_GroupedMatmulSwigluQuantV2_GroupedMatmulSwigluQuantV2,GroupedMatmulSwigluQuantV2,static,MIX_AIC,1790543111296172.923	,124.942,2.649000,20,40,NO,"""576,4096;576;32;32,64,256,16,64;32,4096;32,4096""",INT8;FLOAT;INT64;DT_INT4;UINT64;FLOAT,ND;ND;ND;FRACTAL_NZ;ND;ND,"""576,2048;576""",INT8;FLOAT,ND;ND,0,118.235,4256453,110418.25,1462.5,112352.0,0.0,928.0,0.0,0.0,128.621,9260714,2502.375,330.0,0.0,0.0,0.0,1740.0,305.0
0,33,17,65,aclnnGroupedMatmulWeightNz_GroupedMatmul_GroupedMatmul,GroupedMatmul,static,MIX_AIC,1790543111296300.945	,74.062,3.058000,20,40,NO,"""576,2048;32,2048,4096;32,4096;32,1,4096;;;;32;576""",INT8;DT_INT4;FLOAT;UINT64;FLOAT;FLOAT16;FLOAT16;INT64;FLOAT,ND;FRACTAL_NZ;ND;NCL;ND;ND;ND;ND;ND,"""576,4096""",DT_BF16,ND,0,65.067,2342397,55569.0,1465.5,55264.0,0.0,928.0,0.0,0.0,66.004,4752310,2034.625,536.0,0.0,0.0,0.0,1360.0,500.0
0,33,18,65,aclnnGroupedMatmulSwigluQuantWeightNzV2_GroupedMatmulSwigluQuantV2_GroupedMatmulSwigluQuantV2,GroupedMatmulSwigluQuantV2,static,MIX_AIC,1790543111296377.967	,145.583,2.938000,20,40,NO,"""576,4096;576;32;32,64,256,16,64;32,4096;32,4096""",INT8;FLOAT;INT64;DT_INT4;UINT64;FLOAT,ND;ND;ND;FRACTAL_NZ;ND;ND,"""576,2048;576""",INT8;FLOAT,ND;ND,0,130.87,4711332,136611.75,1846.5,138560.0,0.0,1344.0,0.0,0.0,142.48,10258593,3032.625,474.0,0.0,0.0,0.0,2268.0,449.0
0,33,19,65,aclnnGroupedMatmulWeightNz_GroupedMatmul_GroupedMatmul,GroupedMatmul,static,MIX_AIC,1790543111296526.710	,84.461,3.167000,20,40,NO,"""576,2048;32,2048,4096;32,4096;32,1,4096;;;;32;576""",INT8;DT_INT4;FLOAT;UINT64;FLOAT;FLOAT16;FLOAT16;INT64;FLOAT,ND;FRACTAL_NZ;ND;NCL;ND;ND;ND;ND;ND,"""576,4096""",DT_BF16,ND,0,78.818,2837464,68676.0,1852.5,68032.0,0.0,1344.0,0.0,0.0,79.352,5713366,2605.25,782.0,0.0,0.0,0.0,1891.0,740.0
0,33,20,65,aclnnGroupedMatmulSwigluQuantWeightNzV2_GroupedMatmulSwigluQuantV2_GroupedMatmulSwigluQuantV2,GroupedMatmulSwigluQuantV2,static,MIX_AIC,1790543111296614.131	,166.684,3.039000,20,40,NO,"""576,4096;576;32;32,64,256,16,64;32,4096;32,4096""",INT8;FLOAT;INT64;DT_INT4;UINT64;FLOAT,ND;ND;ND;FRACTAL_NZ;ND;ND,"""576,2048;576""",INT8;FLOAT,ND;ND,0,153.814,5537311,162618.625,2182.5,164768.0,0.0,1696.0,0.0,0.0,166.121,11960700,3485.125,600.25,0.0,0.0,0.0,2720.0,575.25
0,33,21,65,aclnnGroupedMatmulWeightNz_GroupedMatmul_GroupedMatmul,GroupedMatmul,static,MIX_AIC,1790543111296783.555	,92.302,2.566000,20,40,NO,"""576,2048;32,2048,4096;32,4096;32,1,4096;;;;32;576""",INT8;DT_INT4;FLOAT;UINT64;FLOAT;FLOAT16;FLOAT16;INT64;FLOAT,ND;FRACTAL_NZ;ND;NCL;ND;ND;ND;ND;ND,"""576,4096""",DT_BF16,ND,0,84.527,3042960,81745.375,2191.5,80800.0,0.0,1696.0,0.0,0.0,85.106,6127667,3188.0,998.0,0.0,0.0,0.0,2368.0,950.0
0,33,22,65,aclnnGroupedMatmulSwigluQuantWeightNzV2_GroupedMatmulSwigluQuantV2_GroupedMatmulSwigluQuantV2,GroupedMatmulSwigluQuantV2,static,MIX_AIC,1790543111296878.937	,131.782,3.198000,20,40,NO,"""576,4096;576;32;32,64,256,16,64;32,4096;32,4096""",INT8;FLOAT;INT64;DT_INT4;UINT64;FLOAT,ND;ND;ND;FRACTAL_NZ;ND;ND,"""576,2048;576""",INT8;FLOAT,ND;ND,0,115.84,4170239,111422.25,1718.5,112608.0,0.0,1216.0,0.0,0.0,126.971,9141918,2823.0,426.0,0.0,0.0,0.0,2060.0,401.0
0,33,23,65,aclnnGroupedMatmulWeightNz_GroupedMatmul_GroupedMatmul,GroupedMatmul,static,MIX_AIC,1790543111297013.659	,76.602,2.968000,20,40,NO,"""576,2048;32,2048,4096;32,4096;32,1,4096;;;;32;576""",INT8;DT_INT4;FLOAT;UINT64;FLOAT;FLOAT16;FLOAT16;INT64;FLOAT,ND;FRACTAL_NZ;ND;NCL;ND;ND;ND;ND;ND,"""576,4096""",DT_BF16,ND,0,66.542,2395524,56037.375,1721.5,55328.0,0.0,1216.0,0.0,0.0,67.149,4834694,2338.625,696.0,0.0,0.0,0.0,1647.0,660.0
0,33,24,65,aclnnGroupedMatmulSwigluQuantWeightNzV2_GroupedMatmulSwigluQuantV2_GroupedMatmulSwigluQuantV2,GroupedMatmulSwigluQuantV2,static,MIX_AIC,1790543111297093.181	,146.923,2.898000,20,40,NO,"""576,4096;576;32;32,64,256,16,64;32,4096;32,4096""",INT8;FLOAT;INT64;DT_INT4;UINT64;FLOAT,ND;ND;ND;FRACTAL_NZ;ND;ND,"""576,2048;576""",INT8;FLOAT,ND;ND,0,130.459,4696537,136297.625,1766.5,138560.0,0.0,1280.0,0.0,0.0,142.437,10255450,2914.375,444.0,0.0,0.0,0.0,2152.0,419.0
0,33,25,65,aclnnGroupedMatmulWeightNz_GroupedMatmul_GroupedMatmul,GroupedMatmul,static,MIX_AIC,1790543111297243.144	,85.282,3.077000,20,40,NO,"""576,2048;32,2048,4096;32,4096;32,1,4096;;;;32;576""",INT8;DT_INT4;FLOAT;UINT64;FLOAT;FLOAT16;FLOAT16;INT64;FLOAT,ND;FRACTAL_NZ;ND;NCL;ND;ND;ND;ND;ND,"""576,4096""",DT_BF16,ND,0,75.614,2722097,68568.25,1772.5,68032.0,0.0,1280.0,0.0,0.0,76.39,5500061,2742.0,732.0,0.0,0.0,0.0,1800.0,690.0
0,33,26,65,aclnnGroupedMatmulSwigluQuantWeightNzV2_GroupedMatmulSwigluQuantV2_GroupedMatmulSwigluQuantV2,GroupedMatmulSwigluQuantV2,static,MIX_AIC,1790543111297331.146	,144.203,2.718000,20,40,NO,"""576,4096;576;32;32,64,256,16,64;32,4096;32,4096""",INT8;FLOAT;INT64;DT_INT4;UINT64;FLOAT,ND;ND;ND;FRACTAL_NZ;ND;ND,"""576,2048;576""",INT8;FLOAT,ND;ND,0,142.611,5133997,128359.375,1830.5,130336.0,0.0,1312.0,0.0,0.0,154.855,11149578,3011.5,468.0,0.0,0.0,0.0,2248.0,443.0
0,33,27,65,aclnnGroupedMatmulWeightNz_GroupedMatmul_GroupedMatmul,GroupedMatmul,static,MIX_AIC,1790543111297478.029	,75.181,2.547000,20,40,NO,"""576,2048;32,2048,4096;32,4096;32,1,4096;;;;32;576""",INT8;DT_INT4;FLOAT;UINT64;FLOAT;FLOAT16;FLOAT16;INT64;FLOAT,ND;FRACTAL_NZ;ND;NCL;ND;ND;ND;ND;ND,"""576,4096""",DT_BF16,ND,0,70.937,2553749,64567.375,1835.5,63904.0,0.0,1312.0,0.0,0.0,71.784,5168443,2530.375,770.0,0.0,0.0,0.0,1840.0,730.0
0,33,28,65,aclnnGroupedMatmulSwigluQuantWeightNzV2_GroupedMatmulSwigluQuantV2_GroupedMatmulSwigluQuantV2,GroupedMatmulSwigluQuantV2,static,MIX_AIC,1790543111297556.250	,143.443,3.069000,20,40,NO,"""576,4096;576;32;32,64,256,16,64;32,4096;32,4096""",INT8;FLOAT;INT64;DT_INT4;UINT64;FLOAT,ND;ND;ND;FRACTAL_NZ;ND;ND,"""576,2048;576""",INT8;FLOAT,ND;ND,0,127.094,4575394,138818.5,2390.5,140864.0,0.0,1888.0,0.0,0.0,139.587,10050269,3761.5,678.25,0.0,0.0,0.0,2996.0,653.25
0,33,29,65,aclnnGroupedMatmulWeightNz_GroupedMatmul_GroupedMatmul,GroupedMatmul,static,MIX_AIC,1790543111297702.533	,84.902,2.807000,20,40,NO,"""576,2048;32,2048,4096;32,4096;32,1,4096;;;;32;576""",INT8;DT_INT4;FLOAT;UINT64;FLOAT;FLOAT16;FLOAT16;INT64;FLOAT,ND;FRACTAL_NZ;ND;NCL;ND;ND;ND;ND;ND,"""576,4096""",DT_BF16,ND,0,74.617,2686224,69809.375,2396.5,68608.0,0.0,1888.0,0.0,0.0,75.291,5420984,3186.5,1122.0,0.0,0.0,0.0,2503.0,1080.0
0,33,30,65,aclnnGroupedMatmulSwigluQuantWeightNzV2_GroupedMatmulSwigluQuantV2_GroupedMatmulSwigluQuantV2,GroupedMatmulSwigluQuantV2,static,MIX_AIC,1790543111297790.555	,108.922,3.098000,20,40,NO,"""576,4096;576;32;32,64,256,16,64;32,4096;32,4096""",INT8;FLOAT;INT64;DT_INT4;UINT64;FLOAT,ND;ND;ND;FRACTAL_NZ;ND;ND,"""576,2048;576""",INT8;FLOAT,ND;ND,0,91.988,3311566,86202.25,1574.5,87424.0,0.0,1024.0,0.0,0.0,103.509,7452655,2610.5,372.0,0.0,0.0,0.0,1848.0,347.0
0,33,31,65,aclnnGroupedMatmulWeightNz_GroupedMatmul_GroupedMatmul,GroupedMatmul,static,MIX_AIC,1790543111297902.237	,59.501,2.828000,20,40,NO,"""576,2048;32,2048,4096;32,4096;32,1,4096;;;;32;576""",INT8;DT_INT4;FLOAT;UINT64;FLOAT;FLOAT16;FLOAT16;INT64;FLOAT,ND;FRACTAL_NZ;ND;NCL;ND;ND;ND;ND;ND,"""576,4096""",DT_BF16,ND,0,55.179,1986431,43417.375,1574.5,42816.0,0.0,1024.0,0.0,0.0,55.925,4026564,2255.5,600.0,0.0,0.0,0.0,1387.0,570.0
0,33,32,65,aclnnGroupedMatmulSwigluQuantWeightNzV2_GroupedMatmulSwigluQuantV2_GroupedMatmulSwigluQuantV2,GroupedMatmulSwigluQuantV2,static,MIX_AIC,1790543111297964.738	,123.963,2.999000,20,40,NO,"""576,4096;576;32;32,64,256,16,64;32,4096;32,4096""",INT8;FLOAT;INT64;DT_INT4;UINT64;FLOAT,ND;ND;ND;FRACTAL_NZ;ND;ND,"""576,2048;576""",INT8;FLOAT,ND;ND,0,106.904,3848557,103290.625,1734.5,104384.0,0.0,1184.0,0.0,0.0,118.041,8498981,2793.0,432.0,0.0,0.0,0.0,2032.0,407.0
0,33,33,65,aclnnGroupedMatmulWeightNz_GroupedMatmul_GroupedMatmul,GroupedMatmul,static,MIX_AIC,1790543111298091.561	,67.181,2.787000,20,40,NO,"""576,2048;32,2048,4096;32,4096;32,1,4096;;;;32;576""",INT8;DT_INT4;FLOAT;UINT64;FLOAT;FLOAT16;FLOAT16;INT64;FLOAT,ND;FRACTAL_NZ;ND;NCL;ND;ND;ND;ND;ND,"""576,4096""",DT_BF16,ND,0,62.81,2261168,51979.25,1736.5,51200.0,0.0,1184.0,0.0,0.0,63.39,4564070,2319.0,704.0,0.0,0.0,0.0,1632.0,670.0
0,33,34,65,aclnnGroupedMatmulSwigluQuantWeightNzV2_GroupedMatmulSwigluQuantV2_GroupedMatmulSwigluQuantV2,GroupedMatmulSwigluQuantV2,static,MIX_AIC,1790543111298161.382	,152.243,2.819000,20,40,NO,"""576,4096;576;32;32,64,256,16,64;32,4096;32,4096""",INT8;FLOAT;INT64;DT_INT4;UINT64;FLOAT,ND;ND;ND;FRACTAL_NZ;ND;ND,"""576,2048;576""",INT8;FLOAT,ND;ND,0,135.705,4885368,140601.625,2838.5,141632.0,0.0,2304.0,0.0,0.0,149.579,10769681,4307.0,846.25,0.0,0.0,0.0,3540.0,821.25
0,33,35,65,aclnnGroupedMatmulWeightNz_GroupedMatmul_GroupedMatmul,GroupedMatmul,static,MIX_AIC,1790543111298316.745	,86.502,3.007000,20,40,NO,"""576,2048;32,2048,4096;32,4096;32,1,4096;;;;32;576""",INT8;DT_INT4;FLOAT;UINT64;FLOAT;FLOAT16;FLOAT16;INT64;FLOAT,ND;FRACTAL_NZ;ND;NCL;ND;ND;ND;ND;ND,"""576,4096""",DT_BF16,ND,0,79.691,2868858,74827.0,2845.5,72928.0,0.0,2304.0,0.0,0.0,80.502,5796126,3721.625,1404.0,0.0,0.0,0.0,3042.0,1360.0
0,33,36,65,aclnnGroupedMatmulSwigluQuantWeightNzV2_GroupedMatmulSwigluQuantV2_GroupedMatmulSwigluQuantV2,GroupedMatmulSwigluQuantV2,static,MIX_AIC,1790543111298405.927	,130.543,2.748000,20,40,NO,"""576,4096;576;32;32,64,256,16,64;32,4096;32,4096""",INT8;FLOAT;INT64;DT_INT4;UINT64;FLOAT,ND;ND;ND;FRACTAL_NZ;ND;ND,"""576,2048;576""",INT8;FLOAT,ND;ND,0,113.482,4085334,111305.0,1686.5,112864.0,0.0,1152.0,0.0,0.0,124.743,8981513,2815.125,414.0,0.0,0.0,0.0,2052.0,389.0
0,33,37,65,aclnnGroupedMatmulWeightNz_GroupedMatmul_GroupedMatmul,GroupedMatmul,static,MIX_AIC,1790543111298539.430	,77.181,2.957000,20,40,NO,"""576,2048;32,2048,4096;32,4096;32,1,4096;;;;32;576""",INT8;DT_INT4;FLOAT;UINT64;FLOAT;FLOAT16;FLOAT16;INT64;FLOAT,ND;FRACTAL_NZ;ND;NCL;ND;ND;ND;ND;ND,"""576,4096""",DT_BF16,ND,0,68.267,2457629,56005.25,1689.5,55392.0,0.0,1152.0,0.0,0.0,68.823,4955285,2290.5,676.0,0.0,0.0,0.0,1612.0,640.0
0,33,38,65,aclnnGroupedMatmulSwigluQuantWeightNzV2_GroupedMatmulSwigluQuantV2_GroupedMatmulSwigluQuantV2,GroupedMatmulSwigluQuantV2,static,MIX_AIC,1790543111298619.611	,189.664,2.819000,20,40,NO,"""576,4096;576;32;32,64,256,16,64;32,4096;32,4096""",INT8;FLOAT;INT64;DT_INT4;UINT64;FLOAT,ND;ND;ND;FRACTAL_NZ;ND;ND,"""576,2048;576""",INT8;FLOAT,ND;ND,0,170.193,6126945,195217.75,2102.5,197920.0,0.0,1568.0,0.0,0.0,182.447,13136219,3417.75,570.0,0.0,0.0,0.0,2652.0,545.0
0,33,39,65,aclnnGroupedMatmulWeightNz_GroupedMatmul_GroupedMatmul,GroupedMatmul,static,MIX_AIC,1790543111298812.095	,107.082,2.836000,20,40,NO,"""576,2048;32,2048,4096;32,4096;32,1,4096;;;;32;576""",INT8;DT_INT4;FLOAT;UINT64;FLOAT;FLOAT16;FLOAT16;INT64;FLOAT,ND;FRACTAL_NZ;ND;NCL;ND;ND;ND;ND;ND,"""576,4096""",DT_BF16,ND,0,97.63,3514687,98110.625,2115.5,97376.0,0.0,1568.0,0.0,0.0,98.162,7067632,3104.25,956.0,0.0,0.0,0.0,2409.0,900.0
0,33,40,65,aclnnGroupedMatmulSwigluQuantWeightNzV2_GroupedMatmulSwigluQuantV2_GroupedMatmulSwigluQuantV2,GroupedMatmulSwigluQuantV2,static,MIX_AIC,1790543111298921.937	,145.583,2.918000,20,40,NO,"""576,4096;576;32;32,64,256,16,64;32,4096;32,4096""",INT8;FLOAT;INT64;DT_INT4;UINT64;FLOAT,ND;ND;ND;FRACTAL_NZ;ND;ND,"""576,2048;576""",INT8;FLOAT,ND;ND,0,134.297,4834698,121895.75,2278.5,123648.0,0.0,1760.0,0.0,0.0,147.2,10598378,3606.75,636.375,0.0,0.0,0.0,2840.0,611.375
0,33,41,65,aclnnGroupedMatmulWeightNz_GroupedMatmul_GroupedMatmul,GroupedMatmul,static,MIX_AIC,1790543111299070.680	,80.562,3.167000,20,40,NO,"""576,2048;32,2048,4096;32,4096;32,1,4096;;;;32;576""",INT8;DT_INT4;FLOAT;UINT64;FLOAT;FLOAT16;FLOAT16;INT64;FLOAT,ND;FRACTAL_NZ;ND;NCL;ND;ND;ND;ND;ND,"""576,4096""",DT_BF16,ND,0,72.715,2617740,61323.125,2282.5,60160.0,0.0,1760.0,0.0,0.0,73.342,5280591,3269.875,1048.0,0.0,0.0,0.0,2312.0,1010.0
0,33,42,65,aclnnGroupedMatmulSwigluQuantWeightNzV2_GroupedMatmulSwigluQuantV2_GroupedMatmulSwigluQuantV2,GroupedMatmulSwigluQuantV2,static,MIX_AIC,1790543111299153.802	,161.943,2.438000,20,40,NO,"""576,4096;576;32;32,64,256,16,64;32,4096;32,4096""",INT8;FLOAT;INT64;DT_INT4;UINT64;FLOAT,ND;ND;ND;FRACTAL_NZ;ND;ND,"""576,2048;576""",INT8;FLOAT,ND;ND,0,142.109,5115934,153663.25,1990.5,155776.0,0.0,1536.0,0.0,0.0,154.402,11116937,3195.125,528.25,0.0,0.0,0.0,2432.0,503.25
0,33,43,65,aclnnGroupedMatmulWeightNz_GroupedMatmul_GroupedMatmul,GroupedMatmul,static,MIX_AIC,1790543111299318.605	,90.962,2.807000,20,40,NO,"""576,2048;32,2048,4096;32,4096;32,1,4096;;;;32;576""",INT8;DT_INT4;FLOAT;UINT64;FLOAT;FLOAT16;FLOAT16;INT64;FLOAT,ND;FRACTAL_NZ;ND;NCL;ND;ND;ND;ND;ND,"""576,4096""",DT_BF16,ND,0,80.393,2894145,77261.625,1998.5,76480.0,0.0,1536.0,0.0,0.0,80.943,5827862,2902.5,876.0,0.0,0.0,0.0,2118.0,830.0
0,33,44,65,aclnnGroupedMatmulSwigluQuantWeightNzV2_GroupedMatmulSwigluQuantV2_GroupedMatmulSwigluQuantV2,GroupedMatmulSwigluQuantV2,static,MIX_AIC,1790543111299412.647	,152.183,3.288000,20,40,NO,"""576,4096;576;32;32,64,256,16,64;32,4096;32,4096""",INT8;FLOAT;INT64;DT_INT4;UINT64;FLOAT,ND;ND;ND;FRACTAL_NZ;ND;ND,"""576,2048;576""",INT8;FLOAT,ND;ND,0,132.605,4773791,144990.125,1878.5,146528.0,0.0,1344.0,0.0,0.0,144.19,10381677,3023.0,486.0,0.0,0.0,0.0,2260.0,461.0
0,33,45,65,aclnnGroupedMatmulWeightNz_GroupedMatmul_GroupedMatmul,GroupedMatmul,static,MIX_AIC,1790543111299567.450	,86.682,2.567000,20,40,NO,"""576,2048;32,2048,4096;32,4096;32,1,4096;;;;32;576""",INT8;DT_INT4;FLOAT;UINT64;FLOAT;FLOAT16;FLOAT16;INT64;FLOAT,ND;FRACTAL_NZ;ND;NCL;ND;ND;ND;ND;ND,"""576,4096""",DT_BF16,ND,0,80.264,2889509,72905.125,1885.5,72096.0,0.0,1344.0,0.0,0.0,80.93,5826957,2639.625,804.0,0.0,0.0,0.0,1959.0,760.0
0,33,46,65,aclnnGroupedMatmulSwigluQuantWeightNzV2_GroupedMatmulSwigluQuantV2_GroupedMatmulSwigluQuantV2,GroupedMatmulSwigluQuantV2,static,MIX_AIC,1790543111299658.672	,157.243,4.568000,20,40,NO,"""576,4096;576;32;32,64,256,16,64;32,4096;32,4096""",INT8;FLOAT;INT64;DT_INT4;UINT64;FLOAT,ND;ND;ND;FRACTAL_NZ;ND;ND,"""576,2048;576""",INT8;FLOAT,ND;ND,0,143.919,5181081,152956.625,1814.5,155520.0,0.0,1344.0,0.0,0.0,154.872,11150811,2960.5,462.0,0.0,0.0,0.0,2196.0,437.0
0,33,47,65,aclnnGroupedMatmulWeightNz_GroupedMatmul_GroupedMatmul,GroupedMatmul,static,MIX_AIC,1790543111299818.895	,91.742,3.007000,20,40,NO,"""576,2048;32,2048,4096;32,4096;32,1,4096;;;;32;576""",INT8;DT_INT4;FLOAT;UINT64;FLOAT;FLOAT16;FLOAT16;INT64;FLOAT,ND;FRACTAL_NZ;ND;NCL;ND;ND;ND;ND;ND,"""576,4096""",DT_BF16,ND,0,80.821,2909571,76913.625,1822.5,76416.0,0.0,1344.0,0.0,0.0,81.339,5856404,2619.75,766.0,0.0,0.0,0.0,1921.0,720.0
0,33,48,65,aclnnGroupedMatmulSwigluQuantWeightNzV2_GroupedMatmulSwigluQuantV2_GroupedMatmulSwigluQuantV2,GroupedMatmulSwigluQuantV2,static,MIX_AIC,1790543111299913.617	,143.023,2.758000,20,40,NO,"""576,4096;576;32;32,64,256,16,64;32,4096;32,4096""",INT8;FLOAT;INT64;DT_INT4;UINT64;FLOAT,ND;ND;ND;FRACTAL_NZ;ND;ND,"""576,2048;576""",INT8;FLOAT,ND;ND,0,130.281,4690124,139333.375,2518.5,141376.0,0.0,2016.0,0.0,0.0,143.186,10309364,3907.0,726.25,0.0,0.0,0.0,3140.0,701.25
0,33,49,65,aclnnGroupedMatmulWeightNz_GroupedMatmul_GroupedMatmul,GroupedMatmul,static,MIX_AIC,1790543111300059.220	,89.222,2.727000,20,40,NO,"""576,2048;32,2048,4096;32,4096;32,1,4096;;;;32;576""",INT8;DT_INT4;FLOAT;UINT64;FLOAT;FLOAT16;FLOAT16;INT64;FLOAT,ND;FRACTAL_NZ;ND;NCL;ND;ND;ND;ND;ND,"""576,4096""",DT_BF16,ND,0,82.568,2972436,74215.375,2525.5,72864.0,0.0,2016.0,0.0,0.0,83.42,6006226,3545.875,1204.0,0.0,0.0,0.0,2682.0,1160.0
0,33,50,65,aclnnGroupedMatmulSwigluQuantWeightNzV2_GroupedMatmulSwigluQuantV2_GroupedMatmulSwigluQuantV2,GroupedMatmulSwigluQuantV2,static,MIX_AIC,1790543111300151.462	,159.183,3.028000,20,40,NO,"""576,4096;576;32;32,64,256,16,64;32,4096;32,4096""",INT8;FLOAT;INT64;DT_INT4;UINT64;FLOAT,ND;ND;ND;FRACTAL_NZ;ND;ND,"""576,2048;576""",INT8;FLOAT,ND;ND,0,140.981,5075305,153537.125,1958.5,155520.0,0.0,1440.0,0.0,0.0,153.458,11048957,3205.875,516.25,0.0,0.0,0.0,2440.0,491.25
0,33,51,65,aclnnGroupedMatmulWeightNz_GroupedMatmul_GroupedMatmul,GroupedMatmul,static,MIX_AIC,1790543111300313.585	,93.442,2.817000,20,40,NO,"""576,2048;32,2048,4096;32,4096;32,1,4096;;;;32;576""",INT8;DT_INT4;FLOAT;UINT64;FLOAT;FLOAT16;FLOAT16;INT64;FLOAT,ND;FRACTAL_NZ;ND;NCL;ND;ND;ND;ND;ND,"""576,4096""",DT_BF16,ND,0,82.017,2952626,77186.375,1966.5,76416.0,0.0,1440.0,0.0,0.0,82.694,5953980,2761.25,856.0,0.0,0.0,0.0,2083.0,810.0
0,33,52,65,aclnnGroupedMatmulSwigluQuantWeightNzV2_GroupedMatmulSwigluQuantV2_GroupedMatmulSwigluQuantV2,GroupedMatmulSwigluQuantV2,static,MIX_AIC,1790543111300410.087	,140.823,3.058000,20,40,NO,"""576,4096;576;32;32,64,256,16,64;32,4096;32,4096""",INT8;FLOAT;INT64;DT_INT4;UINT64;FLOAT,ND;ND;ND;FRACTAL_NZ;ND;ND,"""576,2048;576""",INT8;FLOAT,ND;ND,0,122.419,4407083,121642.5,2214.5,123648.0,0.0,1760.0,0.0,0.0,134.869,9710556,3477.625,612.375,0.0,0.0,0.0,2712.0,587.375
0,33,53,65,aclnnGroupedMatmulWeightNz_GroupedMatmul_GroupedMatmul,GroupedMatmul,static,MIX_AIC,1790543111300554.030	,74.642,3.177000,20,40,NO,"""576,2048;32,2048,4096;32,4096;32,1,4096;;;;32;576""",INT8;DT_INT4;FLOAT;UINT64;FLOAT;FLOAT16;FLOAT16;INT64;FLOAT,ND;FRACTAL_NZ;ND;NCL;ND;ND;ND;ND;ND,"""576,4096""",DT_BF16,ND,0,67.063,2414283,61187.5,2218.5,60160.0,0.0,1760.0,0.0,0.0,67.7,4874376,2914.625,1008.0,0.0,0.0,0.0,2240.0,970.0
0,33,54,65,aclnnGroupedMatmulSwigluQuantWeightNzV2_GroupedMatmulSwigluQuantV2_GroupedMatmulSwigluQuantV2,GroupedMatmulSwigluQuantV2,static,MIX_AIC,1790543111300631.832	,146.503,3.108000,20,40,NO,"""576,4096;576;32;32,64,256,16,64;32,4096;32,4096""",INT8;FLOAT;INT64;DT_INT4;UINT64;FLOAT,ND;ND;ND;FRACTAL_NZ;ND;ND,"""576,2048;576""",INT8;FLOAT,ND;ND,0,129.141,4649080,119653.75,1718.5,121088.0,0.0,1152.0,0.0,0.0,139.18,10020947,2807.375,426.0,0.0,0.0,0.0,2044.0,401.0
0,33,55,65,aclnnGroupedMatmulWeightNz_GroupedMatmul_GroupedMatmul,GroupedMatmul,static,MIX_AIC,1790543111300781.435	,80.661,3.247000,20,40,NO,"""576,2048;32,2048,4096;32,4096;32,1,4096;;;;32;576""",INT8;DT_INT4;FLOAT;UINT64;FLOAT;FLOAT16;FLOAT16;INT64;FLOAT,ND;FRACTAL_NZ;ND;NCL;ND;ND;ND;ND;ND,"""576,4096""",DT_BF16,ND,0,74.298,2674737,60192.75,1722.5,59520.0,0.0,1152.0,0.0,0.0,74.843,5388704,2668.875,698.0,0.0,0.0,0.0,1680.0,660.0
0,33,56,65,aclnnGroupedMatmulSwigluQuantWeightNzV2_GroupedMatmulSwigluQuantV2_GroupedMatmulSwigluQuantV2,GroupedMatmulSwigluQuantV2,static,MIX_AIC,1790543111300865.216	,159.843,3.089000,20,40,NO,"""576,4096;576;32;32,64,256,16,64;32,4096;32,4096""",INT8;FLOAT;INT64;DT_INT4;UINT64;FLOAT,ND;ND;ND;FRACTAL_NZ;ND;ND,"""576,2048;576""",INT8;FLOAT,ND;ND,0,139.083,5006988,146853.75,2342.5,149088.0,0.0,1856.0,0.0,0.0,151.317,10894848,3686.0,660.375,0.0,0.0,0.0,2920.0,635.375
0,33,57,65,aclnnGroupedMatmulWeightNz_GroupedMatmul_GroupedMatmul,GroupedMatmul,static,MIX_AIC,1790543111301027.900	,85.881,2.907000,20,40,NO,"""576,2048;32,2048,4096;32,4096;32,1,4096;;;;32;576""",INT8;DT_INT4;FLOAT;UINT64;FLOAT;FLOAT16;FLOAT16;INT64;FLOAT,ND;FRACTAL_NZ;ND;NCL;ND;ND;ND;ND;ND,"""576,4096""",DT_BF16,ND,0,77.038,2773351,73833.75,2349.5,72736.0,0.0,1856.0,0.0,0.0,77.803,5601793,3166.125,1094.0,0.0,0.0,0.0,2482.0,1050.0
0,33,58,65,aclnnGroupedMatmulSwigluQuantWeightNzV2_GroupedMatmulSwigluQuantV2_GroupedMatmulSwigluQuantV2,GroupedMatmulSwigluQuantV2,static,MIX_AIC,1790543111301116.521	,139.243,2.619000,20,40,NO,"""576,4096;576;32;32,64,256,16,64;32,4096;32,4096""",INT8;FLOAT;INT64;DT_INT4;UINT64;FLOAT,ND;ND;ND;FRACTAL_NZ;ND;ND,"""576,2048;576""",INT8;FLOAT,ND;ND,0,128.946,4642058,128655.25,1910.5,130848.0,0.0,1408.0,0.0,0.0,141.145,10162406,3111.875,498.0,0.0,0.0,0.0,2348.0,473.0
0,33,59,65,aclnnGroupedMatmulWeightNz_GroupedMatmul_GroupedMatmul,GroupedMatmul,static,MIX_AIC,1790543111301258.624	,77.102,2.757000,20,40,NO,"""576,2048;32,2048,4096;32,4096;32,1,4096;;;;32;576""",INT8;DT_INT4;FLOAT;UINT64;FLOAT;FLOAT16;FLOAT16;INT64;FLOAT,ND;FRACTAL_NZ;ND;NCL;ND;ND;ND;ND;ND,"""576,4096""",DT_BF16,ND,0,71.657,2579662,64699.75,1915.5,64032.0,0.0,1408.0,0.0,0.0,72.302,5205760,2610.5,820.0,0.0,0.0,0.0,1931.0,780.0
0,33,60,65,aclnnGroupedMatmulSwigluQuantWeightNzV2_GroupedMatmulSwigluQuantV2_GroupedMatmulSwigluQuantV2,GroupedMatmulSwigluQuantV2,static,MIX_AIC,1790543111301338.646	,105.702,3.148000,20,40,NO,"""576,4096;576;32;32,64,256,16,64;32,4096;32,4096""",INT8;FLOAT;INT64;DT_INT4;UINT64;FLOAT,ND;ND;ND;FRACTAL_NZ;ND;ND,"""576,2048;576""",INT8;FLOAT,ND;ND,0,91.093,3279343,85593.5,1430.5,86912.0,0.0,896.0,0.0,0.0,101.234,7288863,2381.625,318.0,0.0,0.0,0.0,1620.0,293.0
0,33,61,65,aclnnGroupedMatmulWeightNz_GroupedMatmul_GroupedMatmul,GroupedMatmul,static,MIX_AIC,1790543111301447.288	,58.781,2.798000,20,40,NO,"""576,2048;32,2048,4096;32,4096;32,1,4096;;;;32;576""",INT8;DT_INT4;FLOAT;UINT64;FLOAT;FLOAT16;FLOAT16;INT64;FLOAT,ND;FRACTAL_NZ;ND;NCL;ND;ND;ND;ND;ND,"""576,4096""",DT_BF16,ND,0,54.809,1973131,43074.625,1430.5,42688.0,0.0,896.0,0.0,0.0,55.643,4006293,1912.125,510.0,0.0,0.0,0.0,1225.0,480.0
0,33,62,65,aclnnGroupedMatmulSwigluQuantWeightNzV2_GroupedMatmulSwigluQuantV2_GroupedMatmulSwigluQuantV2,GroupedMatmulSwigluQuantV2,static,MIX_AIC,1790543111301509.169	,131.263,3.219000,20,40,NO,"""576,4096;576;32;32,64,256,16,64;32,4096;32,4096""",INT8;FLOAT;INT64;DT_INT4;UINT64;FLOAT,ND;ND;ND;FRACTAL_NZ;ND;ND,"""576,2048;576""",INT8;FLOAT,ND;ND,0,107.615,3874139,110010.375,1366.5,111328.0,0.0,832.0,0.0,0.0,118.013,8496947,2314.375,294.0,0.0,0.0,0.0,1540.0,269.0
0,33,63,65,aclnnGroupedMatmulWeightNz_GroupedMatmul_GroupedMatmul,GroupedMatmul,static,MIX_AIC,1790543111301643.352	,70.561,2.737000,20,40,NO,"""576,2048;32,2048,4096;32,4096;32,1,4096;;;;32;576""",INT8;DT_INT4;FLOAT;UINT64;FLOAT;FLOAT16;FLOAT16;INT64;FLOAT,ND;FRACTAL_NZ;ND;NCL;ND;ND;ND;ND;ND,"""576,4096""",DT_BF16,ND,0,61.405,2210586,55368.0,1369.5,55008.0,0.0,832.0,0.0,0.0,61.994,4463598,1934.5,476.0,0.0,0.0,0.0,1251.0,440.0
0,33,64,65,aclnnGroupedMatmulSwigluQuantWeightNzV2_GroupedMatmulSwigluQuantV2_GroupedMatmulSwigluQuantV2,GroupedMatmulSwigluQuantV2,static,MIX_AIC,1790543111301716.713	,135.343,2.939000,20,40,NO,"""576,4096;576;32;32,64,256,16,64;32,4096;32,4096""",INT8;FLOAT;INT64;DT_INT4;UINT64;FLOAT,ND;ND;ND;FRACTAL_NZ;ND;ND,"""576,2048;576""",INT8;FLOAT,ND;ND,0,120.28,4330095,122240.25,2358.5,123904.0,0.0,1856.0,0.0,0.0,132.941,9571774,3662.625,666.25,0.0,0.0,0.0,2892.0,641.25
0,33,65,65,aclnnGroupedMatmulWeightNz_GroupedMatmul_GroupedMatmul,GroupedMatmul,static,MIX_AIC,1790543111301855.076	,74.862,2.907000,20,40,NO,"""576,2048;32,2048,4096;32,4096;32,1,4096;;;;32;576""",INT8;DT_INT4;FLOAT;UINT64;FLOAT;FLOAT16;FLOAT16;INT64;FLOAT,ND;FRACTAL_NZ;ND;NCL;ND;ND;ND;ND;ND,"""576,4096""",DT_BF16,ND,0,71.181,2562507,65610.875,2363.5,64352.0,0.0,1856.0,0.0,0.0,71.966,5181540,3121.75,1100.0,0.0,0.0,0.0,2436.0,1060.0
0,33,66,65,aclnnGroupedMatmulSwigluQuantWeightNzV2_GroupedMatmulSwigluQuantV2_GroupedMatmulSwigluQuantV2,GroupedMatmulSwigluQuantV2,static,MIX_AIC,1790543111301932.778	,130.742,2.888000,20,40,NO,"""576,4096;576;32;32,64,256,16,64;32,4096;32,4096""",INT8;FLOAT;INT64;DT_INT4;UINT64;FLOAT,ND;ND;ND;FRACTAL_NZ;ND;ND,"""576,2048;576""",INT8;FLOAT,ND;ND,0,112.72,4057914,112268.875,1926.5,113888.0,0.0,1376.0,0.0,0.0,124.529,8966086,3082.125,504.0,0.0,0.0,0.0,2320.0,479.0
0,33,67,65,aclnnGroupedMatmulWeightNz_GroupedMatmul_GroupedMatmul,GroupedMatmul,static,MIX_AIC,1790543111302066.340	,71.982,2.758000,20,40,NO,"""576,2048;32,2048,4096;32,4096;32,1,4096;;;;32;576""",INT8;DT_INT4;FLOAT;UINT64;FLOAT;FLOAT16;FLOAT16;INT64;FLOAT,ND;FRACTAL_NZ;ND;NCL;ND;ND;ND;ND;ND,"""576,4096""",DT_BF16,ND,0,66.264,2385503,60638.375,1930.5,59776.0,0.0,1376.0,0.0,0.0,66.838,4812338,2614.75,828.0,0.0,0.0,0.0,1915.0,790.0
0,33,68,65,aclnnGroupedMatmulSwigluQuantWeightNzV2_GroupedMatmulSwigluQuantV2_GroupedMatmulSwigluQuantV2,GroupedMatmulSwigluQuantV2,static,MIX_AIC,1790543111302141.002	,157.403,2.768000,20,40,NO,"""576,4096;576;32;32,64,256,16,64;32,4096;32,4096""",INT8;FLOAT;INT64;DT_INT4;UINT64;FLOAT,ND;ND;ND;FRACTAL_NZ;ND;ND,"""576,2048;576""",INT8;FLOAT,ND;ND,0,145.571,5240543,153222.25,1878.5,156032.0,0.0,1440.0,0.0,0.0,157.781,11360237,3054.375,486.0,0.0,0.0,0.0,2292.0,461.0
0,33,69,65,aclnnGroupedMatmulWeightNz_GroupedMatmul_GroupedMatmul,GroupedMatmul,static,MIX_AIC,1790543111302301.225	,90.822,2.847000,20,40,NO,"""576,2048;32,2048,4096;32,4096;32,1,4096;;;;32;576""",INT8;DT_INT4;FLOAT;UINT64;FLOAT;FLOAT16;FLOAT16;INT64;FLOAT,ND;FRACTAL_NZ;ND;NCL;ND;ND;ND;ND;ND,"""576,4096""",DT_BF16,ND,0,80.186,2886703,77059.0,1886.5,76544.0,0.0,1440.0,0.0,0.0,80.821,5819139,2823.375,806.0,0.0,0.0,0.0,1992.0,760.0
0,33,70,65,aclnnGroupedMatmulSwigluQuantWeightNzV2_GroupedMatmulSwigluQuantV2_GroupedMatmulSwigluQuantV2,GroupedMatmulSwigluQuantV2,static,MIX_AIC,1790543111302394.707	,152.483,2.678000,20,40,NO,"""576,4096;576;32;32,64,256,16,64;32,4096;32,4096""",INT8;FLOAT;INT64;DT_INT4;UINT64;FLOAT,ND;ND;ND;FRACTAL_NZ;ND;ND,"""576,2048;576""",INT8;FLOAT,ND;ND,0,131.493,4733753,143720.125,1558.5,145504.0,0.0,1056.0,0.0,0.0,141.303,10173845,2590.875,366.0,0.0,0.0,0.0,1828.0,341.0
0,33,71,65,aclnnGroupedMatmulWeightNz_GroupedMatmul_GroupedMatmul,GroupedMatmul,static,MIX_AIC,1790543111302550.170	,79.562,3.017000,20,40,NO,"""576,2048;32,2048,4096;32,4096;32,1,4096;;;;32;576""",INT8;DT_INT4;FLOAT;UINT64;FLOAT;FLOAT16;FLOAT16;INT64;FLOAT,ND;FRACTAL_NZ;ND;NCL;ND;ND;ND;ND;ND,"""576,4096""",DT_BF16,ND,0,75.449,2716173,72277.75,1565.5,71840.0,0.0,1056.0,0.0,0.0,76.018,5473282,2279.5,604.0,0.0,0.0,0.0,1599.0,560.0
0,33,72,65,aclnnGroupedMatmulSwigluQuantWeightNzV2_GroupedMatmulSwigluQuantV2_GroupedMatmulSwigluQuantV2,GroupedMatmulSwigluQuantV2,static,MIX_AIC,1790543111302632.712	,104.962,2.938000,20,40,NO,"""576,4096;576;32;32,64,256,16,64;32,4096;32,4096""",INT8;FLOAT;INT64;DT_INT4;UINT64;FLOAT,ND;ND;ND;FRACTAL_NZ;ND;ND,"""576,2048;576""",INT8;FLOAT,ND;ND,0,89.453,3220304,77915.125,1558.5,78944.0,0.0,960.0,0.0,0.0,100.168,7212097,2574.75,366.0,0.0,0.0,0.0,1812.0,341.0
0,33,73,65,aclnnGroupedMatmulWeightNz_GroupedMatmul_GroupedMatmul,GroupedMatmul,static,MIX_AIC,1790543111302740.774	,60.361,3.038000,20,40,NO,"""576,2048;32,2048,4096;32,4096;32,1,4096;;;;32;576""",INT8;DT_INT4;FLOAT;UINT64;FLOAT;FLOAT16;FLOAT16;INT64;FLOAT,ND;FRACTAL_NZ;ND;NCL;ND;ND;ND;ND;ND,"""576,4096""",DT_BF16,ND,0,55.87,2011320,43384.0,1558.5,42752.0,0.0,960.0,0.0,0.0,56.361,4057983,2299.0,590.0,0.0,0.0,0.0,1369.0,560.0
0,33,74,65,aclnnGroupedMatmulSwigluQuantWeightNzV2_GroupedMatmulSwigluQuantV2_GroupedMatmulSwigluQuantV2,GroupedMatmulSwigluQuantV2,static,MIX_AIC,1790543111302803.895	,164.943,2.889000,20,40,NO,"""576,4096;576;32;32,64,256,16,64;32,4096;32,4096""",INT8;FLOAT;INT64;DT_INT4;UINT64;FLOAT,ND;ND;ND;FRACTAL_NZ;ND;ND,"""576,2048;576""",INT8;FLOAT,ND;ND,0,147.661,5315792,144747.625,1814.5,146784.0,0.0,1280.0,0.0,0.0,159.761,11502812,2991.75,462.0,0.0,0.0,0.0,2228.0,437.0
0,33,75,65,aclnnGroupedMatmulWeightNz_GroupedMatmul_GroupedMatmul,GroupedMatmul,static,MIX_AIC,1790543111302971.418	,81.962,2.557000,20,40,NO,"""576,2048;32,2048,4096;32,4096;32,1,4096;;;;32;576""",INT8;DT_INT4;FLOAT;UINT64;FLOAT;FLOAT16;FLOAT16;INT64;FLOAT,ND;FRACTAL_NZ;ND;NCL;ND;ND;ND;ND;ND,"""576,4096""",DT_BF16,ND,0,75.459,2716525,72796.75,1821.5,72160.0,0.0,1280.0,0.0,0.0,75.985,5470910,2594.75,764.0,0.0,0.0,0.0,1888.0,720.0
0,33,76,65,aclnnGroupedMatmulSwigluQuantWeightNzV2_GroupedMatmulSwigluQuantV2_GroupedMatmulSwigluQuantV2,GroupedMatmulSwigluQuantV2,static,MIX_AIC,1790543111303056.440	,138.743,3.038000,20,40,NO,"""576,4096;576;32;32,64,256,16,64;32,4096;32,4096""",INT8;FLOAT;INT64;DT_INT4;UINT64;FLOAT,ND;ND;ND;FRACTAL_NZ;ND;ND,"""576,2048;576""",INT8;FLOAT,ND;ND,0,121.15,4361400,131229.75,2550.5,133152.0,0.0,1984.0,0.0,0.0,134.117,9656450,3914.75,738.25,0.0,0.0,0.0,3148.0,713.25
0,33,77,65,aclnnGroupedMatmulWeightNz_GroupedMatmul_GroupedMatmul,GroupedMatmul,static,MIX_AIC,1790543111303197.863	,74.541,2.507000,20,40,NO,"""576,2048;32,2048,4096;32,4096;32,1,4096;;;;32;576""",INT8;DT_INT4;FLOAT;UINT64;FLOAT;FLOAT16;FLOAT16;INT64;FLOAT,ND;FRACTAL_NZ;ND;NCL;ND;ND;ND;ND;ND,"""576,4096""",DT_BF16,ND,0,69.679,2508453,65995.5,2555.5,64608.0,0.0,1984.0,0.0,0.0,70.473,5074050,3350.0,1220.0,0.0,0.0,0.0,2652.0,1180.0
0,33,78,65,aclnnGroupedMatmulSwigluQuantWeightNzV2_GroupedMatmulSwigluQuantV2_GroupedMatmulSwigluQuantV2,GroupedMatmulSwigluQuantV2,static,MIX_AIC,1790543111303275.524	,142.283,3.209000,20,40,NO,"""576,4096;576;32;32,64,256,16,64;32,4096;32,4096""",INT8;FLOAT;INT64;DT_INT4;UINT64;FLOAT,ND;ND;ND;FRACTAL_NZ;ND;ND,"""576,2048;576""",INT8;FLOAT,ND;ND,0,125.97,4534915,136128.25,1718.5,138560.0,0.0,1216.0,0.0,0.0,137.768,9919271,2811.375,426.0,0.0,0.0,0.0,2044.0,401.0
0,33,79,65,aclnnGroupedMatmulWeightNz_GroupedMatmul_GroupedMatmul,GroupedMatmul,static,MIX_AIC,1790543111303420.907	,81.402,3.217000,20,40,NO,"""576,2048;32,2048,4096;32,4096;32,1,4096;;;;32;576""",INT8;DT_INT4;FLOAT;UINT64;FLOAT;FLOAT16;FLOAT16;INT64;FLOAT,ND;FRACTAL_NZ;ND;NCL;ND;ND;ND;ND;ND,"""576,4096""",DT_BF16,ND,0,72.058,2594092,68470.875,1724.5,68032.0,0.0,1216.0,0.0,0.0,72.566,5224771,2431.0,702.0,0.0,0.0,0.0,1747.0,660.0
0,33,80,65,aclnnGroupedMatmulSwigluQuantWeightNzV2_GroupedMatmulSwigluQuantV2_GroupedMatmulSwigluQuantV2,GroupedMatmulSwigluQuantV2,static,MIX_AIC,1790543111303504.989	,149.923,2.598000,20,40,NO,"""576,4096;576;32;32,64,256,16,64;32,4096;32,4096""",INT8;FLOAT;INT64;DT_INT4;UINT64;FLOAT,ND;ND;ND;FRACTAL_NZ;ND;ND,"""576,2048;576""",INT8;FLOAT,ND;ND,0,130.757,4707246,136192.25,1734.5,137792.0,0.0,1184.0,0.0,0.0,142.669,10272154,2925.875,432.0,0.0,0.0,0.0,2160.0,407.0
0,33,81,65,aclnnGroupedMatmulWeightNz_GroupedMatmul_GroupedMatmul,GroupedMatmul,static,MIX_AIC,1790543111303657.912	,82.942,3.077000,20,40,NO,"""576,2048;32,2048,4096;32,4096;32,1,4096;;;;32;576""",INT8;DT_INT4;FLOAT;UINT64;FLOAT;FLOAT16;FLOAT16;INT64;FLOAT,ND;FRACTAL_NZ;ND;NCL;ND;ND;ND;ND;ND,"""576,4096""",DT_BF16,ND,0,72.081,2594920,68497.75,1740.5,67840.0,0.0,1184.0,0.0,0.0,72.705,5234735,2443.375,712.0,0.0,0.0,0.0,1764.0,670.0
0,33,82,65,aclnnGroupedMatmulSwigluQuantWeightNzV2_GroupedMatmulSwigluQuantV2_GroupedMatmulSwigluQuantV2,GroupedMatmulSwigluQuantV2,static,MIX_AIC,1790543111303743.494	,139.183,2.558000,20,40,NO,"""576,4096;576;32;32,64,256,16,64;32,4096;32,4096""",INT8;FLOAT;INT64;DT_INT4;UINT64;FLOAT,ND;ND;ND;FRACTAL_NZ;ND;ND,"""576,2048;576""",INT8;FLOAT,ND;ND,0,121.187,4362728,118843.375,1510.5,120576.0,0.0,992.0,0.0,0.0,130.875,9423024,2571.25,348.0,0.0,0.0,0.0,1800.0,323.0
0,33,83,65,aclnnGroupedMatmulWeightNz_GroupedMatmul_GroupedMatmul,GroupedMatmul,static,MIX_AIC,1790543111303885.597	,76.141,2.817000,20,40,NO,"""576,2048;32,2048,4096;32,4096;32,1,4096;;;;32;576""",INT8;DT_INT4;FLOAT;UINT64;FLOAT;FLOAT16;FLOAT16;INT64;FLOAT,ND;FRACTAL_NZ;ND;NCL;ND;ND;ND;ND;ND,"""576,4096""",DT_BF16,ND,0,68.927,2481354,59809.75,1514.5,59392.0,0.0,992.0,0.0,0.0,69.714,5019372,2300.625,568.0,0.0,0.0,0.0,1447.0,530.0
0,33,84,65,aclnnGroupedMatmulSwigluQuantWeightNzV2_GroupedMatmulSwigluQuantV2_GroupedMatmulSwigluQuantV2,GroupedMatmulSwigluQuantV2,static,MIX_AIC,1790543111303964.498	,107.262,2.859000,20,40,NO,"""576,4096;576;32;32,64,256,16,64;32,4096;32,4096""",INT8;FLOAT;INT64;DT_INT4;UINT64;FLOAT,ND;ND;ND;FRACTAL_NZ;ND;ND,"""576,2048;576""",INT8;FLOAT,ND;ND,0,91.447,3292074,77477.375,1446.5,78688.0,0.0,864.0,0.0,0.0,102.638,7389903,2417.5,324.0,0.0,0.0,0.0,1656.0,299.0
0,33,85,65,aclnnGroupedMatmulWeightNz_GroupedMatmul_GroupedMatmul,GroupedMatmul,static,MIX_AIC,1790543111304074.400	,59.682,2.738000,20,40,NO,"""576,2048;32,2048,4096;32,4096;32,1,4096;;;;32;576""",INT8;DT_INT4;FLOAT;UINT64;FLOAT;FLOAT16;FLOAT16;INT64;FLOAT,ND;FRACTAL_NZ;ND;NCL;ND;ND;ND;ND;ND,"""576,4096""",DT_BF16,ND,0,53.414,1922900,39036.625,1445.5,38560.0,0.0,864.0,0.0,0.0,54.007,3888470,1908.125,518.0,0.0,0.0,0.0,1210.0,490.0
