arm,rank,cohort,cycles,physical_target_rows_per_cycle,current_graph_physical_rows,logical_required_rows,fixed_formal_W0_certified,source
run566_a0_diagnostic,0,5,318,96,30528,,False,evidence/20260928_loop080_bound/run566/a0/trace/trace_rank0_cohort5.json
run566_a0_diagnostic,0,6,283,96,27168,,False,evidence/20260928_loop080_bound/run566/a0/trace/trace_rank0_cohort6.json
run566_a0_diagnostic,0,7,299,96,28704,,False,evidence/20260928_loop080_bound/run566/a0/trace/trace_rank0_cohort7.json
run566_a0_diagnostic,0,8,306,96,29376,,False,evidence/20260928_loop080_bound/run566/a0/trace/trace_rank0_cohort8.json
run566_a0_diagnostic,1,5,318,96,30528,,False,evidence/20260928_loop080_bound/run566/a0/trace/trace_rank1_cohort5.json
run566_a0_diagnostic,1,6,283,96,27168,,False,evidence/20260928_loop080_bound/run566/a0/trace/trace_rank1_cohort6.json
run566_a0_diagnostic,1,7,299,96,28704,,False,evidence/20260928_loop080_bound/run566/a0/trace/trace_rank1_cohort7.json
run566_a0_diagnostic,1,8,306,96,29376,,False,evidence/20260928_loop080_bound/run566/a0/trace/trace_rank1_cohort8.json
run566_a0_diagnostic,2,5,318,96,30528,,False,evidence/20260928_loop080_bound/run566/a0/trace/trace_rank2_cohort5.json
run566_a0_diagnostic,2,6,283,96,27168,,False,evidence/20260928_loop080_bound/run566/a0/trace/trace_rank2_cohort6.json
run566_a0_diagnostic,2,7,299,96,28704,,False,evidence/20260928_loop080_bound/run566/a0/trace/trace_rank2_cohort7.json
run566_a0_diagnostic,2,8,306,96,29376,,False,evidence/20260928_loop080_bound/run566/a0/trace/trace_rank2_cohort8.json
run566_a0_diagnostic,3,5,318,96,30528,,False,evidence/20260928_loop080_bound/run566/a0/trace/trace_rank3_cohort5.json
run566_a0_diagnostic,3,6,283,96,27168,,False,evidence/20260928_loop080_bound/run566/a0/trace/trace_rank3_cohort6.json
run566_a0_diagnostic,3,7,299,96,28704,,False,evidence/20260928_loop080_bound/run566/a0/trace/trace_rank3_cohort7.json
run566_a0_diagnostic,3,8,306,96,29376,,False,evidence/20260928_loop080_bound/run566/a0/trace/trace_rank3_cohort8.json
run566_a0_diagnostic,4,5,318,96,30528,,False,evidence/20260928_loop080_bound/run566/a0/trace/trace_rank4_cohort5.json
run566_a0_diagnostic,4,6,283,96,27168,,False,evidence/20260928_loop080_bound/run566/a0/trace/trace_rank4_cohort6.json
run566_a0_diagnostic,4,7,299,96,28704,,False,evidence/20260928_loop080_bound/run566/a0/trace/trace_rank4_cohort7.json
run566_a0_diagnostic,4,8,306,96,29376,,False,evidence/20260928_loop080_bound/run566/a0/trace/trace_rank4_cohort8.json
run566_a0_diagnostic,5,5,318,96,30528,,False,evidence/20260928_loop080_bound/run566/a0/trace/trace_rank5_cohort5.json
run566_a0_diagnostic,5,6,283,96,27168,,False,evidence/20260928_loop080_bound/run566/a0/trace/trace_rank5_cohort6.json
run566_a0_diagnostic,5,7,299,96,28704,,False,evidence/20260928_loop080_bound/run566/a0/trace/trace_rank5_cohort7.json
run566_a0_diagnostic,5,8,306,96,29376,,False,evidence/20260928_loop080_bound/run566/a0/trace/trace_rank5_cohort8.json
run566_a0_diagnostic,6,5,318,96,30528,,False,evidence/20260928_loop080_bound/run566/a0/trace/trace_rank6_cohort5.json
run566_a0_diagnostic,6,6,283,96,27168,,False,evidence/20260928_loop080_bound/run566/a0/trace/trace_rank6_cohort6.json
run566_a0_diagnostic,6,7,299,96,28704,,False,evidence/20260928_loop080_bound/run566/a0/trace/trace_rank6_cohort7.json
run566_a0_diagnostic,6,8,306,96,29376,,False,evidence/20260928_loop080_bound/run566/a0/trace/trace_rank6_cohort8.json
run566_a0_diagnostic,7,5,318,96,30528,,False,evidence/20260928_loop080_bound/run566/a0/trace/trace_rank7_cohort5.json
run566_a0_diagnostic,7,6,283,96,27168,,False,evidence/20260928_loop080_bound/run566/a0/trace/trace_rank7_cohort6.json
run566_a0_diagnostic,7,7,299,96,28704,,False,evidence/20260928_loop080_bound/run566/a0/trace/trace_rank7_cohort7.json
run566_a0_diagnostic,7,8,306,96,29376,,False,evidence/20260928_loop080_bound/run566/a0/trace/trace_rank7_cohort8.json
