rank,cycle,signature,current_kernel_count,observed_read_GB,observed_write_GB,observed_kernel_sum_ms,compulsory_HBM_lower_bytes,status
0,0,"compressor|96,4096;1024,4096;1024,4096;34090,2,2048;4,1024;512;36,64;36,64;12,524288;13;;12",21,0.678900992,0.04981401599999998,1.2941269999999998,,current_instrumented_shape_only
0,0,"compressor|96,4096;256,4096;256,4096;34090,2,512;4,256;128;36,64;36,64;12,524288;13;;12",21,0.347893632,0.02878310400000001,1.182402,,current_instrumented_shape_only
0,0,"compressor|96,4096;512,4096;512,4096;34090,8,1024;128,512;512;12,64;12,64;12,131072;13;;12",20,0.510459264,0.029972480000000006,0.9848209999999998,,current_instrumented_shape_only
0,0,"plain_matmul|12,16384;4,16384",1,0.002012416,0.00069824,0.028241,,current_instrumented_shape_only
0,0,"plain_matmul|12,4096;256,4096",43,0.31959116800000004,0.0010567679999999996,0.523213,,current_instrumented_shape_only
0,0,"plain_matmul|12,4096;64,4096",21,0.019963519999999995,0.000129024,0.23296500000000006,,current_instrumented_shape_only
0,0,"plain_matmul|36,128;128,128",21,0.004436224,0.0003870719999999998,0.11836599999999999,,current_instrumented_shape_only
0,0,"plain_matmul|768,128;128,128",21,0.018869759999999996,0.008257536,0.139783,,current_instrumented_shape_only
0,0,"plain_matmul|96,1024;4096,1024",43,0.5402393600000001,0.050196479999999974,0.6558530000000001,,current_instrumented_shape_only
0,0,"plain_matmul|96,4096;16160,4096",1,0.24415936,0.00408576,0.209864,,current_instrumented_shape_only
0,0,"quant_matmul|12,1024;1024,64,16,32;32768;12",43,1.5328303359999997,0.1159582719999999,1.4694710000000002,,current_instrumented_shape_only
0,0,"quant_matmul|12,1024;256,64,16,32;8192;12",21,0.1930336,0.01814937600000001,0.34782400000000013,,current_instrumented_shape_only
0,0,"quant_matmul|12,2048;128,128,16,32;4096;12",43,0.4041201920000001,0.024393727999999976,0.7895340000000002,,current_instrumented_shape_only
0,0,"quant_matmul|12,4096;128,256,16,32;4096",43,0.7722442239999999,0.008558720000000002,0.9472570000000002,,current_instrumented_shape_only
0,0,"quant_matmul|12,4096;32,256,16,32;1024;12",43,0.23413990400000004,0.014882815999999983,0.7157569999999999,,current_instrumented_shape_only
0,0,"quant_matmul|96,4096;16,256,16,32;512;96",43,0.3282909440000001,0.024393727999999976,0.6113719999999998,,current_instrumented_shape_only
0,0,"sparse_attention|12,64,512;34090,32,1,512;34090,32,1,512;;12,1,512;12,32768;12,8192;13;;;;12;64;1024",21,0.673826688,0.32417280000000015,0.9228969999999999,,current_instrumented_shape_only
0,0,"sparse_attention|12,64,512;34090,32,1,512;34090,32,1,512;;;12,32768;12,256;13;;;;12;64;1024",20,0.373585792,0.162048,0.6768350000000001,,current_instrumented_shape_only
0,0,"sparse_attention|12,64,512;34090,32,1,512;;;;12,32768;;13;;;;12;64;1024",2,0.013931008,0.007246848,0.04902,,current_instrumented_shape_only
0,0,"transpose_matmul|96,1,4096;1,4096,1024",43,0.6394009599999998,0.00856422399999999,1.4677299999999998,,current_instrumented_shape_only
0,1,"compressor|96,4096;1024,4096;1024,4096;34090,2,2048;4,1024;512;36,64;36,64;12,524288;13;;12",21,0.6787240959999998,0.04981401599999998,1.2870650000000001,,current_instrumented_shape_only
0,1,"compressor|96,4096;256,4096;256,4096;34090,2,512;4,256;128;36,64;36,64;12,524288;13;;12",21,0.34780300799999997,0.02878310400000001,1.1704420000000002,,current_instrumented_shape_only
0,1,"compressor|96,4096;512,4096;512,4096;34090,8,1024;128,512;512;12,64;12,64;12,131072;13;;12",20,0.4994338559999999,0.02980864,0.8964180000000002,,current_instrumented_shape_only
0,1,"plain_matmul|12,16384;4,16384",1,0.001992832,0.00069824,0.02822,,current_instrumented_shape_only
0,1,"plain_matmul|12,4096;256,4096",43,0.31959206399999995,0.0010567679999999996,0.5289369999999999,,current_instrumented_shape_only
0,1,"plain_matmul|12,4096;64,4096",21,0.019963776000000003,0.000129024,0.23226500000000003,,current_instrumented_shape_only
0,1,"plain_matmul|36,128;128,128",21,0.004435711999999999,0.0003870719999999998,0.12120299999999998,,current_instrumented_shape_only
0,1,"plain_matmul|768,128;128,128",21,0.018869759999999996,0.008257536,0.13960100000000006,,current_instrumented_shape_only
0,1,"plain_matmul|96,1024;4096,1024",43,0.5402462719999999,0.050196479999999974,0.6515739999999998,,current_instrumented_shape_only
0,1,"plain_matmul|96,4096;16160,4096",1,0.244160384,0.00408576,0.210764,,current_instrumented_shape_only
0,1,"quant_matmul|12,1024;1024,64,16,32;32768;12",43,1.5328264959999998,0.1159582719999999,1.4643690000000003,,current_instrumented_shape_only
0,1,"quant_matmul|12,1024;256,64,16,32;8192;12",21,0.19303564800000003,0.01814937600000001,0.350428,,current_instrumented_shape_only
0,1,"quant_matmul|12,2048;128,128,16,32;4096;12",43,0.40407846399999997,0.024393727999999976,0.8013580000000001,,current_instrumented_shape_only
0,1,"quant_matmul|12,4096;128,256,16,32;4096",43,0.7722442239999999,0.008558720000000002,0.9296739999999999,,current_instrumented_shape_only
0,1,"quant_matmul|12,4096;32,256,16,32;1024;12",43,0.23415065600000007,0.014882815999999983,0.715616,,current_instrumented_shape_only
0,1,"quant_matmul|96,4096;16,256,16,32;512;96",43,0.32826956800000007,0.024393727999999976,0.6095939999999999,,current_instrumented_shape_only
0,1,"sparse_attention|12,64,512;34090,32,1,512;34090,32,1,512;;12,1,512;12,32768;12,8192;13;;;;12;64;1024",21,0.67378368,0.32417280000000015,0.9243809999999999,,current_instrumented_shape_only
0,1,"sparse_attention|12,64,512;34090,32,1,512;34090,32,1,512;;;12,32768;12,256;13;;;;12;64;1024",20,0.373380864,0.162048,0.675135,,current_instrumented_shape_only
0,1,"sparse_attention|12,64,512;34090,32,1,512;;;;12,32768;;13;;;;12;64;1024",2,0.013929088,0.007246848,0.048641000000000004,,current_instrumented_shape_only
0,1,"transpose_matmul|96,1,4096;1,4096,1024",43,0.639402496,0.00856422399999999,1.4684480000000002,,current_instrumented_shape_only
1,0,"compressor|96,4096;1024,4096;1024,4096;34090,2,2048;4,1024;512;36,64;36,64;12,524288;13;;12",21,0.6778278400000002,0.04981401599999998,1.261227,,current_instrumented_shape_only
1,0,"compressor|96,4096;256,4096;256,4096;34090,2,512;4,256;128;36,64;36,64;12,524288;13;;12",21,0.34632640000000003,0.02878310400000001,1.113542,,current_instrumented_shape_only
1,0,"compressor|96,4096;512,4096;512,4096;34090,8,1024;128,512;512;12,64;12,64;12,131072;13;;12",20,0.5108456960000001,0.029972480000000006,0.9900599999999999,,current_instrumented_shape_only
1,0,"plain_matmul|12,16384;4,16384",1,0.002105472,0.00069824,0.029861000000000002,,current_instrumented_shape_only
1,0,"plain_matmul|12,4096;256,4096",43,0.319589248,0.0010567679999999996,0.5932300000000001,,current_instrumented_shape_only
1,0,"plain_matmul|12,4096;64,4096",21,0.019963264,0.000129024,0.23416499999999998,,current_instrumented_shape_only
1,0,"plain_matmul|36,128;128,128",21,0.004434815999999999,0.0003870719999999998,0.11896300000000001,,current_instrumented_shape_only
1,0,"plain_matmul|768,128;128,128",21,0.018869759999999996,0.008257536,0.13786299999999999,,current_instrumented_shape_only
1,0,"plain_matmul|96,1024;4096,1024",43,0.5402415360000001,0.050196479999999974,0.6539519999999999,,current_instrumented_shape_only
1,0,"plain_matmul|96,4096;16160,4096",1,0.24416064,0.00408576,0.209844,,current_instrumented_shape_only
1,0,"quant_matmul|12,1024;1024,64,16,32;32768;12",43,1.5328549120000001,0.1159582719999999,1.455551,,current_instrumented_shape_only
1,0,"quant_matmul|12,1024;256,64,16,32;8192;12",21,0.19306790399999998,0.01814937600000001,0.329463,,current_instrumented_shape_only
1,0,"quant_matmul|12,2048;128,128,16,32;4096;12",43,0.40412915199999994,0.024393727999999976,0.786556,,current_instrumented_shape_only
1,0,"quant_matmul|12,4096;128,256,16,32;4096",43,0.7722442239999999,0.008558720000000002,0.927901,,current_instrumented_shape_only
1,0,"quant_matmul|12,4096;32,256,16,32;1024;12",43,0.23423731199999992,0.014882815999999983,0.7262909999999999,,current_instrumented_shape_only
1,0,"quant_matmul|96,4096;16,256,16,32;512;96",43,0.32834816,0.024393727999999976,0.5879940000000001,,current_instrumented_shape_only
1,0,"sparse_attention|12,64,512;34090,32,1,512;34090,32,1,512;;12,1,512;12,32768;12,8192;13;;;;12;64;1024",21,0.6738397440000001,0.32417280000000015,0.912719,,current_instrumented_shape_only
1,0,"sparse_attention|12,64,512;34090,32,1,512;34090,32,1,512;;;12,32768;12,256;13;;;;12;64;1024",20,0.37297855999999996,0.162048,0.6559360000000001,,current_instrumented_shape_only
1,0,"sparse_attention|12,64,512;34090,32,1,512;;;;12,32768;;13;;;;12;64;1024",2,0.013921664,0.007246848,0.046181,,current_instrumented_shape_only
1,0,"transpose_matmul|96,1,4096;1,4096,1024",43,0.6393999359999998,0.00856422399999999,1.4794310000000002,,current_instrumented_shape_only
1,1,"compressor|96,4096;1024,4096;1024,4096;34090,2,2048;4,1024;512;36,64;36,64;12,524288;13;;12",21,0.67767296,0.04981401599999998,1.2642040000000005,,current_instrumented_shape_only
1,1,"compressor|96,4096;256,4096;256,4096;34090,2,512;4,256;128;36,64;36,64;12,524288;13;;12",21,0.34627468799999994,0.02878310400000001,1.1185420000000001,,current_instrumented_shape_only
1,1,"compressor|96,4096;512,4096;512,4096;34090,8,1024;128,512;512;12,64;12,64;12,131072;13;;12",20,0.49973824,0.02980864,0.8980189999999999,,current_instrumented_shape_only
1,1,"plain_matmul|12,16384;4,16384",1,0.00204864,0.00069824,0.031341,,current_instrumented_shape_only
1,1,"plain_matmul|12,4096;256,4096",43,0.31959334400000006,0.0010567679999999996,0.5956290000000001,,current_instrumented_shape_only
1,1,"plain_matmul|12,4096;64,4096",21,0.019962751999999993,0.000129024,0.23586400000000002,,current_instrumented_shape_only
1,1,"plain_matmul|36,128;128,128",21,0.004436352,0.0003870719999999998,0.121844,,current_instrumented_shape_only
1,1,"plain_matmul|768,128;128,128",21,0.018869759999999996,0.008257536,0.13612500000000002,,current_instrumented_shape_only
1,1,"plain_matmul|96,1024;4096,1024",43,0.5402403840000001,0.050196479999999974,0.64813,,current_instrumented_shape_only
1,1,"plain_matmul|96,4096;16160,4096",1,0.244159232,0.00408576,0.210725,,current_instrumented_shape_only
1,1,"quant_matmul|12,1024;1024,64,16,32;32768;12",43,1.532857856,0.1159582719999999,1.4661520000000001,,current_instrumented_shape_only
1,1,"quant_matmul|12,1024;256,64,16,32;8192;12",21,0.19306867199999997,0.01814937600000001,0.33130599999999993,,current_instrumented_shape_only
1,1,"quant_matmul|12,2048;128,128,16,32;4096;12",43,0.40413324799999994,0.024393727999999976,0.7858780000000001,,current_instrumented_shape_only
1,1,"quant_matmul|12,4096;128,256,16,32;4096",43,0.7722442239999999,0.008558720000000002,0.9353329999999999,,current_instrumented_shape_only
1,1,"quant_matmul|12,4096;32,256,16,32;1024;12",43,0.23424332799999997,0.014882815999999983,0.7299159999999999,,current_instrumented_shape_only
1,1,"quant_matmul|96,4096;16,256,16,32;512;96",43,0.328342144,0.024393727999999976,0.5849709999999998,,current_instrumented_shape_only
1,1,"sparse_attention|12,64,512;34090,32,1,512;34090,32,1,512;;12,1,512;12,32768;12,8192;13;;;;12;64;1024",21,0.6738179839999999,0.32417280000000015,0.9154580000000001,,current_instrumented_shape_only
1,1,"sparse_attention|12,64,512;34090,32,1,512;34090,32,1,512;;;12,32768;12,256;13;;;;12;64;1024",20,0.37303449600000005,0.162048,0.6467499999999998,,current_instrumented_shape_only
1,1,"sparse_attention|12,64,512;34090,32,1,512;;;;12,32768;;13;;;;12;64;1024",2,0.013914880000000001,0.007246848,0.04636,,current_instrumented_shape_only
1,1,"transpose_matmul|96,1,4096;1,4096,1024",43,0.6393992959999999,0.00856422399999999,1.4740520000000004,,current_instrumented_shape_only
2,0,"compressor|96,4096;1024,4096;1024,4096;34090,2,2048;4,1024;512;36,64;36,64;12,524288;13;;12",21,0.678556928,0.04981401599999998,1.2734089999999996,,current_instrumented_shape_only
2,0,"compressor|96,4096;256,4096;256,4096;34090,2,512;4,256;128;36,64;36,64;12,524288;13;;12",21,0.3471495679999999,0.02878310400000001,1.143623,,current_instrumented_shape_only
2,0,"compressor|96,4096;512,4096;512,4096;34090,8,1024;128,512;512;12,64;12,64;12,131072;13;;12",20,0.510806272,0.029972480000000006,1.0445419999999999,,current_instrumented_shape_only
2,0,"plain_matmul|12,16384;4,16384",1,0.00220992,0.00069824,0.031001,,current_instrumented_shape_only
2,0,"plain_matmul|12,4096;256,4096",43,0.319587456,0.0010567679999999996,0.5830710000000001,,current_instrumented_shape_only
2,0,"plain_matmul|12,4096;64,4096",21,0.01996326399999999,0.000129024,0.236367,,current_instrumented_shape_only
2,0,"plain_matmul|36,128;128,128",21,0.004436736000000001,0.0003870719999999998,0.12102099999999999,,current_instrumented_shape_only
2,0,"plain_matmul|768,128;128,128",21,0.018869759999999996,0.008257536,0.137981,,current_instrumented_shape_only
2,0,"plain_matmul|96,1024;4096,1024",43,0.5402397440000002,0.050196479999999974,0.6562939999999999,,current_instrumented_shape_only
2,0,"plain_matmul|96,4096;16160,4096",1,0.24416064,0.00408576,0.213064,,current_instrumented_shape_only
2,0,"quant_matmul|12,1024;1024,64,16,32;32768;12",43,1.5328363520000001,0.1159582719999999,1.4607110000000003,,current_instrumented_shape_only
2,0,"quant_matmul|12,1024;256,64,16,32;8192;12",21,0.19305804799999998,0.01814937600000001,0.33217,,current_instrumented_shape_only
2,0,"quant_matmul|12,2048;128,128,16,32;4096;12",43,0.40416332799999993,0.024393727999999976,0.840432,,current_instrumented_shape_only
2,0,"quant_matmul|12,4096;128,256,16,32;4096",43,0.7722442239999999,0.008558720000000002,0.934717,,current_instrumented_shape_only
2,0,"quant_matmul|12,4096;32,256,16,32;1024;12",43,0.23418112000000005,0.014882815999999983,0.7312369999999999,,current_instrumented_shape_only
2,0,"quant_matmul|96,4096;16,256,16,32;512;96",43,0.32830272,0.024393727999999976,0.596272,,current_instrumented_shape_only
2,0,"sparse_attention|12,64,512;34090,32,1,512;34090,32,1,512;;12,1,512;12,32768;12,8192;13;;;;12;64;1024",21,0.674144512,0.32417280000000015,0.934641,,current_instrumented_shape_only
2,0,"sparse_attention|12,64,512;34090,32,1,512;34090,32,1,512;;;12,32768;12,256;13;;;;12;64;1024",20,0.373383808,0.162048,0.644652,,current_instrumented_shape_only
2,0,"sparse_attention|12,64,512;34090,32,1,512;;;;12,32768;;13;;;;12;64;1024",2,0.013931136,0.007246848,0.04768,,current_instrumented_shape_only
2,0,"transpose_matmul|96,1,4096;1,4096,1024",43,0.63940032,0.00856422399999999,1.4789690000000002,,current_instrumented_shape_only
2,1,"compressor|96,4096;1024,4096;1024,4096;34090,2,2048;4,1024;512;36,64;36,64;12,524288;13;;12",21,0.678416,0.04981401599999998,1.278047,,current_instrumented_shape_only
2,1,"compressor|96,4096;256,4096;256,4096;34090,2,512;4,256;128;36,64;36,64;12,524288;13;;12",21,0.34702528,0.02878310400000001,1.141442,,current_instrumented_shape_only
2,1,"compressor|96,4096;512,4096;512,4096;34090,8,1024;128,512;512;12,64;12,64;12,131072;13;;12",20,0.4996880640000001,0.02980864,0.9426380000000001,,current_instrumented_shape_only
2,1,"plain_matmul|12,16384;4,16384",1,0.002217984,0.00069824,0.02994,,current_instrumented_shape_only
2,1,"plain_matmul|12,4096;256,4096",43,0.319589376,0.0010567679999999996,0.5836359999999999,,current_instrumented_shape_only
2,1,"plain_matmul|12,4096;64,4096",21,0.019963903999999998,0.000129024,0.23588500000000004,,current_instrumented_shape_only
2,1,"plain_matmul|36,128;128,128",21,0.00443712,0.0003870719999999998,0.12032199999999998,,current_instrumented_shape_only
2,1,"plain_matmul|768,128;128,128",21,0.018869759999999996,0.008257536,0.138882,,current_instrumented_shape_only
2,1,"plain_matmul|96,1024;4096,1024",43,0.5402437120000001,0.050196479999999974,0.6553159999999997,,current_instrumented_shape_only
2,1,"plain_matmul|96,4096;16160,4096",1,0.24416064,0.00408576,0.211244,,current_instrumented_shape_only
2,1,"quant_matmul|12,1024;1024,64,16,32;32768;12",43,1.5328244480000002,0.1159582719999999,1.476367,,current_instrumented_shape_only
2,1,"quant_matmul|12,1024;256,64,16,32;8192;12",21,0.19305331200000003,0.01814937600000001,0.33324700000000007,,current_instrumented_shape_only
2,1,"quant_matmul|12,2048;128,128,16,32;4096;12",43,0.40415385599999987,0.024393727999999976,0.8490580000000001,,current_instrumented_shape_only
2,1,"quant_matmul|12,4096;128,256,16,32;4096",43,0.7722442239999999,0.008558720000000002,0.9629570000000001,,current_instrumented_shape_only
2,1,"quant_matmul|12,4096;32,256,16,32;1024;12",43,0.234184832,0.014882815999999983,0.7328930000000001,,current_instrumented_shape_only
2,1,"quant_matmul|96,4096;16,256,16,32;512;96",43,0.3282677759999999,0.024393727999999976,0.597731,,current_instrumented_shape_only
2,1,"sparse_attention|12,64,512;34090,32,1,512;34090,32,1,512;;12,1,512;12,32768;12,8192;13;;;;12;64;1024",21,0.6741827840000001,0.32417280000000015,0.9295599999999999,,current_instrumented_shape_only
2,1,"sparse_attention|12,64,512;34090,32,1,512;34090,32,1,512;;;12,32768;12,256;13;;;;12;64;1024",20,0.37337459200000006,0.162048,0.645373,,current_instrumented_shape_only
2,1,"sparse_attention|12,64,512;34090,32,1,512;;;;12,32768;;13;;;;12;64;1024",2,0.013908736,0.007246848,0.047841,,current_instrumented_shape_only
2,1,"transpose_matmul|96,1,4096;1,4096,1024",43,0.6394016000000001,0.00856422399999999,1.470526,,current_instrumented_shape_only
3,0,"compressor|96,4096;1024,4096;1024,4096;34090,2,2048;4,1024;512;36,64;36,64;12,524288;13;;12",21,0.678347008,0.04981401599999998,1.276466,,current_instrumented_shape_only
3,0,"compressor|96,4096;256,4096;256,4096;34090,2,512;4,256;128;36,64;36,64;12,524288;13;;12",21,0.34711411200000014,0.02878310400000001,1.154822,,current_instrumented_shape_only
3,0,"compressor|96,4096;512,4096;512,4096;34090,8,1024;128,512;512;12,64;12,64;12,131072;13;;12",20,0.5109379839999999,0.029972480000000006,1.05226,,current_instrumented_shape_only
3,0,"plain_matmul|12,16384;4,16384",1,0.002111488,0.00069824,0.0303,,current_instrumented_shape_only
3,0,"plain_matmul|12,4096;256,4096",43,0.319588992,0.0010567679999999996,0.5857899999999999,,current_instrumented_shape_only
3,0,"plain_matmul|12,4096;64,4096",21,0.019962879999999992,0.000129024,0.23644300000000001,,current_instrumented_shape_only
3,0,"plain_matmul|36,128;128,128",21,0.004436864,0.0003870719999999998,0.129542,,current_instrumented_shape_only
3,0,"plain_matmul|768,128;128,128",21,0.018869759999999996,0.008257536,0.14744500000000002,,current_instrumented_shape_only
3,0,"plain_matmul|96,1024;4096,1024",43,0.540237952,0.050196479999999974,0.672514,,current_instrumented_shape_only
3,0,"plain_matmul|96,4096;16160,4096",1,0.244158976,0.00408576,0.208465,,current_instrumented_shape_only
3,0,"quant_matmul|12,1024;1024,64,16,32;32768;12",43,1.532832768,0.1159582719999999,1.48525,,current_instrumented_shape_only
3,0,"quant_matmul|12,1024;256,64,16,32;8192;12",21,0.19310182400000003,0.01814937600000001,0.33690600000000004,,current_instrumented_shape_only
3,0,"quant_matmul|12,2048;128,128,16,32;4096;12",43,0.404128512,0.024393727999999976,0.7990760000000002,,current_instrumented_shape_only
3,0,"quant_matmul|12,4096;128,256,16,32;4096",43,0.7722442239999999,0.008558720000000002,0.9256190000000002,,current_instrumented_shape_only
3,0,"quant_matmul|12,4096;32,256,16,32;1024;12",43,0.23428326399999996,0.014882815999999983,0.7460760000000002,,current_instrumented_shape_only
3,0,"quant_matmul|96,4096;16,256,16,32;512;96",43,0.328347904,0.024393727999999976,0.5972700000000001,,current_instrumented_shape_only
3,0,"sparse_attention|12,64,512;34090,32,1,512;34090,32,1,512;;12,1,512;12,32768;12,8192;13;;;;12;64;1024",21,0.6743093759999998,0.32417280000000015,0.9057540000000002,,current_instrumented_shape_only
3,0,"sparse_attention|12,64,512;34090,32,1,512;34090,32,1,512;;;12,32768;12,256;13;;;;12;64;1024",20,0.373510016,0.162048,0.6676930000000001,,current_instrumented_shape_only
3,0,"sparse_attention|12,64,512;34090,32,1,512;;;;12,32768;;13;;;;12;64;1024",2,0.013924352000000001,0.007246848,0.047362,,current_instrumented_shape_only
3,0,"transpose_matmul|96,1,4096;1,4096,1024",43,0.6393140479999998,0.00856422399999999,1.512991,,current_instrumented_shape_only
3,1,"compressor|96,4096;1024,4096;1024,4096;34090,2,2048;4,1024;512;36,64;36,64;12,524288;13;;12",21,0.6781103359999999,0.04981401599999998,1.2798640000000001,,current_instrumented_shape_only
3,1,"compressor|96,4096;256,4096;256,4096;34090,2,512;4,256;128;36,64;36,64;12,524288;13;;12",21,0.3469644800000001,0.02878310400000001,1.146362,,current_instrumented_shape_only
3,1,"compressor|96,4096;512,4096;512,4096;34090,8,1024;128,512;512;12,64;12,64;12,131072;13;;12",20,0.49976230400000005,0.02980864,0.9452769999999998,,current_instrumented_shape_only
3,1,"plain_matmul|12,16384;4,16384",1,0.002099968,0.00069824,0.029881,,current_instrumented_shape_only
3,1,"plain_matmul|12,4096;256,4096",43,0.31958758400000004,0.0010567679999999996,0.5874289999999996,,current_instrumented_shape_only
3,1,"plain_matmul|12,4096;64,4096",21,0.019963008,0.000129024,0.23636499999999996,,current_instrumented_shape_only
3,1,"plain_matmul|36,128;128,128",21,0.00443648,0.0003870719999999998,0.13028099999999998,,current_instrumented_shape_only
3,1,"plain_matmul|768,128;128,128",21,0.018869759999999996,0.008257536,0.14898199999999998,,current_instrumented_shape_only
3,1,"plain_matmul|96,1024;4096,1024",43,0.540246272,0.050196479999999974,0.668914,,current_instrumented_shape_only
3,1,"plain_matmul|96,4096;16160,4096",1,0.244159872,0.00408576,0.209444,,current_instrumented_shape_only
3,1,"quant_matmul|12,1024;1024,64,16,32;32768;12",43,1.5328350720000006,0.1159582719999999,1.4712869999999998,,current_instrumented_shape_only
3,1,"quant_matmul|12,1024;256,64,16,32;8192;12",21,0.19310784000000003,0.01814937600000001,0.33968800000000005,,current_instrumented_shape_only
3,1,"quant_matmul|12,2048;128,128,16,32;4096;12",43,0.4041228799999999,0.024393727999999976,0.7952149999999998,,current_instrumented_shape_only
3,1,"quant_matmul|12,4096;128,256,16,32;4096",43,0.7722442239999999,0.008558720000000002,0.9386650000000001,,current_instrumented_shape_only
3,1,"quant_matmul|12,4096;32,256,16,32;1024;12",43,0.234278016,0.014882815999999983,0.7509350000000001,,current_instrumented_shape_only
3,1,"quant_matmul|96,4096;16,256,16,32;512;96",43,0.32836134399999994,0.024393727999999976,0.597135,,current_instrumented_shape_only
3,1,"sparse_attention|12,64,512;34090,32,1,512;34090,32,1,512;;12,1,512;12,32768;12,8192;13;;;;12;64;1024",21,0.6743923199999999,0.32417280000000015,0.9123179999999999,,current_instrumented_shape_only
3,1,"sparse_attention|12,64,512;34090,32,1,512;34090,32,1,512;;;12,32768;12,256;13;;;;12;64;1024",20,0.373539072,0.162048,0.6689950000000001,,current_instrumented_shape_only
3,1,"sparse_attention|12,64,512;34090,32,1,512;;;;12,32768;;13;;;;12;64;1024",2,0.013929216000000001,0.007246848,0.048122,,current_instrumented_shape_only
3,1,"transpose_matmul|96,1,4096;1,4096,1024",43,0.6393178880000002,0.00856422399999999,1.5131690000000002,,current_instrumented_shape_only
4,0,"compressor|96,4096;1024,4096;1024,4096;34090,2,2048;4,1024;512;36,64;36,64;12,524288;13;;12",21,0.6788380159999998,0.04981401599999998,1.2906849999999994,,current_instrumented_shape_only
4,0,"compressor|96,4096;256,4096;256,4096;34090,2,512;4,256;128;36,64;36,64;12,524288;13;;12",21,0.3471325440000001,0.02878310400000001,1.127082,,current_instrumented_shape_only
4,0,"compressor|96,4096;512,4096;512,4096;34090,8,1024;128,512;512;12,64;12,64;12,131072;13;;12",20,0.5108332800000001,0.029972480000000006,0.9564190000000001,,current_instrumented_shape_only
4,0,"plain_matmul|12,16384;4,16384",1,0.001984768,0.00069824,0.027641,,current_instrumented_shape_only
4,0,"plain_matmul|12,4096;256,4096",43,0.31959129599999997,0.0010567679999999996,0.5693310000000003,,current_instrumented_shape_only
4,0,"plain_matmul|12,4096;64,4096",21,0.019962368,0.000129024,0.23438599999999998,,current_instrumented_shape_only
4,0,"plain_matmul|36,128;128,128",21,0.004435583999999999,0.0003870719999999998,0.121842,,current_instrumented_shape_only
4,0,"plain_matmul|768,128;128,128",21,0.018869759999999996,0.008257536,0.13984200000000002,,current_instrumented_shape_only
4,0,"plain_matmul|96,1024;4096,1024",43,0.5402389760000001,0.050196479999999974,0.6563540000000001,,current_instrumented_shape_only
4,0,"plain_matmul|96,4096;16160,4096",1,0.244159232,0.00408576,0.209484,,current_instrumented_shape_only
4,0,"quant_matmul|12,1024;1024,64,16,32;32768;12",43,1.53283392,0.1159582719999999,1.4844880000000003,,current_instrumented_shape_only
4,0,"quant_matmul|12,1024;256,64,16,32;8192;12",21,0.193069312,0.01814937600000001,0.34601099999999996,,current_instrumented_shape_only
4,0,"quant_matmul|12,2048;128,128,16,32;4096;12",43,0.404091136,0.024393727999999976,0.7860119999999996,,current_instrumented_shape_only
4,0,"quant_matmul|12,4096;128,256,16,32;4096",43,0.772244096,0.008558720000000002,0.9645820000000003,,current_instrumented_shape_only
4,0,"quant_matmul|12,4096;32,256,16,32;1024;12",43,0.2341913599999999,0.014882815999999983,0.7311150000000001,,current_instrumented_shape_only
4,0,"quant_matmul|96,4096;16,256,16,32;512;96",43,0.32828838400000004,0.024393727999999976,0.6086529999999998,,current_instrumented_shape_only
4,0,"sparse_attention|12,64,512;34090,32,1,512;34090,32,1,512;;12,1,512;12,32768;12,8192;13;;;;12;64;1024",21,0.674249472,0.32417280000000015,0.9293599999999999,,current_instrumented_shape_only
4,0,"sparse_attention|12,64,512;34090,32,1,512;34090,32,1,512;;;12,32768;12,256;13;;;;12;64;1024",20,0.3735714560000001,0.162048,0.6661320000000001,,current_instrumented_shape_only
4,0,"sparse_attention|12,64,512;34090,32,1,512;;;;12,32768;;13;;;;12;64;1024",2,0.013943552,0.007246848,0.0504,,current_instrumented_shape_only
4,0,"transpose_matmul|96,1,4096;1,4096,1024",43,0.6393986559999999,0.00856422399999999,1.4725280000000003,,current_instrumented_shape_only
4,1,"compressor|96,4096;1024,4096;1024,4096;34090,2,2048;4,1024;512;36,64;36,64;12,524288;13;;12",21,0.6786333440000001,0.04981401599999998,1.2915869999999998,,current_instrumented_shape_only
4,1,"compressor|96,4096;256,4096;256,4096;34090,2,512;4,256;128;36,64;36,64;12,524288;13;;12",21,0.347179904,0.02878310400000001,1.1310429999999998,,current_instrumented_shape_only
4,1,"compressor|96,4096;512,4096;512,4096;34090,8,1024;128,512;512;12,64;12,64;12,131072;13;;12",20,0.49986982399999996,0.02980864,0.9043370000000001,,current_instrumented_shape_only
4,1,"plain_matmul|12,16384;4,16384",1,0.001952384,0.00069824,0.029481,,current_instrumented_shape_only
4,1,"plain_matmul|12,4096;256,4096",43,0.319589888,0.0010567679999999996,0.568171,,current_instrumented_shape_only
4,1,"plain_matmul|12,4096;64,4096",21,0.019963775999999996,0.000129024,0.23414400000000002,,current_instrumented_shape_only
4,1,"plain_matmul|36,128;128,128",21,0.0044383999999999995,0.0003870719999999998,0.12396299999999999,,current_instrumented_shape_only
4,1,"plain_matmul|768,128;128,128",21,0.018869759999999996,0.008257536,0.14086100000000001,,current_instrumented_shape_only
4,1,"plain_matmul|96,1024;4096,1024",43,0.5402433280000001,0.050196479999999974,0.6556389999999999,,current_instrumented_shape_only
4,1,"plain_matmul|96,4096;16160,4096",1,0.24415872,0.00408576,0.207264,,current_instrumented_shape_only
4,1,"quant_matmul|12,1024;1024,64,16,32;32768;12",43,1.532819584,0.1159582719999999,1.4734299999999996,,current_instrumented_shape_only
4,1,"quant_matmul|12,1024;256,64,16,32;8192;12",21,0.19305817600000005,0.01814937600000001,0.347248,,current_instrumented_shape_only
4,1,"quant_matmul|12,2048;128,128,16,32;4096;12",43,0.40408051199999995,0.024393727999999976,0.780797,,current_instrumented_shape_only
4,1,"quant_matmul|12,4096;128,256,16,32;4096",43,0.7722442239999999,0.008558720000000002,0.9581610000000003,,current_instrumented_shape_only
4,1,"quant_matmul|12,4096;32,256,16,32;1024;12",43,0.234218368,0.014882815999999983,0.7327369999999999,,current_instrumented_shape_only
4,1,"quant_matmul|96,4096;16,256,16,32;512;96",43,0.32828812800000007,0.024393727999999976,0.6059349999999999,,current_instrumented_shape_only
4,1,"sparse_attention|12,64,512;34090,32,1,512;34090,32,1,512;;12,1,512;12,32768;12,8192;13;;;;12;64;1024",21,0.6742304,0.32417280000000015,0.9231590000000002,,current_instrumented_shape_only
4,1,"sparse_attention|12,64,512;34090,32,1,512;34090,32,1,512;;;12,32768;12,256;13;;;;12;64;1024",20,0.373534848,0.162048,0.6714550000000001,,current_instrumented_shape_only
4,1,"sparse_attention|12,64,512;34090,32,1,512;;;;12,32768;;13;;;;12;64;1024",2,0.013948031999999999,0.007246848,0.051141000000000006,,current_instrumented_shape_only
4,1,"transpose_matmul|96,1,4096;1,4096,1024",43,0.6394014719999996,0.00856422399999999,1.485724,,current_instrumented_shape_only
5,0,"compressor|96,4096;1024,4096;1024,4096;34090,2,2048;4,1024;512;36,64;36,64;12,524288;13;;12",21,0.679009408,0.04981401599999998,1.309045,,current_instrumented_shape_only
5,0,"compressor|96,4096;256,4096;256,4096;34090,2,512;4,256;128;36,64;36,64;12,524288;13;;12",21,0.347745152,0.02878310400000001,1.1478629999999999,,current_instrumented_shape_only
5,0,"compressor|96,4096;512,4096;512,4096;34090,8,1024;128,512;512;12,64;12,64;12,131072;13;;12",20,0.51043136,0.029972480000000006,0.9910600000000002,,current_instrumented_shape_only
5,0,"plain_matmul|12,16384;4,16384",1,0.001980928,0.00069824,0.02794,,current_instrumented_shape_only
5,0,"plain_matmul|12,4096;256,4096",43,0.31958860800000005,0.0010567679999999996,0.5880730000000002,,current_instrumented_shape_only
5,0,"plain_matmul|12,4096;64,4096",21,0.019962880000000006,0.000129024,0.237226,,current_instrumented_shape_only
5,0,"plain_matmul|36,128;128,128",21,0.004436863999999999,0.0003870719999999998,0.12896,,current_instrumented_shape_only
5,0,"plain_matmul|768,128;128,128",21,0.018869759999999996,0.008257536,0.151004,,current_instrumented_shape_only
5,0,"plain_matmul|96,1024;4096,1024",43,0.5402380800000002,0.050196479999999974,0.669033,,current_instrumented_shape_only
5,0,"plain_matmul|96,4096;16160,4096",1,0.244158848,0.00408576,0.209784,,current_instrumented_shape_only
5,0,"quant_matmul|12,1024;1024,64,16,32;32768;12",43,1.5328399360000002,0.1159582719999999,1.479506,,current_instrumented_shape_only
5,0,"quant_matmul|12,1024;256,64,16,32;8192;12",21,0.193006848,0.01814937600000001,0.339004,,current_instrumented_shape_only
5,0,"quant_matmul|12,2048;128,128,16,32;4096;12",43,0.40410688000000006,0.024393727999999976,0.8082929999999999,,current_instrumented_shape_only
5,0,"quant_matmul|12,4096;128,256,16,32;4096",43,0.7722442239999999,0.008558720000000002,0.9216779999999998,,current_instrumented_shape_only
5,0,"quant_matmul|12,4096;32,256,16,32;1024;12",43,0.234035584,0.014882815999999983,0.7151300000000002,,current_instrumented_shape_only
5,0,"quant_matmul|96,4096;16,256,16,32;512;96",43,0.3283513599999999,0.024393727999999976,0.6014529999999999,,current_instrumented_shape_only
5,0,"sparse_attention|12,64,512;34090,32,1,512;34090,32,1,512;;12,1,512;12,32768;12,8192;13;;;;12;64;1024",21,0.6743106560000001,0.32417280000000015,0.9102779999999999,,current_instrumented_shape_only
5,0,"sparse_attention|12,64,512;34090,32,1,512;34090,32,1,512;;;12,32768;12,256;13;;;;12;64;1024",20,0.3734443520000001,0.162048,0.6714339999999999,,current_instrumented_shape_only
5,0,"sparse_attention|12,64,512;34090,32,1,512;;;;12,32768;;13;;;;12;64;1024",2,0.01392448,0.007246848,0.046981999999999996,,current_instrumented_shape_only
5,0,"transpose_matmul|96,1,4096;1,4096,1024",43,0.6393159679999999,0.00856422399999999,1.5023319999999991,,current_instrumented_shape_only
5,1,"compressor|96,4096;1024,4096;1024,4096;34090,2,2048;4,1024;512;36,64;36,64;12,524288;13;;12",21,0.6788371199999998,0.04981401599999998,1.3122870000000004,,current_instrumented_shape_only
5,1,"compressor|96,4096;256,4096;256,4096;34090,2,512;4,256;128;36,64;36,64;12,524288;13;;12",21,0.3476236800000001,0.02878310400000001,1.149784,,current_instrumented_shape_only
5,1,"compressor|96,4096;512,4096;512,4096;34090,8,1024;128,512;512;12,64;12,64;12,131072;13;;12",20,0.499295232,0.02980864,0.9140390000000002,,current_instrumented_shape_only
5,1,"plain_matmul|12,16384;4,16384",1,0.001991296,0.00069824,0.027801,,current_instrumented_shape_only
5,1,"plain_matmul|12,4096;256,4096",43,0.3195882239999999,0.0010567679999999996,0.585488,,current_instrumented_shape_only
5,1,"plain_matmul|12,4096;64,4096",21,0.019961728,0.000129024,0.237244,,current_instrumented_shape_only
5,1,"plain_matmul|36,128;128,128",21,0.004436992,0.0003870719999999998,0.130004,,current_instrumented_shape_only
5,1,"plain_matmul|768,128;128,128",21,0.018869759999999996,0.008257536,0.14898300000000003,,current_instrumented_shape_only
5,1,"plain_matmul|96,1024;4096,1024",43,0.5402429440000003,0.050196479999999974,0.6700499999999999,,current_instrumented_shape_only
5,1,"plain_matmul|96,4096;16160,4096",1,0.244159872,0.00408576,0.209965,,current_instrumented_shape_only
5,1,"quant_matmul|12,1024;1024,64,16,32;32768;12",43,1.5328422400000001,0.1159582719999999,1.4694509999999998,,current_instrumented_shape_only
5,1,"quant_matmul|12,1024;256,64,16,32;8192;12",21,0.19299891200000002,0.01814937600000001,0.33740599999999993,,current_instrumented_shape_only
5,1,"quant_matmul|12,2048;128,128,16,32;4096;12",43,0.4040677119999999,0.024393727999999976,0.809797,,current_instrumented_shape_only
5,1,"quant_matmul|12,4096;128,256,16,32;4096",43,0.7722442239999999,0.008558720000000002,0.914681,,current_instrumented_shape_only
5,1,"quant_matmul|12,4096;32,256,16,32;1024;12",43,0.234030848,0.014882815999999983,0.7175139999999998,,current_instrumented_shape_only
5,1,"quant_matmul|96,4096;16,256,16,32;512;96",43,0.32836224,0.024393727999999976,0.603993,,current_instrumented_shape_only
5,1,"sparse_attention|12,64,512;34090,32,1,512;34090,32,1,512;;12,1,512;12,32768;12,8192;13;;;;12;64;1024",21,0.674344704,0.32417280000000015,0.912216,,current_instrumented_shape_only
5,1,"sparse_attention|12,64,512;34090,32,1,512;34090,32,1,512;;;12,32768;12,256;13;;;;12;64;1024",20,0.37347251200000003,0.162048,0.668933,,current_instrumented_shape_only
5,1,"sparse_attention|12,64,512;34090,32,1,512;;;;12,32768;;13;;;;12;64;1024",2,0.013931904,0.007246848,0.04774,,current_instrumented_shape_only
5,1,"transpose_matmul|96,1,4096;1,4096,1024",43,0.6393254399999999,0.00856422399999999,1.504152,,current_instrumented_shape_only
6,0,"compressor|96,4096;1024,4096;1024,4096;34090,2,2048;4,1024;512;36,64;36,64;12,524288;13;;12",21,0.6788407039999999,0.04981401599999998,1.2978689999999997,,current_instrumented_shape_only
6,0,"compressor|96,4096;256,4096;256,4096;34090,2,512;4,256;128;36,64;36,64;12,524288;13;;12",21,0.34719321599999997,0.02878310400000001,1.1558140000000001,,current_instrumented_shape_only
6,0,"compressor|96,4096;512,4096;512,4096;34090,8,1024;128,512;512;12,64;12,64;12,131072;13;;12",20,0.510832256,0.029972480000000006,0.9991590000000001,,current_instrumented_shape_only
6,0,"plain_matmul|12,16384;4,16384",1,0.002046208,0.00069824,0.029119,,current_instrumented_shape_only
6,0,"plain_matmul|12,4096;256,4096",43,0.319587584,0.0010567679999999996,0.5901940000000001,,current_instrumented_shape_only
6,0,"plain_matmul|12,4096;64,4096",21,0.019963008000000004,0.000129024,0.235212,,current_instrumented_shape_only
6,0,"plain_matmul|36,128;128,128",21,0.004438912,0.0003870719999999998,0.12189699999999999,,current_instrumented_shape_only
6,0,"plain_matmul|768,128;128,128",21,0.018869759999999996,0.008257536,0.134635,,current_instrumented_shape_only
6,0,"plain_matmul|96,1024;4096,1024",43,0.5402356479999999,0.050196479999999974,0.6457540000000002,,current_instrumented_shape_only
6,0,"plain_matmul|96,4096;16160,4096",1,0.244160128,0.00408576,0.211351,,current_instrumented_shape_only
6,0,"quant_matmul|12,1024;1024,64,16,32;32768;12",43,1.5328134399999995,0.1159582719999999,1.461001,,current_instrumented_shape_only
6,0,"quant_matmul|12,1024;256,64,16,32;8192;12",21,0.193063552,0.01814937600000001,0.344466,,current_instrumented_shape_only
6,0,"quant_matmul|12,2048;128,128,16,32;4096;12",43,0.404073088,0.024393727999999976,0.7995449999999997,,current_instrumented_shape_only
6,0,"quant_matmul|12,4096;128,256,16,32;4096",43,0.7722442239999999,0.008558720000000002,0.9622579999999997,,current_instrumented_shape_only
6,0,"quant_matmul|12,4096;32,256,16,32;1024;12",43,0.23421900800000006,0.014882815999999983,0.7332639999999998,,current_instrumented_shape_only
6,0,"quant_matmul|96,4096;16,256,16,32;512;96",43,0.32827852800000007,0.024393727999999976,0.6117990000000001,,current_instrumented_shape_only
6,0,"sparse_attention|12,64,512;34090,32,1,512;34090,32,1,512;;12,1,512;12,32768;12,8192;13;;;;12;64;1024",21,0.674085504,0.32417280000000015,0.9248229999999998,,current_instrumented_shape_only
6,0,"sparse_attention|12,64,512;34090,32,1,512;34090,32,1,512;;;12,32768;12,256;13;;;;12;64;1024",20,0.37358681599999993,0.162048,0.6661940000000001,,current_instrumented_shape_only
6,0,"sparse_attention|12,64,512;34090,32,1,512;;;;12,32768;;13;;;;12;64;1024",2,0.013921408,0.007246848,0.047498,,current_instrumented_shape_only
6,0,"transpose_matmul|96,1,4096;1,4096,1024",43,0.6393982719999999,0.00856422399999999,1.496321,,current_instrumented_shape_only
6,1,"compressor|96,4096;1024,4096;1024,4096;34090,2,2048;4,1024;512;36,64;36,64;12,524288;13;;12",21,0.6786848000000001,0.04981401599999998,1.292129,,current_instrumented_shape_only
6,1,"compressor|96,4096;256,4096;256,4096;34090,2,512;4,256;128;36,64;36,64;12,524288;13;;12",21,0.34716864,0.02878310400000001,1.152635,,current_instrumented_shape_only
6,1,"compressor|96,4096;512,4096;512,4096;34090,8,1024;128,512;512;12,64;12,64;12,131072;13;;12",20,0.49968576,0.02980864,0.9105840000000002,,current_instrumented_shape_only
6,1,"plain_matmul|12,16384;4,16384",1,0.00200512,0.00069824,0.029179,,current_instrumented_shape_only
6,1,"plain_matmul|12,4096;256,4096",43,0.31959116800000004,0.0010567679999999996,0.593775,,current_instrumented_shape_only
6,1,"plain_matmul|12,4096;64,4096",21,0.019963263999999998,0.000129024,0.233832,,current_instrumented_shape_only
6,1,"plain_matmul|36,128;128,128",21,0.004439423999999999,0.0003870719999999998,0.12255600000000003,,current_instrumented_shape_only
6,1,"plain_matmul|768,128;128,128",21,0.018869759999999996,0.008257536,0.137576,,current_instrumented_shape_only
6,1,"plain_matmul|96,1024;4096,1024",43,0.5402385920000001,0.050196479999999974,0.6471410000000002,,current_instrumented_shape_only
6,1,"plain_matmul|96,4096;16160,4096",1,0.244159744,0.00408576,0.208631,,current_instrumented_shape_only
6,1,"quant_matmul|12,1024;1024,64,16,32;32768;12",43,1.5328231679999997,0.1159582719999999,1.4755260000000001,,current_instrumented_shape_only
6,1,"quant_matmul|12,1024;256,64,16,32;8192;12",21,0.193070592,0.01814937600000001,0.351346,,current_instrumented_shape_only
6,1,"quant_matmul|12,2048;128,128,16,32;4096;12",43,0.404059904,0.024393727999999976,0.79213,,current_instrumented_shape_only
6,1,"quant_matmul|12,4096;128,256,16,32;4096",43,0.7722442239999999,0.008558720000000002,0.96004,,current_instrumented_shape_only
6,1,"quant_matmul|12,4096;32,256,16,32;1024;12",43,0.23423065599999998,0.014882815999999983,0.7363320000000002,,current_instrumented_shape_only
6,1,"quant_matmul|96,4096;16,256,16,32;512;96",43,0.32828416,0.024393727999999976,0.6079539999999999,,current_instrumented_shape_only
6,1,"sparse_attention|12,64,512;34090,32,1,512;34090,32,1,512;;12,1,512;12,32768;12,8192;13;;;;12;64;1024",21,0.6740943359999999,0.32417280000000015,0.9254020000000001,,current_instrumented_shape_only
6,1,"sparse_attention|12,64,512;34090,32,1,512;34090,32,1,512;;;12,32768;12,256;13;;;;12;64;1024",20,0.37358553600000005,0.162048,0.6648739999999999,,current_instrumented_shape_only
6,1,"sparse_attention|12,64,512;34090,32,1,512;;;;12,32768;;13;;;;12;64;1024",2,0.013928576,0.007246848,0.048358,,current_instrumented_shape_only
6,1,"transpose_matmul|96,1,4096;1,4096,1024",43,0.639398528,0.00856422399999999,1.4846970000000002,,current_instrumented_shape_only
7,0,"compressor|96,4096;1024,4096;1024,4096;34090,2,2048;4,1024;512;36,64;36,64;12,524288;13;;12",21,0.6778702080000001,0.04981401599999998,1.2482840000000002,,current_instrumented_shape_only
7,0,"compressor|96,4096;256,4096;256,4096;34090,2,512;4,256;128;36,64;36,64;12,524288;13;;12",21,0.34620607999999997,0.02878310400000001,1.1015640000000002,,current_instrumented_shape_only
7,0,"compressor|96,4096;512,4096;512,4096;34090,8,1024;128,512;512;12,64;12,64;12,131072;13;;12",20,0.5108636160000001,0.029972480000000006,0.987939,,current_instrumented_shape_only
7,0,"plain_matmul|12,16384;4,16384",1,0.00205376,0.00069824,0.029721,,current_instrumented_shape_only
7,0,"plain_matmul|12,4096;256,4096",43,0.319590144,0.0010567679999999996,0.579831,,current_instrumented_shape_only
7,0,"plain_matmul|12,4096;64,4096",21,0.019963391999999993,0.000129024,0.23710199999999998,,current_instrumented_shape_only
7,0,"plain_matmul|36,128;128,128",21,0.004434944,0.0003870719999999998,0.12748199999999998,,current_instrumented_shape_only
7,0,"plain_matmul|768,128;128,128",21,0.018869759999999996,0.008257536,0.14874299999999996,,current_instrumented_shape_only
7,0,"plain_matmul|96,1024;4096,1024",43,0.5402424320000002,0.050196479999999974,0.6591129999999997,,current_instrumented_shape_only
7,0,"plain_matmul|96,4096;16160,4096",1,0.244160512,0.00408576,0.209004,,current_instrumented_shape_only
7,0,"quant_matmul|12,1024;1024,64,16,32;32768;12",43,1.5328509440000002,0.1159582719999999,1.4621870000000001,,current_instrumented_shape_only
7,0,"quant_matmul|12,1024;256,64,16,32;8192;12",21,0.19302463999999997,0.01814937600000001,0.323088,,current_instrumented_shape_only
7,0,"quant_matmul|12,2048;128,128,16,32;4096;12",43,0.4041200639999999,0.024393727999999976,0.8161750000000001,,current_instrumented_shape_only
7,0,"quant_matmul|12,4096;128,256,16,32;4096",43,0.7722442239999999,0.008558720000000002,0.9528990000000002,,current_instrumented_shape_only
7,0,"quant_matmul|12,4096;32,256,16,32;1024;12",43,0.23408230400000007,0.014882815999999983,0.7032339999999998,,current_instrumented_shape_only
7,0,"quant_matmul|96,4096;16,256,16,32;512;96",43,0.32828019199999997,0.024393727999999976,0.576091,,current_instrumented_shape_only
7,0,"sparse_attention|12,64,512;34090,32,1,512;34090,32,1,512;;12,1,512;12,32768;12,8192;13;;;;12;64;1024",21,0.6740158719999998,0.32417280000000015,0.908118,,current_instrumented_shape_only
7,0,"sparse_attention|12,64,512;34090,32,1,512;34090,32,1,512;;;12,32768;12,256;13;;;;12;64;1024",20,0.37331891199999995,0.162048,0.641591,,current_instrumented_shape_only
7,0,"sparse_attention|12,64,512;34090,32,1,512;;;;12,32768;;13;;;;12;64;1024",2,0.013906176,0.007246848,0.044080999999999995,,current_instrumented_shape_only
7,0,"transpose_matmul|96,1,4096;1,4096,1024",43,0.6393208319999998,0.00856422399999999,1.483209,,current_instrumented_shape_only
7,1,"compressor|96,4096;1024,4096;1024,4096;34090,2,2048;4,1024;512;36,64;36,64;12,524288;13;;12",21,0.6776355839999999,0.04981401599999998,1.2412839999999998,,current_instrumented_shape_only
7,1,"compressor|96,4096;256,4096;256,4096;34090,2,512;4,256;128;36,64;36,64;12,524288;13;;12",21,0.3461425920000001,0.02878310400000001,1.0998020000000002,,current_instrumented_shape_only
7,1,"compressor|96,4096;512,4096;512,4096;34090,8,1024;128,512;512;12,64;12,64;12,131072;13;;12",20,0.4998690560000001,0.02980864,0.8913370000000002,,current_instrumented_shape_only
7,1,"plain_matmul|12,16384;4,16384",1,0.002027392,0.00069824,0.030261,,current_instrumented_shape_only
7,1,"plain_matmul|12,4096;256,4096",43,0.319590016,0.0010567679999999996,0.580351,,current_instrumented_shape_only
7,1,"plain_matmul|12,4096;64,4096",21,0.019964288,0.000129024,0.236226,,current_instrumented_shape_only
7,1,"plain_matmul|36,128;128,128",21,0.004436224,0.0003870719999999998,0.127363,,current_instrumented_shape_only
7,1,"plain_matmul|768,128;128,128",21,0.018869759999999996,0.008257536,0.14760399999999996,,current_instrumented_shape_only
7,1,"plain_matmul|96,1024;4096,1024",43,0.5402423039999998,0.050196479999999974,0.662799,,current_instrumented_shape_only
7,1,"plain_matmul|96,4096;16160,4096",1,0.24416,0.00408576,0.211004,,current_instrumented_shape_only
7,1,"quant_matmul|12,1024;1024,64,16,32;32768;12",43,1.5328564480000004,0.1159582719999999,1.447211,,current_instrumented_shape_only
7,1,"quant_matmul|12,1024;256,64,16,32;8192;12",21,0.1930112,0.01814937600000001,0.3238660000000001,,current_instrumented_shape_only
7,1,"quant_matmul|12,2048;128,128,16,32;4096;12",43,0.4040929279999999,0.024393727999999976,0.8109019999999999,,current_instrumented_shape_only
7,1,"quant_matmul|12,4096;128,256,16,32;4096",43,0.7722442239999999,0.008558720000000002,0.9492210000000001,,current_instrumented_shape_only
7,1,"quant_matmul|12,4096;32,256,16,32;1024;12",43,0.23408409600000005,0.014882815999999983,0.706177,,current_instrumented_shape_only
7,1,"quant_matmul|96,4096;16,256,16,32;512;96",43,0.32826905600000006,0.024393727999999976,0.5731080000000002,,current_instrumented_shape_only
7,1,"sparse_attention|12,64,512;34090,32,1,512;34090,32,1,512;;12,1,512;12,32768;12,8192;13;;;;12;64;1024",21,0.6739947520000001,0.32417280000000015,0.9125799999999998,,current_instrumented_shape_only
7,1,"sparse_attention|12,64,512;34090,32,1,512;34090,32,1,512;;;12,32768;12,256;13;;;;12;64;1024",20,0.37337472,0.162048,0.6407149999999999,,current_instrumented_shape_only
7,1,"sparse_attention|12,64,512;34090,32,1,512;;;;12,32768;;13;;;;12;64;1024",2,0.013910528,0.007246848,0.044422,,current_instrumented_shape_only
7,1,"transpose_matmul|96,1,4096;1,4096,1024",43,0.6393181440000001,0.00856422399999999,1.4840829999999998,,current_instrumented_shape_only
