rank,cycle,family,current_kernel_count,observed_read_GB,observed_write_GB,observed_kernel_sum_ms,operand_footprint_bytes,compulsory_HBM_lower_bytes,constructive_HBM_upper_bytes,link_bytes_status,status,source
0,0,comm_associated_aiv,437,0.7794440960000004,0.4822947840000007,17.84643799999999,,,,unavailable_in_counter_export,current_instrumented_kernel_counter_only,Run248 same window; Run247/249 independent classification
0,0,compressor,62,1.5372538880000004,0.10856960000000006,3.461349999999999,,,,unavailable_in_counter_export,current_instrumented_kernel_counter_only,Run248 same window; Run247/249 independent classification
0,0,gmm1,43,6.343658752,0.104815232,6.411510999999999,,,,unavailable_in_counter_export,current_instrumented_kernel_counter_only,Run248 same window; Run247/249 independent classification
0,0,gmm2,43,3.2842329600000006,0.11920947199999998,3.574913,,,,unavailable_in_counter_export,current_instrumented_kernel_counter_only,Run248 same window; Run247/249 independent classification
0,0,hcom,265,0.0,0.0,14.083340999999997,,,,unavailable_in_counter_export,current_instrumented_kernel_counter_only,Run248 same window; Run247/249 independent classification
0,0,indexer,21,0.09692774399999998,0.02361139199999999,1.7441119999999999,,,,unavailable_in_counter_export,current_instrumented_kernel_counter_only,Run248 same window; Run247/249 independent classification
0,0,inplace_copy,205,0.6175776,0.609485952,1.9107739999999998,,,,unavailable_in_counter_export,current_instrumented_kernel_counter_only,Run248 same window; Run247/249 independent classification
0,0,plain_matmul,151,1.1492718080000002,0.06481087999999992,1.9082850000000002,,,,unavailable_in_counter_export,current_instrumented_kernel_counter_only,Run248 same window; Run247/249 independent classification
0,0,quant_matmul,236,3.464659199999999,0.20633663999999985,4.881214999999998,,,,unavailable_in_counter_export,current_instrumented_kernel_counter_only,Run248 same window; Run247/249 independent classification
0,0,remaining,1161,0.3621835519999986,0.1678639359999993,8.722807,,,,unavailable_in_counter_export,current_instrumented_kernel_counter_only,Run248 same window; Run247/249 independent classification
0,0,scatter_sk,126,0.046682496,0.006277504000000004,2.316184000000001,,,,unavailable_in_counter_export,current_instrumented_kernel_counter_only,Run248 same window; Run247/249 independent classification
0,0,sparse_attention,43,1.0613434880000003,0.49346764799999987,1.648752,,,,unavailable_in_counter_export,current_instrumented_kernel_counter_only,Run248 same window; Run247/249 independent classification
0,0,transpose_matmul,43,0.6394009599999998,0.00856422399999999,1.4677299999999998,,,,unavailable_in_counter_export,current_instrumented_kernel_counter_only,Run248 same window; Run247/249 independent classification
0,1,comm_associated_aiv,437,0.7385063680000002,0.4822947840000007,11.755631999999997,,,,unavailable_in_counter_export,current_instrumented_kernel_counter_only,Run248 same window; Run247/249 independent classification
0,1,compressor,62,1.5259609600000008,0.10840576000000005,3.3539249999999994,,,,unavailable_in_counter_export,current_instrumented_kernel_counter_only,Run248 same window; Run247/249 independent classification
0,1,gmm1,43,5.977952896,0.10835545599999999,6.207525000000001,,,,unavailable_in_counter_export,current_instrumented_kernel_counter_only,Run248 same window; Run247/249 independent classification
0,1,gmm2,43,3.117602304000001,0.12326348800000006,3.489966,,,,unavailable_in_counter_export,current_instrumented_kernel_counter_only,Run248 same window; Run247/249 independent classification
0,1,hcom,265,0.0,0.0,7.993292999999997,,,,unavailable_in_counter_export,current_instrumented_kernel_counter_only,Run248 same window; Run247/249 independent classification
0,1,indexer,21,0.09694912000000001,0.02361139199999999,1.739494,,,,unavailable_in_counter_export,current_instrumented_kernel_counter_only,Run248 same window; Run247/249 independent classification
0,1,inplace_copy,205,0.6175482880000001,0.609485952,1.9125589999999995,,,,unavailable_in_counter_export,current_instrumented_kernel_counter_only,Run248 same window; Run247/249 independent classification
0,1,plain_matmul,151,1.1492608000000004,0.06481087999999992,1.912564,,,,unavailable_in_counter_export,current_instrumented_kernel_counter_only,Run248 same window; Run247/249 independent classification
0,1,quant_matmul,236,3.4646050559999995,0.20633663999999985,4.871039000000001,,,,unavailable_in_counter_export,current_instrumented_kernel_counter_only,Run248 same window; Run247/249 independent classification
0,1,remaining,1161,0.3646241279999982,0.1685267199999993,8.699820999999996,,,,unavailable_in_counter_export,current_instrumented_kernel_counter_only,Run248 same window; Run247/249 independent classification
0,1,scatter_sk,126,0.04662335999999998,0.006259712000000003,2.3221100000000003,,,,unavailable_in_counter_export,current_instrumented_kernel_counter_only,Run248 same window; Run247/249 independent classification
0,1,sparse_attention,43,1.061093632,0.49346764799999987,1.6481569999999997,,,,unavailable_in_counter_export,current_instrumented_kernel_counter_only,Run248 same window; Run247/249 independent classification
0,1,transpose_matmul,43,0.639402496,0.00856422399999999,1.4684480000000002,,,,unavailable_in_counter_export,current_instrumented_kernel_counter_only,Run248 same window; Run247/249 independent classification
1,0,comm_associated_aiv,437,0.7710324480000006,0.4822947840000007,17.299688999999972,,,,unavailable_in_counter_export,current_instrumented_kernel_counter_only,Run248 same window; Run247/249 independent classification
1,0,compressor,62,1.5349999360000006,0.10856960000000006,3.3648289999999994,,,,unavailable_in_counter_export,current_instrumented_kernel_counter_only,Run248 same window; Run247/249 independent classification
1,0,gmm1,43,6.294306944000001,0.09665088000000001,6.3354479999999995,,,,unavailable_in_counter_export,current_instrumented_kernel_counter_only,Run248 same window; Run247/249 independent classification
1,0,gmm2,43,3.238544768,0.10955315199999999,3.540933,,,,unavailable_in_counter_export,current_instrumented_kernel_counter_only,Run248 same window; Run247/249 independent classification
1,0,hcom,265,0.0,0.0,13.779253999999987,,,,unavailable_in_counter_export,current_instrumented_kernel_counter_only,Run248 same window; Run247/249 independent classification
1,0,indexer,21,0.09650892800000001,0.02361139199999999,1.716213,,,,unavailable_in_counter_export,current_instrumented_kernel_counter_only,Run248 same window; Run247/249 independent classification
1,0,inplace_copy,205,0.6175379200000001,0.609485952,1.943181999999999,,,,unavailable_in_counter_export,current_instrumented_kernel_counter_only,Run248 same window; Run247/249 independent classification
1,0,plain_matmul,151,1.149364736,0.06481087999999992,1.977878,,,,unavailable_in_counter_export,current_instrumented_kernel_counter_only,Run248 same window; Run247/249 independent classification
1,0,quant_matmul,236,3.464881663999996,0.20633663999999985,4.813756000000001,,,,unavailable_in_counter_export,current_instrumented_kernel_counter_only,Run248 same window; Run247/249 independent classification
1,0,remaining,1161,0.3561803519999988,0.16633484799999926,8.694677999999989,,,,unavailable_in_counter_export,current_instrumented_kernel_counter_only,Run248 same window; Run247/249 independent classification
1,0,scatter_sk,126,0.04667763200000001,0.006277504000000004,2.3266270000000007,,,,unavailable_in_counter_export,current_instrumented_kernel_counter_only,Run248 same window; Run247/249 independent classification
1,0,sparse_attention,43,1.060739968,0.49346764799999987,1.6148359999999995,,,,unavailable_in_counter_export,current_instrumented_kernel_counter_only,Run248 same window; Run247/249 independent classification
1,0,transpose_matmul,43,0.6393999359999998,0.00856422399999999,1.4794310000000002,,,,unavailable_in_counter_export,current_instrumented_kernel_counter_only,Run248 same window; Run247/249 independent classification
1,1,comm_associated_aiv,437,0.7220967679999997,0.4822947840000007,9.500842,,,,unavailable_in_counter_export,current_instrumented_kernel_counter_only,Run248 same window; Run247/249 independent classification
1,1,compressor,62,1.5236858880000008,0.10840576000000005,3.2807650000000015,,,,unavailable_in_counter_export,current_instrumented_kernel_counter_only,Run248 same window; Run247/249 independent classification
1,1,gmm1,43,5.728906240000001,0.096517376,5.960521000000001,,,,unavailable_in_counter_export,current_instrumented_kernel_counter_only,Run248 same window; Run247/249 independent classification
1,1,gmm2,43,2.9610718719999998,0.109193728,3.321004999999999,,,,unavailable_in_counter_export,current_instrumented_kernel_counter_only,Run248 same window; Run247/249 independent classification
1,1,hcom,265,0.0,0.0,5.959830999999999,,,,unavailable_in_counter_export,current_instrumented_kernel_counter_only,Run248 same window; Run247/249 independent classification
1,1,indexer,21,0.09653465600000001,0.02361139199999999,1.7213570000000002,,,,unavailable_in_counter_export,current_instrumented_kernel_counter_only,Run248 same window; Run247/249 independent classification
1,1,inplace_copy,205,0.617522944,0.609485952,1.9479879999999985,,,,unavailable_in_counter_export,current_instrumented_kernel_counter_only,Run248 same window; Run247/249 independent classification
1,1,plain_matmul,151,1.149310464,0.06481087999999992,1.9796580000000004,,,,unavailable_in_counter_export,current_instrumented_kernel_counter_only,Run248 same window; Run247/249 independent classification
1,1,quant_matmul,236,3.4648894720000007,0.20633663999999985,4.833555999999998,,,,unavailable_in_counter_export,current_instrumented_kernel_counter_only,Run248 same window; Run247/249 independent classification
1,1,remaining,1161,0.355879167999999,0.16630911999999928,8.687729000000004,,,,unavailable_in_counter_export,current_instrumented_kernel_counter_only,Run248 same window; Run247/249 independent classification
1,1,scatter_sk,126,0.04664332800000001,0.006259712000000003,2.3316060000000007,,,,unavailable_in_counter_export,current_instrumented_kernel_counter_only,Run248 same window; Run247/249 independent classification
1,1,sparse_attention,43,1.0607673599999998,0.49346764799999987,1.608568,,,,unavailable_in_counter_export,current_instrumented_kernel_counter_only,Run248 same window; Run247/249 independent classification
1,1,transpose_matmul,43,0.6393992959999999,0.00856422399999999,1.4740520000000004,,,,unavailable_in_counter_export,current_instrumented_kernel_counter_only,Run248 same window; Run247/249 independent classification
2,0,comm_associated_aiv,437,0.7350270719999998,0.4822947840000007,11.356345999999993,,,,unavailable_in_counter_export,current_instrumented_kernel_counter_only,Run248 same window; Run247/249 independent classification
2,0,compressor,62,1.5365127679999997,0.10856960000000006,3.461574,,,,unavailable_in_counter_export,current_instrumented_kernel_counter_only,Run248 same window; Run247/249 independent classification
2,0,gmm1,43,6.194619392000001,0.09913407999999997,6.253103999999999,,,,unavailable_in_counter_export,current_instrumented_kernel_counter_only,Run248 same window; Run247/249 independent classification
2,0,gmm2,43,3.198166912,0.112448,3.524873000000001,,,,unavailable_in_counter_export,current_instrumented_kernel_counter_only,Run248 same window; Run247/249 independent classification
2,0,hcom,265,0.0,0.0,7.545029,,,,unavailable_in_counter_export,current_instrumented_kernel_counter_only,Run248 same window; Run247/249 independent classification
2,0,indexer,21,0.097671296,0.02361139199999999,1.7740509999999998,,,,unavailable_in_counter_export,current_instrumented_kernel_counter_only,Run248 same window; Run247/249 independent classification
2,0,inplace_copy,205,0.617586688,0.609485952,1.8021580000000004,,,,unavailable_in_counter_export,current_instrumented_kernel_counter_only,Run248 same window; Run247/249 independent classification
2,0,plain_matmul,151,1.14946752,0.06481087999999992,1.9787990000000002,,,,unavailable_in_counter_export,current_instrumented_kernel_counter_only,Run248 same window; Run247/249 independent classification
2,0,quant_matmul,236,3.4647857919999994,0.20633663999999985,4.8955389999999985,,,,unavailable_in_counter_export,current_instrumented_kernel_counter_only,Run248 same window; Run247/249 independent classification
2,0,remaining,1161,0.3579508479999985,0.16679948799999933,8.444029000000013,,,,unavailable_in_counter_export,current_instrumented_kernel_counter_only,Run248 same window; Run247/249 independent classification
2,0,scatter_sk,126,0.04673292799999998,0.006277504000000004,2.2811779999999997,,,,unavailable_in_counter_export,current_instrumented_kernel_counter_only,Run248 same window; Run247/249 independent classification
2,0,sparse_attention,43,1.061459456,0.49346764799999987,1.6269729999999996,,,,unavailable_in_counter_export,current_instrumented_kernel_counter_only,Run248 same window; Run247/249 independent classification
2,0,transpose_matmul,43,0.63940032,0.00856422399999999,1.4789690000000002,,,,unavailable_in_counter_export,current_instrumented_kernel_counter_only,Run248 same window; Run247/249 independent classification
2,1,comm_associated_aiv,437,0.7411996160000001,0.4822947840000007,12.434724000000005,,,,unavailable_in_counter_export,current_instrumented_kernel_counter_only,Run248 same window; Run247/249 independent classification
2,1,compressor,62,1.5251293439999998,0.10840576000000005,3.362127,,,,unavailable_in_counter_export,current_instrumented_kernel_counter_only,Run248 same window; Run247/249 independent classification
2,1,gmm1,43,5.614762111999999,0.09967308799999998,5.853274,,,,unavailable_in_counter_export,current_instrumented_kernel_counter_only,Run248 same window; Run247/249 independent classification
2,1,gmm2,43,2.9009848319999993,0.11287193599999999,3.266248,,,,unavailable_in_counter_export,current_instrumented_kernel_counter_only,Run248 same window; Run247/249 independent classification
2,1,hcom,265,0.0,0.0,8.628044999999995,,,,unavailable_in_counter_export,current_instrumented_kernel_counter_only,Run248 same window; Run247/249 independent classification
2,1,indexer,21,0.09765683200000003,0.02361139199999999,1.775335,,,,unavailable_in_counter_export,current_instrumented_kernel_counter_only,Run248 same window; Run247/249 independent classification
2,1,inplace_copy,205,0.617542272,0.609485952,1.8056340000000004,,,,unavailable_in_counter_export,current_instrumented_kernel_counter_only,Run248 same window; Run247/249 independent classification
2,1,plain_matmul,151,1.149482496,0.06481087999999992,1.9752250000000005,,,,unavailable_in_counter_export,current_instrumented_kernel_counter_only,Run248 same window; Run247/249 independent classification
2,1,quant_matmul,236,3.464728447999999,0.20633663999999985,4.952253000000002,,,,unavailable_in_counter_export,current_instrumented_kernel_counter_only,Run248 same window; Run247/249 independent classification
2,1,remaining,1161,0.3581524479999985,0.16690047999999932,8.438743999999996,,,,unavailable_in_counter_export,current_instrumented_kernel_counter_only,Run248 same window; Run247/249 independent classification
2,1,scatter_sk,126,0.046696703999999985,0.006259712000000003,2.283467999999999,,,,unavailable_in_counter_export,current_instrumented_kernel_counter_only,Run248 same window; Run247/249 independent classification
2,1,sparse_attention,43,1.0614661119999997,0.49346764799999987,1.6227739999999995,,,,unavailable_in_counter_export,current_instrumented_kernel_counter_only,Run248 same window; Run247/249 independent classification
2,1,transpose_matmul,43,0.6394016000000001,0.00856422399999999,1.470526,,,,unavailable_in_counter_export,current_instrumented_kernel_counter_only,Run248 same window; Run247/249 independent classification
3,0,comm_associated_aiv,437,0.7213464320000004,0.4822947840000007,9.128921000000004,,,,unavailable_in_counter_export,current_instrumented_kernel_counter_only,Run248 same window; Run247/249 independent classification
3,0,compressor,62,1.5363991039999996,0.10856960000000006,3.4835480000000003,,,,unavailable_in_counter_export,current_instrumented_kernel_counter_only,Run248 same window; Run247/249 independent classification
3,0,gmm1,43,6.371887104,0.09692864000000001,6.402545999999999,,,,unavailable_in_counter_export,current_instrumented_kernel_counter_only,Run248 same window; Run247/249 independent classification
3,0,gmm2,43,3.2773461759999987,0.10990028800000001,3.637818,,,,unavailable_in_counter_export,current_instrumented_kernel_counter_only,Run248 same window; Run247/249 independent classification
3,0,hcom,265,0.0,0.0,5.512566999999996,,,,unavailable_in_counter_export,current_instrumented_kernel_counter_only,Run248 same window; Run247/249 independent classification
3,0,indexer,21,0.096492672,0.02361139199999999,1.754655,,,,unavailable_in_counter_export,current_instrumented_kernel_counter_only,Run248 same window; Run247/249 independent classification
3,0,inplace_copy,205,0.6175777280000001,0.609485952,1.9088599999999993,,,,unavailable_in_counter_export,current_instrumented_kernel_counter_only,Run248 same window; Run247/249 independent classification
3,0,plain_matmul,151,1.1493669119999999,0.06481087999999992,2.0104990000000003,,,,unavailable_in_counter_export,current_instrumented_kernel_counter_only,Run248 same window; Run247/249 independent classification
3,0,quant_matmul,236,3.464938495999998,0.20633663999999985,4.890196999999997,,,,unavailable_in_counter_export,current_instrumented_kernel_counter_only,Run248 same window; Run247/249 independent classification
3,0,remaining,1161,0.3563555839999988,0.16638553599999928,8.428950999999998,,,,unavailable_in_counter_export,current_instrumented_kernel_counter_only,Run248 same window; Run247/249 independent classification
3,0,scatter_sk,126,0.04672768000000002,0.006277504000000004,2.283809,,,,unavailable_in_counter_export,current_instrumented_kernel_counter_only,Run248 same window; Run247/249 independent classification
3,0,sparse_attention,43,1.0617437440000002,0.49346764799999987,1.6208090000000002,,,,unavailable_in_counter_export,current_instrumented_kernel_counter_only,Run248 same window; Run247/249 independent classification
3,0,transpose_matmul,43,0.6393140479999998,0.00856422399999999,1.512991,,,,unavailable_in_counter_export,current_instrumented_kernel_counter_only,Run248 same window; Run247/249 independent classification
3,1,comm_associated_aiv,437,0.7303971840000002,0.4822947840000007,10.486876999999982,,,,unavailable_in_counter_export,current_instrumented_kernel_counter_only,Run248 same window; Run247/249 independent classification
3,1,compressor,62,1.5248371200000002,0.10840576000000005,3.371503,,,,unavailable_in_counter_export,current_instrumented_kernel_counter_only,Run248 same window; Run247/249 independent classification
3,1,gmm1,43,5.800757120000001,0.09760486399999997,5.992599000000001,,,,unavailable_in_counter_export,current_instrumented_kernel_counter_only,Run248 same window; Run247/249 independent classification
3,1,gmm2,43,3.0144464640000006,0.11050854399999999,3.411372,,,,unavailable_in_counter_export,current_instrumented_kernel_counter_only,Run248 same window; Run247/249 independent classification
3,1,hcom,265,0.0,0.0,6.8555829999999975,,,,unavailable_in_counter_export,current_instrumented_kernel_counter_only,Run248 same window; Run247/249 independent classification
3,1,indexer,21,0.09652966399999997,0.02361139199999999,1.7561150000000003,,,,unavailable_in_counter_export,current_instrumented_kernel_counter_only,Run248 same window; Run247/249 independent classification
3,1,inplace_copy,205,0.6175549440000001,0.609485952,1.9114569999999997,,,,unavailable_in_counter_export,current_instrumented_kernel_counter_only,Run248 same window; Run247/249 independent classification
3,1,plain_matmul,151,1.149362944,0.06481087999999992,2.0112960000000015,,,,unavailable_in_counter_export,current_instrumented_kernel_counter_only,Run248 same window; Run247/249 independent classification
3,1,quant_matmul,236,3.464949375999997,0.20633663999999985,4.892925,,,,unavailable_in_counter_export,current_instrumented_kernel_counter_only,Run248 same window; Run247/249 independent classification
3,1,remaining,1161,0.3566280959999988,0.16651187199999923,8.409041999999994,,,,unavailable_in_counter_export,current_instrumented_kernel_counter_only,Run248 same window; Run247/249 independent classification
3,1,scatter_sk,126,0.04665983999999997,0.006259712000000003,2.2832059999999994,,,,unavailable_in_counter_export,current_instrumented_kernel_counter_only,Run248 same window; Run247/249 independent classification
3,1,sparse_attention,43,1.061860608,0.49346764799999987,1.6294349999999997,,,,unavailable_in_counter_export,current_instrumented_kernel_counter_only,Run248 same window; Run247/249 independent classification
3,1,transpose_matmul,43,0.6393178880000002,0.00856422399999999,1.5131690000000002,,,,unavailable_in_counter_export,current_instrumented_kernel_counter_only,Run248 same window; Run247/249 independent classification
4,0,comm_associated_aiv,437,0.8167162879999998,0.4822947840000007,24.21294500000001,,,,unavailable_in_counter_export,current_instrumented_kernel_counter_only,Run248 same window; Run247/249 independent classification
4,0,compressor,62,1.5368038399999997,0.10856960000000006,3.3741859999999995,,,,unavailable_in_counter_export,current_instrumented_kernel_counter_only,Run248 same window; Run247/249 independent classification
4,0,gmm1,43,6.254744448000002,0.101545984,6.352226999999999,,,,unavailable_in_counter_export,current_instrumented_kernel_counter_only,Run248 same window; Run247/249 independent classification
4,0,gmm2,43,3.2361134079999996,0.11531827200000001,3.572114,,,,unavailable_in_counter_export,current_instrumented_kernel_counter_only,Run248 same window; Run247/249 independent classification
4,0,hcom,265,0.0,0.0,20.627774000000013,,,,unavailable_in_counter_export,current_instrumented_kernel_counter_only,Run248 same window; Run247/249 independent classification
4,0,indexer,21,0.09791795199999999,0.02361139199999999,1.759552,,,,unavailable_in_counter_export,current_instrumented_kernel_counter_only,Run248 same window; Run247/249 independent classification
4,0,inplace_copy,205,0.617572608,0.609485952,1.8522380000000007,,,,unavailable_in_counter_export,current_instrumented_kernel_counter_only,Run248 same window; Run247/249 independent classification
4,0,plain_matmul,151,1.1492419839999999,0.06481087999999992,1.95888,,,,unavailable_in_counter_export,current_instrumented_kernel_counter_only,Run248 same window; Run247/249 independent classification
4,0,quant_matmul,236,3.4647182080000003,0.20633663999999985,4.920861000000001,,,,unavailable_in_counter_export,current_instrumented_kernel_counter_only,Run248 same window; Run247/249 independent classification
4,0,remaining,1161,0.3598216959999989,0.16725145599999933,8.828651999999984,,,,unavailable_in_counter_export,current_instrumented_kernel_counter_only,Run248 same window; Run247/249 independent classification
4,0,scatter_sk,126,0.046657023999999984,0.006277504000000004,2.2711250000000005,,,,unavailable_in_counter_export,current_instrumented_kernel_counter_only,Run248 same window; Run247/249 independent classification
4,0,sparse_attention,43,1.0617644799999997,0.49346764799999987,1.6458920000000001,,,,unavailable_in_counter_export,current_instrumented_kernel_counter_only,Run248 same window; Run247/249 independent classification
4,0,transpose_matmul,43,0.6393986559999999,0.00856422399999999,1.4725280000000003,,,,unavailable_in_counter_export,current_instrumented_kernel_counter_only,Run248 same window; Run247/249 independent classification
4,1,comm_associated_aiv,437,0.7321036800000003,0.4822947840000007,11.134555000000011,,,,unavailable_in_counter_export,current_instrumented_kernel_counter_only,Run248 same window; Run247/249 independent classification
4,1,compressor,62,1.525683072,0.10840576000000005,3.3269670000000007,,,,unavailable_in_counter_export,current_instrumented_kernel_counter_only,Run248 same window; Run247/249 independent classification
4,1,gmm1,43,5.494844032000001,0.10141299200000004,5.818675000000001,,,,unavailable_in_counter_export,current_instrumented_kernel_counter_only,Run248 same window; Run247/249 independent classification
4,1,gmm2,43,2.8603467519999994,0.11488819199999996,3.2866069999999996,,,,unavailable_in_counter_export,current_instrumented_kernel_counter_only,Run248 same window; Run247/249 independent classification
4,1,hcom,265,0.0,0.0,7.541781000000005,,,,unavailable_in_counter_export,current_instrumented_kernel_counter_only,Run248 same window; Run247/249 independent classification
4,1,indexer,21,0.09789504,0.02361139199999999,1.7637140000000002,,,,unavailable_in_counter_export,current_instrumented_kernel_counter_only,Run248 same window; Run247/249 independent classification
4,1,inplace_copy,205,0.617557248,0.609485952,1.8578909999999997,,,,unavailable_in_counter_export,current_instrumented_kernel_counter_only,Run248 same window; Run247/249 independent classification
4,1,plain_matmul,151,1.149216256,0.06481087999999992,1.9595229999999995,,,,unavailable_in_counter_export,current_instrumented_kernel_counter_only,Run248 same window; Run247/249 independent classification
4,1,quant_matmul,236,3.464708991999999,0.20633663999999985,4.898307999999998,,,,unavailable_in_counter_export,current_instrumented_kernel_counter_only,Run248 same window; Run247/249 independent classification
4,1,remaining,1161,0.3594974719999983,0.16722572799999924,8.834550999999994,,,,unavailable_in_counter_export,current_instrumented_kernel_counter_only,Run248 same window; Run247/249 independent classification
4,1,scatter_sk,126,0.046620928000000006,0.006259712000000003,2.274426,,,,unavailable_in_counter_export,current_instrumented_kernel_counter_only,Run248 same window; Run247/249 independent classification
4,1,sparse_attention,43,1.0617132800000002,0.49346764799999987,1.6457549999999999,,,,unavailable_in_counter_export,current_instrumented_kernel_counter_only,Run248 same window; Run247/249 independent classification
4,1,transpose_matmul,43,0.6394014719999996,0.00856422399999999,1.485724,,,,unavailable_in_counter_export,current_instrumented_kernel_counter_only,Run248 same window; Run247/249 independent classification
5,0,comm_associated_aiv,437,0.8686911999999999,0.4822947840000007,31.629751999999975,,,,unavailable_in_counter_export,current_instrumented_kernel_counter_only,Run248 same window; Run247/249 independent classification
5,0,compressor,62,1.53718592,0.10856960000000006,3.4479680000000004,,,,unavailable_in_counter_export,current_instrumented_kernel_counter_only,Run248 same window; Run247/249 independent classification
5,0,gmm1,43,6.678954624000001,0.108556288,6.5737309999999995,,,,unavailable_in_counter_export,current_instrumented_kernel_counter_only,Run248 same window; Run247/249 independent classification
5,0,gmm2,43,3.4443921919999987,0.123739648,3.738018999999999,,,,unavailable_in_counter_export,current_instrumented_kernel_counter_only,Run248 same window; Run247/249 independent classification
5,0,hcom,265,0.0,0.0,27.845840999999965,,,,unavailable_in_counter_export,current_instrumented_kernel_counter_only,Run248 same window; Run247/249 independent classification
5,0,indexer,21,0.09788800000000002,0.023600640000000013,1.7724790000000001,,,,unavailable_in_counter_export,current_instrumented_kernel_counter_only,Run248 same window; Run247/249 independent classification
5,0,inplace_copy,205,0.6175613440000001,0.609485952,1.8583539999999998,,,,unavailable_in_counter_export,current_instrumented_kernel_counter_only,Run248 same window; Run247/249 independent classification
5,0,plain_matmul,151,1.1492359680000004,0.06481087999999992,2.01202,,,,unavailable_in_counter_export,current_instrumented_kernel_counter_only,Run248 same window; Run247/249 independent classification
5,0,quant_matmul,236,3.4645848319999977,0.20633663999999985,4.865064000000001,,,,unavailable_in_counter_export,current_instrumented_kernel_counter_only,Run248 same window; Run247/249 independent classification
5,0,remaining,1161,0.36494617599999896,0.16856511999999924,8.566131999999996,,,,unavailable_in_counter_export,current_instrumented_kernel_counter_only,Run248 same window; Run247/249 independent classification
5,0,scatter_sk,126,0.04674764800000002,0.006277504000000004,2.187388999999998,,,,unavailable_in_counter_export,current_instrumented_kernel_counter_only,Run248 same window; Run247/249 independent classification
5,0,sparse_attention,43,1.0616794879999998,0.49346764799999987,1.6286939999999996,,,,unavailable_in_counter_export,current_instrumented_kernel_counter_only,Run248 same window; Run247/249 independent classification
5,0,transpose_matmul,43,0.6393159679999999,0.00856422399999999,1.5023319999999991,,,,unavailable_in_counter_export,current_instrumented_kernel_counter_only,Run248 same window; Run247/249 independent classification
5,1,comm_associated_aiv,437,0.7326247680000001,0.4822947840000007,10.838178000000006,,,,unavailable_in_counter_export,current_instrumented_kernel_counter_only,Run248 same window; Run247/249 independent classification
5,1,compressor,62,1.5257560319999999,0.10840576000000005,3.3761099999999997,,,,unavailable_in_counter_export,current_instrumented_kernel_counter_only,Run248 same window; Run247/249 independent classification
5,1,gmm1,43,5.945494783999997,0.10873523200000001,6.064102999999999,,,,unavailable_in_counter_export,current_instrumented_kernel_counter_only,Run248 same window; Run247/249 independent classification
5,1,gmm2,43,3.082449536,0.12369152,3.45633,,,,unavailable_in_counter_export,current_instrumented_kernel_counter_only,Run248 same window; Run247/249 independent classification
5,1,hcom,265,0.0,0.0,7.049345999999999,,,,unavailable_in_counter_export,current_instrumented_kernel_counter_only,Run248 same window; Run247/249 independent classification
5,1,indexer,21,0.09788928000000002,0.02361139199999999,1.769654,,,,unavailable_in_counter_export,current_instrumented_kernel_counter_only,Run248 same window; Run247/249 independent classification
5,1,inplace_copy,205,0.617559936,0.609485952,1.8640330000000003,,,,unavailable_in_counter_export,current_instrumented_kernel_counter_only,Run248 same window; Run247/249 independent classification
5,1,plain_matmul,151,1.149250816,0.06481087999999992,2.0095349999999996,,,,unavailable_in_counter_export,current_instrumented_kernel_counter_only,Run248 same window; Run247/249 independent classification
5,1,quant_matmul,236,3.464546175999998,0.20633663999999985,4.852842000000002,,,,unavailable_in_counter_export,current_instrumented_kernel_counter_only,Run248 same window; Run247/249 independent classification
5,1,remaining,1161,0.3648421119999987,0.16859852799999916,8.557311999999994,,,,unavailable_in_counter_export,current_instrumented_kernel_counter_only,Run248 same window; Run247/249 independent classification
5,1,scatter_sk,126,0.046694656000000036,0.006259712000000003,2.188424,,,,unavailable_in_counter_export,current_instrumented_kernel_counter_only,Run248 same window; Run247/249 independent classification
5,1,sparse_attention,43,1.06174912,0.49346764799999987,1.628889,,,,unavailable_in_counter_export,current_instrumented_kernel_counter_only,Run248 same window; Run247/249 independent classification
5,1,transpose_matmul,43,0.6393254399999999,0.00856422399999999,1.504152,,,,unavailable_in_counter_export,current_instrumented_kernel_counter_only,Run248 same window; Run247/249 independent classification
6,0,comm_associated_aiv,437,0.8619847679999993,0.4822947840000007,28.866749999999993,,,,unavailable_in_counter_export,current_instrumented_kernel_counter_only,Run248 same window; Run247/249 independent classification
6,0,compressor,62,1.536866176,0.10856960000000006,3.452842,,,,unavailable_in_counter_export,current_instrumented_kernel_counter_only,Run248 same window; Run247/249 independent classification
6,0,gmm1,43,6.308209792,0.097874304,6.401305000000001,,,,unavailable_in_counter_export,current_instrumented_kernel_counter_only,Run248 same window; Run247/249 independent classification
6,0,gmm2,43,3.2514160640000003,0.11099699199999999,3.57692,,,,unavailable_in_counter_export,current_instrumented_kernel_counter_only,Run248 same window; Run247/249 independent classification
6,0,hcom,265,0.0,0.0,25.291009,,,,unavailable_in_counter_export,current_instrumented_kernel_counter_only,Run248 same window; Run247/249 independent classification
6,0,indexer,21,0.097357568,0.02361139199999999,1.7469530000000004,,,,unavailable_in_counter_export,current_instrumented_kernel_counter_only,Run248 same window; Run247/249 independent classification
6,0,inplace_copy,205,0.6175607040000001,0.609485952,1.8537239999999997,,,,unavailable_in_counter_export,current_instrumented_kernel_counter_only,Run248 same window; Run247/249 independent classification
6,0,plain_matmul,151,1.149301248,0.06481087999999992,1.9681620000000004,,,,unavailable_in_counter_export,current_instrumented_kernel_counter_only,Run248 same window; Run247/249 independent classification
6,0,quant_matmul,236,3.4646918399999995,0.20633663999999985,4.9123329999999985,,,,unavailable_in_counter_export,current_instrumented_kernel_counter_only,Run248 same window; Run247/249 independent classification
6,0,remaining,1161,0.35697996799999876,0.16656294399999938,8.637053000000007,,,,unavailable_in_counter_export,current_instrumented_kernel_counter_only,Run248 same window; Run247/249 independent classification
6,0,scatter_sk,126,0.04674675199999997,0.006277504000000004,2.2436319999999994,,,,unavailable_in_counter_export,current_instrumented_kernel_counter_only,Run248 same window; Run247/249 independent classification
6,0,sparse_attention,43,1.061593728,0.49346764799999987,1.6385150000000002,,,,unavailable_in_counter_export,current_instrumented_kernel_counter_only,Run248 same window; Run247/249 independent classification
6,0,transpose_matmul,43,0.6393982719999999,0.00856422399999999,1.496321,,,,unavailable_in_counter_export,current_instrumented_kernel_counter_only,Run248 same window; Run247/249 independent classification
6,1,comm_associated_aiv,437,0.7751567360000002,0.4822947840000007,17.361250000000005,,,,unavailable_in_counter_export,current_instrumented_kernel_counter_only,Run248 same window; Run247/249 independent classification
6,1,compressor,62,1.5255391999999999,0.10840576000000005,3.3553479999999993,,,,unavailable_in_counter_export,current_instrumented_kernel_counter_only,Run248 same window; Run247/249 independent classification
6,1,gmm1,43,5.903936255999999,0.09586649599999998,6.126192000000001,,,,unavailable_in_counter_export,current_instrumented_kernel_counter_only,Run248 same window; Run247/249 independent classification
6,1,gmm2,43,3.0509515520000012,0.10848614400000003,3.4203460000000017,,,,unavailable_in_counter_export,current_instrumented_kernel_counter_only,Run248 same window; Run247/249 independent classification
6,1,hcom,265,0.0,0.0,13.772509999999992,,,,unavailable_in_counter_export,current_instrumented_kernel_counter_only,Run248 same window; Run247/249 independent classification
6,1,indexer,21,0.097457024,0.02361139199999999,1.7549650000000003,,,,unavailable_in_counter_export,current_instrumented_kernel_counter_only,Run248 same window; Run247/249 independent classification
6,1,inplace_copy,205,0.6175493120000001,0.609485952,1.8509089999999992,,,,unavailable_in_counter_export,current_instrumented_kernel_counter_only,Run248 same window; Run247/249 independent classification
6,1,plain_matmul,151,1.149267072,0.06481087999999992,1.9726899999999996,,,,unavailable_in_counter_export,current_instrumented_kernel_counter_only,Run248 same window; Run247/249 independent classification
6,1,quant_matmul,236,3.4647127040000005,0.20633663999999985,4.9233280000000015,,,,unavailable_in_counter_export,current_instrumented_kernel_counter_only,Run248 same window; Run247/249 independent classification
6,1,remaining,1161,0.35525631999999846,0.16618662399999928,8.59583,,,,unavailable_in_counter_export,current_instrumented_kernel_counter_only,Run248 same window; Run247/249 independent classification
6,1,scatter_sk,126,0.046694400000000004,0.006259712000000003,2.2418609999999997,,,,unavailable_in_counter_export,current_instrumented_kernel_counter_only,Run248 same window; Run247/249 independent classification
6,1,sparse_attention,43,1.0616084479999999,0.49346764799999987,1.638634000000001,,,,unavailable_in_counter_export,current_instrumented_kernel_counter_only,Run248 same window; Run247/249 independent classification
6,1,transpose_matmul,43,0.639398528,0.00856422399999999,1.4846970000000002,,,,unavailable_in_counter_export,current_instrumented_kernel_counter_only,Run248 same window; Run247/249 independent classification
7,0,comm_associated_aiv,437,0.849972736,0.4822947840000007,27.562407000000004,,,,unavailable_in_counter_export,current_instrumented_kernel_counter_only,Run248 same window; Run247/249 independent classification
7,0,compressor,62,1.534939904,0.10856960000000006,3.337787,,,,unavailable_in_counter_export,current_instrumented_kernel_counter_only,Run248 same window; Run247/249 independent classification
7,0,gmm1,43,6.2429100800000015,0.09640857600000002,6.272029,,,,unavailable_in_counter_export,current_instrumented_kernel_counter_only,Run248 same window; Run247/249 independent classification
7,0,gmm2,43,3.196873856,0.10923264000000003,3.508968,,,,unavailable_in_counter_export,current_instrumented_kernel_counter_only,Run248 same window; Run247/249 independent classification
7,0,hcom,265,0.0,0.0,23.872380000000007,,,,unavailable_in_counter_export,current_instrumented_kernel_counter_only,Run248 same window; Run247/249 independent classification
7,0,indexer,21,0.09650700799999999,0.02361139199999999,1.7586950000000001,,,,unavailable_in_counter_export,current_instrumented_kernel_counter_only,Run248 same window; Run247/249 independent classification
7,0,inplace_copy,205,0.6175889920000001,0.609485952,1.8189330000000004,,,,unavailable_in_counter_export,current_instrumented_kernel_counter_only,Run248 same window; Run247/249 independent classification
7,0,plain_matmul,151,1.149314944,0.06481087999999992,1.9909960000000002,,,,unavailable_in_counter_export,current_instrumented_kernel_counter_only,Run248 same window; Run247/249 independent classification
7,0,quant_matmul,236,3.4646023680000004,0.20633663999999985,4.833674,,,,unavailable_in_counter_export,current_instrumented_kernel_counter_only,Run248 same window; Run247/249 independent classification
7,0,remaining,1161,0.3558997759999986,0.1662883839999993,8.471756000000006,,,,unavailable_in_counter_export,current_instrumented_kernel_counter_only,Run248 same window; Run247/249 independent classification
7,0,scatter_sk,126,0.04671577599999999,0.006277504000000004,2.219165999999999,,,,unavailable_in_counter_export,current_instrumented_kernel_counter_only,Run248 same window; Run247/249 independent classification
7,0,sparse_attention,43,1.0612409600000001,0.49346764799999987,1.5937899999999998,,,,unavailable_in_counter_export,current_instrumented_kernel_counter_only,Run248 same window; Run247/249 independent classification
7,0,transpose_matmul,43,0.6393208319999998,0.00856422399999999,1.483209,,,,unavailable_in_counter_export,current_instrumented_kernel_counter_only,Run248 same window; Run247/249 independent classification
7,1,comm_associated_aiv,437,0.7840645120000004,0.4822947840000007,18.622538,,,,unavailable_in_counter_export,current_instrumented_kernel_counter_only,Run248 same window; Run247/249 independent classification
7,1,compressor,62,1.5236472319999999,0.10840576000000005,3.2324230000000007,,,,unavailable_in_counter_export,current_instrumented_kernel_counter_only,Run248 same window; Run247/249 independent classification
7,1,gmm1,43,5.684084352,0.09374668799999998,5.877719999999998,,,,unavailable_in_counter_export,current_instrumented_kernel_counter_only,Run248 same window; Run247/249 independent classification
7,1,gmm2,43,2.9180264960000004,0.1058944,3.2800190000000007,,,,unavailable_in_counter_export,current_instrumented_kernel_counter_only,Run248 same window; Run247/249 independent classification
7,1,hcom,265,0.0,0.0,14.922202999999984,,,,unavailable_in_counter_export,current_instrumented_kernel_counter_only,Run248 same window; Run247/249 independent classification
7,1,indexer,21,0.096470912,0.02361139199999999,1.7506570000000001,,,,unavailable_in_counter_export,current_instrumented_kernel_counter_only,Run248 same window; Run247/249 independent classification
7,1,inplace_copy,205,0.617553664,0.609485952,1.8145570000000004,,,,unavailable_in_counter_export,current_instrumented_kernel_counter_only,Run248 same window; Run247/249 independent classification
7,1,plain_matmul,151,1.149289984,0.06481087999999992,1.9956080000000003,,,,unavailable_in_counter_export,current_instrumented_kernel_counter_only,Run248 same window; Run247/249 independent classification
7,1,quant_matmul,236,3.4645579519999994,0.20633663999999985,4.8104850000000035,,,,unavailable_in_counter_export,current_instrumented_kernel_counter_only,Run248 same window; Run247/249 independent classification
7,1,remaining,1161,0.35372787199999867,0.16578956799999928,8.451379000000005,,,,unavailable_in_counter_export,current_instrumented_kernel_counter_only,Run248 same window; Run247/249 independent classification
7,1,scatter_sk,126,0.04665740799999996,0.006259712000000003,2.215081999999999,,,,unavailable_in_counter_export,current_instrumented_kernel_counter_only,Run248 same window; Run247/249 independent classification
7,1,sparse_attention,43,1.0612800000000002,0.49346764799999987,1.597717,,,,unavailable_in_counter_export,current_instrumented_kernel_counter_only,Run248 same window; Run247/249 independent classification
7,1,transpose_matmul,43,0.6393181440000001,0.00856422399999999,1.4840829999999998,,,,unavailable_in_counter_export,current_instrumented_kernel_counter_only,Run248 same window; Run247/249 independent classification
,,BF16_wo_a_distinct_checkpoint,,,,,2885681152,,,not_applicable,operand_footprint_not_HBM_lower,Run520/521
,,W4A8_one_active_expert_layer_packed,,,,,12582912,,,not_applicable,operand_footprint_not_HBM_lower,Run146
,,compressor_256_current_geometry_weights,,,,,88080384,,,not_applicable,operand_footprint_not_HBM_lower,Run256
,,compressor_512_current_geometry_weights,,,,,167772160,,,not_applicable,operand_footprint_not_HBM_lower,Run256
,,compressor_1024_current_geometry_weights,,,,,352321536,,,not_applicable,operand_footprint_not_HBM_lower,Run256
