phase,layer,family,work_class,operand,group_or_incidence,logical_rows,current_graph_physical_rows,ops_per_fresh_required_row,formal_in_window_ops_lower,formal_in_window_ops_upper,status,missing_gate
target,0,wo_a,BF16_conventional_dense,layers.0.attn.wo_a.weight,0,,96,8388608,,,conditional_per_row_formula,fresh_required_F_by_group
target,0,wo_a,BF16_conventional_dense,layers.0.attn.wo_a.weight,1,,96,8388608,,,conditional_per_row_formula,fresh_required_F_by_group
target,0,wo_a,BF16_conventional_dense,layers.0.attn.wo_a.weight,2,,96,8388608,,,conditional_per_row_formula,fresh_required_F_by_group
target,0,wo_a,BF16_conventional_dense,layers.0.attn.wo_a.weight,3,,96,8388608,,,conditional_per_row_formula,fresh_required_F_by_group
target,0,wo_a,BF16_conventional_dense,layers.0.attn.wo_a.weight,4,,96,8388608,,,conditional_per_row_formula,fresh_required_F_by_group
target,0,wo_a,BF16_conventional_dense,layers.0.attn.wo_a.weight,5,,96,8388608,,,conditional_per_row_formula,fresh_required_F_by_group
target,0,wo_a,BF16_conventional_dense,layers.0.attn.wo_a.weight,6,,96,8388608,,,conditional_per_row_formula,fresh_required_F_by_group
target,0,wo_a,BF16_conventional_dense,layers.0.attn.wo_a.weight,7,,96,8388608,,,conditional_per_row_formula,fresh_required_F_by_group
target,1,wo_a,BF16_conventional_dense,layers.1.attn.wo_a.weight,0,,96,8388608,,,conditional_per_row_formula,fresh_required_F_by_group
target,1,wo_a,BF16_conventional_dense,layers.1.attn.wo_a.weight,1,,96,8388608,,,conditional_per_row_formula,fresh_required_F_by_group
target,1,wo_a,BF16_conventional_dense,layers.1.attn.wo_a.weight,2,,96,8388608,,,conditional_per_row_formula,fresh_required_F_by_group
target,1,wo_a,BF16_conventional_dense,layers.1.attn.wo_a.weight,3,,96,8388608,,,conditional_per_row_formula,fresh_required_F_by_group
target,1,wo_a,BF16_conventional_dense,layers.1.attn.wo_a.weight,4,,96,8388608,,,conditional_per_row_formula,fresh_required_F_by_group
target,1,wo_a,BF16_conventional_dense,layers.1.attn.wo_a.weight,5,,96,8388608,,,conditional_per_row_formula,fresh_required_F_by_group
target,1,wo_a,BF16_conventional_dense,layers.1.attn.wo_a.weight,6,,96,8388608,,,conditional_per_row_formula,fresh_required_F_by_group
target,1,wo_a,BF16_conventional_dense,layers.1.attn.wo_a.weight,7,,96,8388608,,,conditional_per_row_formula,fresh_required_F_by_group
target,2,wo_a,BF16_conventional_dense,layers.2.attn.wo_a.weight,0,,96,8388608,,,conditional_per_row_formula,fresh_required_F_by_group
target,2,wo_a,BF16_conventional_dense,layers.2.attn.wo_a.weight,1,,96,8388608,,,conditional_per_row_formula,fresh_required_F_by_group
target,2,wo_a,BF16_conventional_dense,layers.2.attn.wo_a.weight,2,,96,8388608,,,conditional_per_row_formula,fresh_required_F_by_group
target,2,wo_a,BF16_conventional_dense,layers.2.attn.wo_a.weight,3,,96,8388608,,,conditional_per_row_formula,fresh_required_F_by_group
target,2,wo_a,BF16_conventional_dense,layers.2.attn.wo_a.weight,4,,96,8388608,,,conditional_per_row_formula,fresh_required_F_by_group
target,2,wo_a,BF16_conventional_dense,layers.2.attn.wo_a.weight,5,,96,8388608,,,conditional_per_row_formula,fresh_required_F_by_group
target,2,wo_a,BF16_conventional_dense,layers.2.attn.wo_a.weight,6,,96,8388608,,,conditional_per_row_formula,fresh_required_F_by_group
target,2,wo_a,BF16_conventional_dense,layers.2.attn.wo_a.weight,7,,96,8388608,,,conditional_per_row_formula,fresh_required_F_by_group
target,3,wo_a,BF16_conventional_dense,layers.3.attn.wo_a.weight,0,,96,8388608,,,conditional_per_row_formula,fresh_required_F_by_group
target,3,wo_a,BF16_conventional_dense,layers.3.attn.wo_a.weight,1,,96,8388608,,,conditional_per_row_formula,fresh_required_F_by_group
target,3,wo_a,BF16_conventional_dense,layers.3.attn.wo_a.weight,2,,96,8388608,,,conditional_per_row_formula,fresh_required_F_by_group
target,3,wo_a,BF16_conventional_dense,layers.3.attn.wo_a.weight,3,,96,8388608,,,conditional_per_row_formula,fresh_required_F_by_group
target,3,wo_a,BF16_conventional_dense,layers.3.attn.wo_a.weight,4,,96,8388608,,,conditional_per_row_formula,fresh_required_F_by_group
target,3,wo_a,BF16_conventional_dense,layers.3.attn.wo_a.weight,5,,96,8388608,,,conditional_per_row_formula,fresh_required_F_by_group
target,3,wo_a,BF16_conventional_dense,layers.3.attn.wo_a.weight,6,,96,8388608,,,conditional_per_row_formula,fresh_required_F_by_group
target,3,wo_a,BF16_conventional_dense,layers.3.attn.wo_a.weight,7,,96,8388608,,,conditional_per_row_formula,fresh_required_F_by_group
target,4,wo_a,BF16_conventional_dense,layers.4.attn.wo_a.weight,0,,96,8388608,,,conditional_per_row_formula,fresh_required_F_by_group
target,4,wo_a,BF16_conventional_dense,layers.4.attn.wo_a.weight,1,,96,8388608,,,conditional_per_row_formula,fresh_required_F_by_group
target,4,wo_a,BF16_conventional_dense,layers.4.attn.wo_a.weight,2,,96,8388608,,,conditional_per_row_formula,fresh_required_F_by_group
target,4,wo_a,BF16_conventional_dense,layers.4.attn.wo_a.weight,3,,96,8388608,,,conditional_per_row_formula,fresh_required_F_by_group
target,4,wo_a,BF16_conventional_dense,layers.4.attn.wo_a.weight,4,,96,8388608,,,conditional_per_row_formula,fresh_required_F_by_group
target,4,wo_a,BF16_conventional_dense,layers.4.attn.wo_a.weight,5,,96,8388608,,,conditional_per_row_formula,fresh_required_F_by_group
target,4,wo_a,BF16_conventional_dense,layers.4.attn.wo_a.weight,6,,96,8388608,,,conditional_per_row_formula,fresh_required_F_by_group
target,4,wo_a,BF16_conventional_dense,layers.4.attn.wo_a.weight,7,,96,8388608,,,conditional_per_row_formula,fresh_required_F_by_group
target,5,wo_a,BF16_conventional_dense,layers.5.attn.wo_a.weight,0,,96,8388608,,,conditional_per_row_formula,fresh_required_F_by_group
target,5,wo_a,BF16_conventional_dense,layers.5.attn.wo_a.weight,1,,96,8388608,,,conditional_per_row_formula,fresh_required_F_by_group
target,5,wo_a,BF16_conventional_dense,layers.5.attn.wo_a.weight,2,,96,8388608,,,conditional_per_row_formula,fresh_required_F_by_group
target,5,wo_a,BF16_conventional_dense,layers.5.attn.wo_a.weight,3,,96,8388608,,,conditional_per_row_formula,fresh_required_F_by_group
target,5,wo_a,BF16_conventional_dense,layers.5.attn.wo_a.weight,4,,96,8388608,,,conditional_per_row_formula,fresh_required_F_by_group
target,5,wo_a,BF16_conventional_dense,layers.5.attn.wo_a.weight,5,,96,8388608,,,conditional_per_row_formula,fresh_required_F_by_group
target,5,wo_a,BF16_conventional_dense,layers.5.attn.wo_a.weight,6,,96,8388608,,,conditional_per_row_formula,fresh_required_F_by_group
target,5,wo_a,BF16_conventional_dense,layers.5.attn.wo_a.weight,7,,96,8388608,,,conditional_per_row_formula,fresh_required_F_by_group
target,6,wo_a,BF16_conventional_dense,layers.6.attn.wo_a.weight,0,,96,8388608,,,conditional_per_row_formula,fresh_required_F_by_group
target,6,wo_a,BF16_conventional_dense,layers.6.attn.wo_a.weight,1,,96,8388608,,,conditional_per_row_formula,fresh_required_F_by_group
target,6,wo_a,BF16_conventional_dense,layers.6.attn.wo_a.weight,2,,96,8388608,,,conditional_per_row_formula,fresh_required_F_by_group
target,6,wo_a,BF16_conventional_dense,layers.6.attn.wo_a.weight,3,,96,8388608,,,conditional_per_row_formula,fresh_required_F_by_group
target,6,wo_a,BF16_conventional_dense,layers.6.attn.wo_a.weight,4,,96,8388608,,,conditional_per_row_formula,fresh_required_F_by_group
target,6,wo_a,BF16_conventional_dense,layers.6.attn.wo_a.weight,5,,96,8388608,,,conditional_per_row_formula,fresh_required_F_by_group
target,6,wo_a,BF16_conventional_dense,layers.6.attn.wo_a.weight,6,,96,8388608,,,conditional_per_row_formula,fresh_required_F_by_group
target,6,wo_a,BF16_conventional_dense,layers.6.attn.wo_a.weight,7,,96,8388608,,,conditional_per_row_formula,fresh_required_F_by_group
target,7,wo_a,BF16_conventional_dense,layers.7.attn.wo_a.weight,0,,96,8388608,,,conditional_per_row_formula,fresh_required_F_by_group
target,7,wo_a,BF16_conventional_dense,layers.7.attn.wo_a.weight,1,,96,8388608,,,conditional_per_row_formula,fresh_required_F_by_group
target,7,wo_a,BF16_conventional_dense,layers.7.attn.wo_a.weight,2,,96,8388608,,,conditional_per_row_formula,fresh_required_F_by_group
target,7,wo_a,BF16_conventional_dense,layers.7.attn.wo_a.weight,3,,96,8388608,,,conditional_per_row_formula,fresh_required_F_by_group
target,7,wo_a,BF16_conventional_dense,layers.7.attn.wo_a.weight,4,,96,8388608,,,conditional_per_row_formula,fresh_required_F_by_group
target,7,wo_a,BF16_conventional_dense,layers.7.attn.wo_a.weight,5,,96,8388608,,,conditional_per_row_formula,fresh_required_F_by_group
target,7,wo_a,BF16_conventional_dense,layers.7.attn.wo_a.weight,6,,96,8388608,,,conditional_per_row_formula,fresh_required_F_by_group
target,7,wo_a,BF16_conventional_dense,layers.7.attn.wo_a.weight,7,,96,8388608,,,conditional_per_row_formula,fresh_required_F_by_group
target,8,wo_a,BF16_conventional_dense,layers.8.attn.wo_a.weight,0,,96,8388608,,,conditional_per_row_formula,fresh_required_F_by_group
target,8,wo_a,BF16_conventional_dense,layers.8.attn.wo_a.weight,1,,96,8388608,,,conditional_per_row_formula,fresh_required_F_by_group
target,8,wo_a,BF16_conventional_dense,layers.8.attn.wo_a.weight,2,,96,8388608,,,conditional_per_row_formula,fresh_required_F_by_group
target,8,wo_a,BF16_conventional_dense,layers.8.attn.wo_a.weight,3,,96,8388608,,,conditional_per_row_formula,fresh_required_F_by_group
target,8,wo_a,BF16_conventional_dense,layers.8.attn.wo_a.weight,4,,96,8388608,,,conditional_per_row_formula,fresh_required_F_by_group
target,8,wo_a,BF16_conventional_dense,layers.8.attn.wo_a.weight,5,,96,8388608,,,conditional_per_row_formula,fresh_required_F_by_group
target,8,wo_a,BF16_conventional_dense,layers.8.attn.wo_a.weight,6,,96,8388608,,,conditional_per_row_formula,fresh_required_F_by_group
target,8,wo_a,BF16_conventional_dense,layers.8.attn.wo_a.weight,7,,96,8388608,,,conditional_per_row_formula,fresh_required_F_by_group
target,9,wo_a,BF16_conventional_dense,layers.9.attn.wo_a.weight,0,,96,8388608,,,conditional_per_row_formula,fresh_required_F_by_group
target,9,wo_a,BF16_conventional_dense,layers.9.attn.wo_a.weight,1,,96,8388608,,,conditional_per_row_formula,fresh_required_F_by_group
target,9,wo_a,BF16_conventional_dense,layers.9.attn.wo_a.weight,2,,96,8388608,,,conditional_per_row_formula,fresh_required_F_by_group
target,9,wo_a,BF16_conventional_dense,layers.9.attn.wo_a.weight,3,,96,8388608,,,conditional_per_row_formula,fresh_required_F_by_group
target,9,wo_a,BF16_conventional_dense,layers.9.attn.wo_a.weight,4,,96,8388608,,,conditional_per_row_formula,fresh_required_F_by_group
target,9,wo_a,BF16_conventional_dense,layers.9.attn.wo_a.weight,5,,96,8388608,,,conditional_per_row_formula,fresh_required_F_by_group
target,9,wo_a,BF16_conventional_dense,layers.9.attn.wo_a.weight,6,,96,8388608,,,conditional_per_row_formula,fresh_required_F_by_group
target,9,wo_a,BF16_conventional_dense,layers.9.attn.wo_a.weight,7,,96,8388608,,,conditional_per_row_formula,fresh_required_F_by_group
target,10,wo_a,BF16_conventional_dense,layers.10.attn.wo_a.weight,0,,96,8388608,,,conditional_per_row_formula,fresh_required_F_by_group
target,10,wo_a,BF16_conventional_dense,layers.10.attn.wo_a.weight,1,,96,8388608,,,conditional_per_row_formula,fresh_required_F_by_group
target,10,wo_a,BF16_conventional_dense,layers.10.attn.wo_a.weight,2,,96,8388608,,,conditional_per_row_formula,fresh_required_F_by_group
target,10,wo_a,BF16_conventional_dense,layers.10.attn.wo_a.weight,3,,96,8388608,,,conditional_per_row_formula,fresh_required_F_by_group
target,10,wo_a,BF16_conventional_dense,layers.10.attn.wo_a.weight,4,,96,8388608,,,conditional_per_row_formula,fresh_required_F_by_group
target,10,wo_a,BF16_conventional_dense,layers.10.attn.wo_a.weight,5,,96,8388608,,,conditional_per_row_formula,fresh_required_F_by_group
target,10,wo_a,BF16_conventional_dense,layers.10.attn.wo_a.weight,6,,96,8388608,,,conditional_per_row_formula,fresh_required_F_by_group
target,10,wo_a,BF16_conventional_dense,layers.10.attn.wo_a.weight,7,,96,8388608,,,conditional_per_row_formula,fresh_required_F_by_group
target,11,wo_a,BF16_conventional_dense,layers.11.attn.wo_a.weight,0,,96,8388608,,,conditional_per_row_formula,fresh_required_F_by_group
target,11,wo_a,BF16_conventional_dense,layers.11.attn.wo_a.weight,1,,96,8388608,,,conditional_per_row_formula,fresh_required_F_by_group
target,11,wo_a,BF16_conventional_dense,layers.11.attn.wo_a.weight,2,,96,8388608,,,conditional_per_row_formula,fresh_required_F_by_group
target,11,wo_a,BF16_conventional_dense,layers.11.attn.wo_a.weight,3,,96,8388608,,,conditional_per_row_formula,fresh_required_F_by_group
target,11,wo_a,BF16_conventional_dense,layers.11.attn.wo_a.weight,4,,96,8388608,,,conditional_per_row_formula,fresh_required_F_by_group
target,11,wo_a,BF16_conventional_dense,layers.11.attn.wo_a.weight,5,,96,8388608,,,conditional_per_row_formula,fresh_required_F_by_group
target,11,wo_a,BF16_conventional_dense,layers.11.attn.wo_a.weight,6,,96,8388608,,,conditional_per_row_formula,fresh_required_F_by_group
target,11,wo_a,BF16_conventional_dense,layers.11.attn.wo_a.weight,7,,96,8388608,,,conditional_per_row_formula,fresh_required_F_by_group
target,12,wo_a,BF16_conventional_dense,layers.12.attn.wo_a.weight,0,,96,8388608,,,conditional_per_row_formula,fresh_required_F_by_group
target,12,wo_a,BF16_conventional_dense,layers.12.attn.wo_a.weight,1,,96,8388608,,,conditional_per_row_formula,fresh_required_F_by_group
target,12,wo_a,BF16_conventional_dense,layers.12.attn.wo_a.weight,2,,96,8388608,,,conditional_per_row_formula,fresh_required_F_by_group
target,12,wo_a,BF16_conventional_dense,layers.12.attn.wo_a.weight,3,,96,8388608,,,conditional_per_row_formula,fresh_required_F_by_group
target,12,wo_a,BF16_conventional_dense,layers.12.attn.wo_a.weight,4,,96,8388608,,,conditional_per_row_formula,fresh_required_F_by_group
target,12,wo_a,BF16_conventional_dense,layers.12.attn.wo_a.weight,5,,96,8388608,,,conditional_per_row_formula,fresh_required_F_by_group
target,12,wo_a,BF16_conventional_dense,layers.12.attn.wo_a.weight,6,,96,8388608,,,conditional_per_row_formula,fresh_required_F_by_group
target,12,wo_a,BF16_conventional_dense,layers.12.attn.wo_a.weight,7,,96,8388608,,,conditional_per_row_formula,fresh_required_F_by_group
target,13,wo_a,BF16_conventional_dense,layers.13.attn.wo_a.weight,0,,96,8388608,,,conditional_per_row_formula,fresh_required_F_by_group
target,13,wo_a,BF16_conventional_dense,layers.13.attn.wo_a.weight,1,,96,8388608,,,conditional_per_row_formula,fresh_required_F_by_group
target,13,wo_a,BF16_conventional_dense,layers.13.attn.wo_a.weight,2,,96,8388608,,,conditional_per_row_formula,fresh_required_F_by_group
target,13,wo_a,BF16_conventional_dense,layers.13.attn.wo_a.weight,3,,96,8388608,,,conditional_per_row_formula,fresh_required_F_by_group
target,13,wo_a,BF16_conventional_dense,layers.13.attn.wo_a.weight,4,,96,8388608,,,conditional_per_row_formula,fresh_required_F_by_group
target,13,wo_a,BF16_conventional_dense,layers.13.attn.wo_a.weight,5,,96,8388608,,,conditional_per_row_formula,fresh_required_F_by_group
target,13,wo_a,BF16_conventional_dense,layers.13.attn.wo_a.weight,6,,96,8388608,,,conditional_per_row_formula,fresh_required_F_by_group
target,13,wo_a,BF16_conventional_dense,layers.13.attn.wo_a.weight,7,,96,8388608,,,conditional_per_row_formula,fresh_required_F_by_group
target,14,wo_a,BF16_conventional_dense,layers.14.attn.wo_a.weight,0,,96,8388608,,,conditional_per_row_formula,fresh_required_F_by_group
target,14,wo_a,BF16_conventional_dense,layers.14.attn.wo_a.weight,1,,96,8388608,,,conditional_per_row_formula,fresh_required_F_by_group
target,14,wo_a,BF16_conventional_dense,layers.14.attn.wo_a.weight,2,,96,8388608,,,conditional_per_row_formula,fresh_required_F_by_group
target,14,wo_a,BF16_conventional_dense,layers.14.attn.wo_a.weight,3,,96,8388608,,,conditional_per_row_formula,fresh_required_F_by_group
target,14,wo_a,BF16_conventional_dense,layers.14.attn.wo_a.weight,4,,96,8388608,,,conditional_per_row_formula,fresh_required_F_by_group
target,14,wo_a,BF16_conventional_dense,layers.14.attn.wo_a.weight,5,,96,8388608,,,conditional_per_row_formula,fresh_required_F_by_group
target,14,wo_a,BF16_conventional_dense,layers.14.attn.wo_a.weight,6,,96,8388608,,,conditional_per_row_formula,fresh_required_F_by_group
target,14,wo_a,BF16_conventional_dense,layers.14.attn.wo_a.weight,7,,96,8388608,,,conditional_per_row_formula,fresh_required_F_by_group
target,15,wo_a,BF16_conventional_dense,layers.15.attn.wo_a.weight,0,,96,8388608,,,conditional_per_row_formula,fresh_required_F_by_group
target,15,wo_a,BF16_conventional_dense,layers.15.attn.wo_a.weight,1,,96,8388608,,,conditional_per_row_formula,fresh_required_F_by_group
target,15,wo_a,BF16_conventional_dense,layers.15.attn.wo_a.weight,2,,96,8388608,,,conditional_per_row_formula,fresh_required_F_by_group
target,15,wo_a,BF16_conventional_dense,layers.15.attn.wo_a.weight,3,,96,8388608,,,conditional_per_row_formula,fresh_required_F_by_group
target,15,wo_a,BF16_conventional_dense,layers.15.attn.wo_a.weight,4,,96,8388608,,,conditional_per_row_formula,fresh_required_F_by_group
target,15,wo_a,BF16_conventional_dense,layers.15.attn.wo_a.weight,5,,96,8388608,,,conditional_per_row_formula,fresh_required_F_by_group
target,15,wo_a,BF16_conventional_dense,layers.15.attn.wo_a.weight,6,,96,8388608,,,conditional_per_row_formula,fresh_required_F_by_group
target,15,wo_a,BF16_conventional_dense,layers.15.attn.wo_a.weight,7,,96,8388608,,,conditional_per_row_formula,fresh_required_F_by_group
target,16,wo_a,BF16_conventional_dense,layers.16.attn.wo_a.weight,0,,96,8388608,,,conditional_per_row_formula,fresh_required_F_by_group
target,16,wo_a,BF16_conventional_dense,layers.16.attn.wo_a.weight,1,,96,8388608,,,conditional_per_row_formula,fresh_required_F_by_group
target,16,wo_a,BF16_conventional_dense,layers.16.attn.wo_a.weight,2,,96,8388608,,,conditional_per_row_formula,fresh_required_F_by_group
target,16,wo_a,BF16_conventional_dense,layers.16.attn.wo_a.weight,3,,96,8388608,,,conditional_per_row_formula,fresh_required_F_by_group
target,16,wo_a,BF16_conventional_dense,layers.16.attn.wo_a.weight,4,,96,8388608,,,conditional_per_row_formula,fresh_required_F_by_group
target,16,wo_a,BF16_conventional_dense,layers.16.attn.wo_a.weight,5,,96,8388608,,,conditional_per_row_formula,fresh_required_F_by_group
target,16,wo_a,BF16_conventional_dense,layers.16.attn.wo_a.weight,6,,96,8388608,,,conditional_per_row_formula,fresh_required_F_by_group
target,16,wo_a,BF16_conventional_dense,layers.16.attn.wo_a.weight,7,,96,8388608,,,conditional_per_row_formula,fresh_required_F_by_group
target,17,wo_a,BF16_conventional_dense,layers.17.attn.wo_a.weight,0,,96,8388608,,,conditional_per_row_formula,fresh_required_F_by_group
target,17,wo_a,BF16_conventional_dense,layers.17.attn.wo_a.weight,1,,96,8388608,,,conditional_per_row_formula,fresh_required_F_by_group
target,17,wo_a,BF16_conventional_dense,layers.17.attn.wo_a.weight,2,,96,8388608,,,conditional_per_row_formula,fresh_required_F_by_group
target,17,wo_a,BF16_conventional_dense,layers.17.attn.wo_a.weight,3,,96,8388608,,,conditional_per_row_formula,fresh_required_F_by_group
target,17,wo_a,BF16_conventional_dense,layers.17.attn.wo_a.weight,4,,96,8388608,,,conditional_per_row_formula,fresh_required_F_by_group
target,17,wo_a,BF16_conventional_dense,layers.17.attn.wo_a.weight,5,,96,8388608,,,conditional_per_row_formula,fresh_required_F_by_group
target,17,wo_a,BF16_conventional_dense,layers.17.attn.wo_a.weight,6,,96,8388608,,,conditional_per_row_formula,fresh_required_F_by_group
target,17,wo_a,BF16_conventional_dense,layers.17.attn.wo_a.weight,7,,96,8388608,,,conditional_per_row_formula,fresh_required_F_by_group
target,18,wo_a,BF16_conventional_dense,layers.18.attn.wo_a.weight,0,,96,8388608,,,conditional_per_row_formula,fresh_required_F_by_group
target,18,wo_a,BF16_conventional_dense,layers.18.attn.wo_a.weight,1,,96,8388608,,,conditional_per_row_formula,fresh_required_F_by_group
target,18,wo_a,BF16_conventional_dense,layers.18.attn.wo_a.weight,2,,96,8388608,,,conditional_per_row_formula,fresh_required_F_by_group
target,18,wo_a,BF16_conventional_dense,layers.18.attn.wo_a.weight,3,,96,8388608,,,conditional_per_row_formula,fresh_required_F_by_group
target,18,wo_a,BF16_conventional_dense,layers.18.attn.wo_a.weight,4,,96,8388608,,,conditional_per_row_formula,fresh_required_F_by_group
target,18,wo_a,BF16_conventional_dense,layers.18.attn.wo_a.weight,5,,96,8388608,,,conditional_per_row_formula,fresh_required_F_by_group
target,18,wo_a,BF16_conventional_dense,layers.18.attn.wo_a.weight,6,,96,8388608,,,conditional_per_row_formula,fresh_required_F_by_group
target,18,wo_a,BF16_conventional_dense,layers.18.attn.wo_a.weight,7,,96,8388608,,,conditional_per_row_formula,fresh_required_F_by_group
target,19,wo_a,BF16_conventional_dense,layers.19.attn.wo_a.weight,0,,96,8388608,,,conditional_per_row_formula,fresh_required_F_by_group
target,19,wo_a,BF16_conventional_dense,layers.19.attn.wo_a.weight,1,,96,8388608,,,conditional_per_row_formula,fresh_required_F_by_group
target,19,wo_a,BF16_conventional_dense,layers.19.attn.wo_a.weight,2,,96,8388608,,,conditional_per_row_formula,fresh_required_F_by_group
target,19,wo_a,BF16_conventional_dense,layers.19.attn.wo_a.weight,3,,96,8388608,,,conditional_per_row_formula,fresh_required_F_by_group
target,19,wo_a,BF16_conventional_dense,layers.19.attn.wo_a.weight,4,,96,8388608,,,conditional_per_row_formula,fresh_required_F_by_group
target,19,wo_a,BF16_conventional_dense,layers.19.attn.wo_a.weight,5,,96,8388608,,,conditional_per_row_formula,fresh_required_F_by_group
target,19,wo_a,BF16_conventional_dense,layers.19.attn.wo_a.weight,6,,96,8388608,,,conditional_per_row_formula,fresh_required_F_by_group
target,19,wo_a,BF16_conventional_dense,layers.19.attn.wo_a.weight,7,,96,8388608,,,conditional_per_row_formula,fresh_required_F_by_group
target,20,wo_a,BF16_conventional_dense,layers.20.attn.wo_a.weight,0,,96,8388608,,,conditional_per_row_formula,fresh_required_F_by_group
target,20,wo_a,BF16_conventional_dense,layers.20.attn.wo_a.weight,1,,96,8388608,,,conditional_per_row_formula,fresh_required_F_by_group
target,20,wo_a,BF16_conventional_dense,layers.20.attn.wo_a.weight,2,,96,8388608,,,conditional_per_row_formula,fresh_required_F_by_group
target,20,wo_a,BF16_conventional_dense,layers.20.attn.wo_a.weight,3,,96,8388608,,,conditional_per_row_formula,fresh_required_F_by_group
target,20,wo_a,BF16_conventional_dense,layers.20.attn.wo_a.weight,4,,96,8388608,,,conditional_per_row_formula,fresh_required_F_by_group
target,20,wo_a,BF16_conventional_dense,layers.20.attn.wo_a.weight,5,,96,8388608,,,conditional_per_row_formula,fresh_required_F_by_group
target,20,wo_a,BF16_conventional_dense,layers.20.attn.wo_a.weight,6,,96,8388608,,,conditional_per_row_formula,fresh_required_F_by_group
target,20,wo_a,BF16_conventional_dense,layers.20.attn.wo_a.weight,7,,96,8388608,,,conditional_per_row_formula,fresh_required_F_by_group
target,21,wo_a,BF16_conventional_dense,layers.21.attn.wo_a.weight,0,,96,8388608,,,conditional_per_row_formula,fresh_required_F_by_group
target,21,wo_a,BF16_conventional_dense,layers.21.attn.wo_a.weight,1,,96,8388608,,,conditional_per_row_formula,fresh_required_F_by_group
target,21,wo_a,BF16_conventional_dense,layers.21.attn.wo_a.weight,2,,96,8388608,,,conditional_per_row_formula,fresh_required_F_by_group
target,21,wo_a,BF16_conventional_dense,layers.21.attn.wo_a.weight,3,,96,8388608,,,conditional_per_row_formula,fresh_required_F_by_group
target,21,wo_a,BF16_conventional_dense,layers.21.attn.wo_a.weight,4,,96,8388608,,,conditional_per_row_formula,fresh_required_F_by_group
target,21,wo_a,BF16_conventional_dense,layers.21.attn.wo_a.weight,5,,96,8388608,,,conditional_per_row_formula,fresh_required_F_by_group
target,21,wo_a,BF16_conventional_dense,layers.21.attn.wo_a.weight,6,,96,8388608,,,conditional_per_row_formula,fresh_required_F_by_group
target,21,wo_a,BF16_conventional_dense,layers.21.attn.wo_a.weight,7,,96,8388608,,,conditional_per_row_formula,fresh_required_F_by_group
target,22,wo_a,BF16_conventional_dense,layers.22.attn.wo_a.weight,0,,96,8388608,,,conditional_per_row_formula,fresh_required_F_by_group
target,22,wo_a,BF16_conventional_dense,layers.22.attn.wo_a.weight,1,,96,8388608,,,conditional_per_row_formula,fresh_required_F_by_group
target,22,wo_a,BF16_conventional_dense,layers.22.attn.wo_a.weight,2,,96,8388608,,,conditional_per_row_formula,fresh_required_F_by_group
target,22,wo_a,BF16_conventional_dense,layers.22.attn.wo_a.weight,3,,96,8388608,,,conditional_per_row_formula,fresh_required_F_by_group
target,22,wo_a,BF16_conventional_dense,layers.22.attn.wo_a.weight,4,,96,8388608,,,conditional_per_row_formula,fresh_required_F_by_group
target,22,wo_a,BF16_conventional_dense,layers.22.attn.wo_a.weight,5,,96,8388608,,,conditional_per_row_formula,fresh_required_F_by_group
target,22,wo_a,BF16_conventional_dense,layers.22.attn.wo_a.weight,6,,96,8388608,,,conditional_per_row_formula,fresh_required_F_by_group
target,22,wo_a,BF16_conventional_dense,layers.22.attn.wo_a.weight,7,,96,8388608,,,conditional_per_row_formula,fresh_required_F_by_group
target,23,wo_a,BF16_conventional_dense,layers.23.attn.wo_a.weight,0,,96,8388608,,,conditional_per_row_formula,fresh_required_F_by_group
target,23,wo_a,BF16_conventional_dense,layers.23.attn.wo_a.weight,1,,96,8388608,,,conditional_per_row_formula,fresh_required_F_by_group
target,23,wo_a,BF16_conventional_dense,layers.23.attn.wo_a.weight,2,,96,8388608,,,conditional_per_row_formula,fresh_required_F_by_group
target,23,wo_a,BF16_conventional_dense,layers.23.attn.wo_a.weight,3,,96,8388608,,,conditional_per_row_formula,fresh_required_F_by_group
target,23,wo_a,BF16_conventional_dense,layers.23.attn.wo_a.weight,4,,96,8388608,,,conditional_per_row_formula,fresh_required_F_by_group
target,23,wo_a,BF16_conventional_dense,layers.23.attn.wo_a.weight,5,,96,8388608,,,conditional_per_row_formula,fresh_required_F_by_group
target,23,wo_a,BF16_conventional_dense,layers.23.attn.wo_a.weight,6,,96,8388608,,,conditional_per_row_formula,fresh_required_F_by_group
target,23,wo_a,BF16_conventional_dense,layers.23.attn.wo_a.weight,7,,96,8388608,,,conditional_per_row_formula,fresh_required_F_by_group
target,24,wo_a,BF16_conventional_dense,layers.24.attn.wo_a.weight,0,,96,8388608,,,conditional_per_row_formula,fresh_required_F_by_group
target,24,wo_a,BF16_conventional_dense,layers.24.attn.wo_a.weight,1,,96,8388608,,,conditional_per_row_formula,fresh_required_F_by_group
target,24,wo_a,BF16_conventional_dense,layers.24.attn.wo_a.weight,2,,96,8388608,,,conditional_per_row_formula,fresh_required_F_by_group
target,24,wo_a,BF16_conventional_dense,layers.24.attn.wo_a.weight,3,,96,8388608,,,conditional_per_row_formula,fresh_required_F_by_group
target,24,wo_a,BF16_conventional_dense,layers.24.attn.wo_a.weight,4,,96,8388608,,,conditional_per_row_formula,fresh_required_F_by_group
target,24,wo_a,BF16_conventional_dense,layers.24.attn.wo_a.weight,5,,96,8388608,,,conditional_per_row_formula,fresh_required_F_by_group
target,24,wo_a,BF16_conventional_dense,layers.24.attn.wo_a.weight,6,,96,8388608,,,conditional_per_row_formula,fresh_required_F_by_group
target,24,wo_a,BF16_conventional_dense,layers.24.attn.wo_a.weight,7,,96,8388608,,,conditional_per_row_formula,fresh_required_F_by_group
target,25,wo_a,BF16_conventional_dense,layers.25.attn.wo_a.weight,0,,96,8388608,,,conditional_per_row_formula,fresh_required_F_by_group
target,25,wo_a,BF16_conventional_dense,layers.25.attn.wo_a.weight,1,,96,8388608,,,conditional_per_row_formula,fresh_required_F_by_group
target,25,wo_a,BF16_conventional_dense,layers.25.attn.wo_a.weight,2,,96,8388608,,,conditional_per_row_formula,fresh_required_F_by_group
target,25,wo_a,BF16_conventional_dense,layers.25.attn.wo_a.weight,3,,96,8388608,,,conditional_per_row_formula,fresh_required_F_by_group
target,25,wo_a,BF16_conventional_dense,layers.25.attn.wo_a.weight,4,,96,8388608,,,conditional_per_row_formula,fresh_required_F_by_group
target,25,wo_a,BF16_conventional_dense,layers.25.attn.wo_a.weight,5,,96,8388608,,,conditional_per_row_formula,fresh_required_F_by_group
target,25,wo_a,BF16_conventional_dense,layers.25.attn.wo_a.weight,6,,96,8388608,,,conditional_per_row_formula,fresh_required_F_by_group
target,25,wo_a,BF16_conventional_dense,layers.25.attn.wo_a.weight,7,,96,8388608,,,conditional_per_row_formula,fresh_required_F_by_group
target,26,wo_a,BF16_conventional_dense,layers.26.attn.wo_a.weight,0,,96,8388608,,,conditional_per_row_formula,fresh_required_F_by_group
target,26,wo_a,BF16_conventional_dense,layers.26.attn.wo_a.weight,1,,96,8388608,,,conditional_per_row_formula,fresh_required_F_by_group
target,26,wo_a,BF16_conventional_dense,layers.26.attn.wo_a.weight,2,,96,8388608,,,conditional_per_row_formula,fresh_required_F_by_group
target,26,wo_a,BF16_conventional_dense,layers.26.attn.wo_a.weight,3,,96,8388608,,,conditional_per_row_formula,fresh_required_F_by_group
target,26,wo_a,BF16_conventional_dense,layers.26.attn.wo_a.weight,4,,96,8388608,,,conditional_per_row_formula,fresh_required_F_by_group
target,26,wo_a,BF16_conventional_dense,layers.26.attn.wo_a.weight,5,,96,8388608,,,conditional_per_row_formula,fresh_required_F_by_group
target,26,wo_a,BF16_conventional_dense,layers.26.attn.wo_a.weight,6,,96,8388608,,,conditional_per_row_formula,fresh_required_F_by_group
target,26,wo_a,BF16_conventional_dense,layers.26.attn.wo_a.weight,7,,96,8388608,,,conditional_per_row_formula,fresh_required_F_by_group
target,27,wo_a,BF16_conventional_dense,layers.27.attn.wo_a.weight,0,,96,8388608,,,conditional_per_row_formula,fresh_required_F_by_group
target,27,wo_a,BF16_conventional_dense,layers.27.attn.wo_a.weight,1,,96,8388608,,,conditional_per_row_formula,fresh_required_F_by_group
target,27,wo_a,BF16_conventional_dense,layers.27.attn.wo_a.weight,2,,96,8388608,,,conditional_per_row_formula,fresh_required_F_by_group
target,27,wo_a,BF16_conventional_dense,layers.27.attn.wo_a.weight,3,,96,8388608,,,conditional_per_row_formula,fresh_required_F_by_group
target,27,wo_a,BF16_conventional_dense,layers.27.attn.wo_a.weight,4,,96,8388608,,,conditional_per_row_formula,fresh_required_F_by_group
target,27,wo_a,BF16_conventional_dense,layers.27.attn.wo_a.weight,5,,96,8388608,,,conditional_per_row_formula,fresh_required_F_by_group
target,27,wo_a,BF16_conventional_dense,layers.27.attn.wo_a.weight,6,,96,8388608,,,conditional_per_row_formula,fresh_required_F_by_group
target,27,wo_a,BF16_conventional_dense,layers.27.attn.wo_a.weight,7,,96,8388608,,,conditional_per_row_formula,fresh_required_F_by_group
target,28,wo_a,BF16_conventional_dense,layers.28.attn.wo_a.weight,0,,96,8388608,,,conditional_per_row_formula,fresh_required_F_by_group
target,28,wo_a,BF16_conventional_dense,layers.28.attn.wo_a.weight,1,,96,8388608,,,conditional_per_row_formula,fresh_required_F_by_group
target,28,wo_a,BF16_conventional_dense,layers.28.attn.wo_a.weight,2,,96,8388608,,,conditional_per_row_formula,fresh_required_F_by_group
target,28,wo_a,BF16_conventional_dense,layers.28.attn.wo_a.weight,3,,96,8388608,,,conditional_per_row_formula,fresh_required_F_by_group
target,28,wo_a,BF16_conventional_dense,layers.28.attn.wo_a.weight,4,,96,8388608,,,conditional_per_row_formula,fresh_required_F_by_group
target,28,wo_a,BF16_conventional_dense,layers.28.attn.wo_a.weight,5,,96,8388608,,,conditional_per_row_formula,fresh_required_F_by_group
target,28,wo_a,BF16_conventional_dense,layers.28.attn.wo_a.weight,6,,96,8388608,,,conditional_per_row_formula,fresh_required_F_by_group
target,28,wo_a,BF16_conventional_dense,layers.28.attn.wo_a.weight,7,,96,8388608,,,conditional_per_row_formula,fresh_required_F_by_group
target,29,wo_a,BF16_conventional_dense,layers.29.attn.wo_a.weight,0,,96,8388608,,,conditional_per_row_formula,fresh_required_F_by_group
target,29,wo_a,BF16_conventional_dense,layers.29.attn.wo_a.weight,1,,96,8388608,,,conditional_per_row_formula,fresh_required_F_by_group
target,29,wo_a,BF16_conventional_dense,layers.29.attn.wo_a.weight,2,,96,8388608,,,conditional_per_row_formula,fresh_required_F_by_group
target,29,wo_a,BF16_conventional_dense,layers.29.attn.wo_a.weight,3,,96,8388608,,,conditional_per_row_formula,fresh_required_F_by_group
target,29,wo_a,BF16_conventional_dense,layers.29.attn.wo_a.weight,4,,96,8388608,,,conditional_per_row_formula,fresh_required_F_by_group
target,29,wo_a,BF16_conventional_dense,layers.29.attn.wo_a.weight,5,,96,8388608,,,conditional_per_row_formula,fresh_required_F_by_group
target,29,wo_a,BF16_conventional_dense,layers.29.attn.wo_a.weight,6,,96,8388608,,,conditional_per_row_formula,fresh_required_F_by_group
target,29,wo_a,BF16_conventional_dense,layers.29.attn.wo_a.weight,7,,96,8388608,,,conditional_per_row_formula,fresh_required_F_by_group
target,30,wo_a,BF16_conventional_dense,layers.30.attn.wo_a.weight,0,,96,8388608,,,conditional_per_row_formula,fresh_required_F_by_group
target,30,wo_a,BF16_conventional_dense,layers.30.attn.wo_a.weight,1,,96,8388608,,,conditional_per_row_formula,fresh_required_F_by_group
target,30,wo_a,BF16_conventional_dense,layers.30.attn.wo_a.weight,2,,96,8388608,,,conditional_per_row_formula,fresh_required_F_by_group
target,30,wo_a,BF16_conventional_dense,layers.30.attn.wo_a.weight,3,,96,8388608,,,conditional_per_row_formula,fresh_required_F_by_group
target,30,wo_a,BF16_conventional_dense,layers.30.attn.wo_a.weight,4,,96,8388608,,,conditional_per_row_formula,fresh_required_F_by_group
target,30,wo_a,BF16_conventional_dense,layers.30.attn.wo_a.weight,5,,96,8388608,,,conditional_per_row_formula,fresh_required_F_by_group
target,30,wo_a,BF16_conventional_dense,layers.30.attn.wo_a.weight,6,,96,8388608,,,conditional_per_row_formula,fresh_required_F_by_group
target,30,wo_a,BF16_conventional_dense,layers.30.attn.wo_a.weight,7,,96,8388608,,,conditional_per_row_formula,fresh_required_F_by_group
target,31,wo_a,BF16_conventional_dense,layers.31.attn.wo_a.weight,0,,96,8388608,,,conditional_per_row_formula,fresh_required_F_by_group
target,31,wo_a,BF16_conventional_dense,layers.31.attn.wo_a.weight,1,,96,8388608,,,conditional_per_row_formula,fresh_required_F_by_group
target,31,wo_a,BF16_conventional_dense,layers.31.attn.wo_a.weight,2,,96,8388608,,,conditional_per_row_formula,fresh_required_F_by_group
target,31,wo_a,BF16_conventional_dense,layers.31.attn.wo_a.weight,3,,96,8388608,,,conditional_per_row_formula,fresh_required_F_by_group
target,31,wo_a,BF16_conventional_dense,layers.31.attn.wo_a.weight,4,,96,8388608,,,conditional_per_row_formula,fresh_required_F_by_group
target,31,wo_a,BF16_conventional_dense,layers.31.attn.wo_a.weight,5,,96,8388608,,,conditional_per_row_formula,fresh_required_F_by_group
target,31,wo_a,BF16_conventional_dense,layers.31.attn.wo_a.weight,6,,96,8388608,,,conditional_per_row_formula,fresh_required_F_by_group
target,31,wo_a,BF16_conventional_dense,layers.31.attn.wo_a.weight,7,,96,8388608,,,conditional_per_row_formula,fresh_required_F_by_group
target,32,wo_a,BF16_conventional_dense,layers.32.attn.wo_a.weight,0,,96,8388608,,,conditional_per_row_formula,fresh_required_F_by_group
target,32,wo_a,BF16_conventional_dense,layers.32.attn.wo_a.weight,1,,96,8388608,,,conditional_per_row_formula,fresh_required_F_by_group
target,32,wo_a,BF16_conventional_dense,layers.32.attn.wo_a.weight,2,,96,8388608,,,conditional_per_row_formula,fresh_required_F_by_group
target,32,wo_a,BF16_conventional_dense,layers.32.attn.wo_a.weight,3,,96,8388608,,,conditional_per_row_formula,fresh_required_F_by_group
target,32,wo_a,BF16_conventional_dense,layers.32.attn.wo_a.weight,4,,96,8388608,,,conditional_per_row_formula,fresh_required_F_by_group
target,32,wo_a,BF16_conventional_dense,layers.32.attn.wo_a.weight,5,,96,8388608,,,conditional_per_row_formula,fresh_required_F_by_group
target,32,wo_a,BF16_conventional_dense,layers.32.attn.wo_a.weight,6,,96,8388608,,,conditional_per_row_formula,fresh_required_F_by_group
target,32,wo_a,BF16_conventional_dense,layers.32.attn.wo_a.weight,7,,96,8388608,,,conditional_per_row_formula,fresh_required_F_by_group
target,33,wo_a,BF16_conventional_dense,layers.33.attn.wo_a.weight,0,,96,8388608,,,conditional_per_row_formula,fresh_required_F_by_group
target,33,wo_a,BF16_conventional_dense,layers.33.attn.wo_a.weight,1,,96,8388608,,,conditional_per_row_formula,fresh_required_F_by_group
target,33,wo_a,BF16_conventional_dense,layers.33.attn.wo_a.weight,2,,96,8388608,,,conditional_per_row_formula,fresh_required_F_by_group
target,33,wo_a,BF16_conventional_dense,layers.33.attn.wo_a.weight,3,,96,8388608,,,conditional_per_row_formula,fresh_required_F_by_group
target,33,wo_a,BF16_conventional_dense,layers.33.attn.wo_a.weight,4,,96,8388608,,,conditional_per_row_formula,fresh_required_F_by_group
target,33,wo_a,BF16_conventional_dense,layers.33.attn.wo_a.weight,5,,96,8388608,,,conditional_per_row_formula,fresh_required_F_by_group
target,33,wo_a,BF16_conventional_dense,layers.33.attn.wo_a.weight,6,,96,8388608,,,conditional_per_row_formula,fresh_required_F_by_group
target,33,wo_a,BF16_conventional_dense,layers.33.attn.wo_a.weight,7,,96,8388608,,,conditional_per_row_formula,fresh_required_F_by_group
target,34,wo_a,BF16_conventional_dense,layers.34.attn.wo_a.weight,0,,96,8388608,,,conditional_per_row_formula,fresh_required_F_by_group
target,34,wo_a,BF16_conventional_dense,layers.34.attn.wo_a.weight,1,,96,8388608,,,conditional_per_row_formula,fresh_required_F_by_group
target,34,wo_a,BF16_conventional_dense,layers.34.attn.wo_a.weight,2,,96,8388608,,,conditional_per_row_formula,fresh_required_F_by_group
target,34,wo_a,BF16_conventional_dense,layers.34.attn.wo_a.weight,3,,96,8388608,,,conditional_per_row_formula,fresh_required_F_by_group
target,34,wo_a,BF16_conventional_dense,layers.34.attn.wo_a.weight,4,,96,8388608,,,conditional_per_row_formula,fresh_required_F_by_group
target,34,wo_a,BF16_conventional_dense,layers.34.attn.wo_a.weight,5,,96,8388608,,,conditional_per_row_formula,fresh_required_F_by_group
target,34,wo_a,BF16_conventional_dense,layers.34.attn.wo_a.weight,6,,96,8388608,,,conditional_per_row_formula,fresh_required_F_by_group
target,34,wo_a,BF16_conventional_dense,layers.34.attn.wo_a.weight,7,,96,8388608,,,conditional_per_row_formula,fresh_required_F_by_group
target,35,wo_a,BF16_conventional_dense,layers.35.attn.wo_a.weight,0,,96,8388608,,,conditional_per_row_formula,fresh_required_F_by_group
target,35,wo_a,BF16_conventional_dense,layers.35.attn.wo_a.weight,1,,96,8388608,,,conditional_per_row_formula,fresh_required_F_by_group
target,35,wo_a,BF16_conventional_dense,layers.35.attn.wo_a.weight,2,,96,8388608,,,conditional_per_row_formula,fresh_required_F_by_group
target,35,wo_a,BF16_conventional_dense,layers.35.attn.wo_a.weight,3,,96,8388608,,,conditional_per_row_formula,fresh_required_F_by_group
target,35,wo_a,BF16_conventional_dense,layers.35.attn.wo_a.weight,4,,96,8388608,,,conditional_per_row_formula,fresh_required_F_by_group
target,35,wo_a,BF16_conventional_dense,layers.35.attn.wo_a.weight,5,,96,8388608,,,conditional_per_row_formula,fresh_required_F_by_group
target,35,wo_a,BF16_conventional_dense,layers.35.attn.wo_a.weight,6,,96,8388608,,,conditional_per_row_formula,fresh_required_F_by_group
target,35,wo_a,BF16_conventional_dense,layers.35.attn.wo_a.weight,7,,96,8388608,,,conditional_per_row_formula,fresh_required_F_by_group
target,36,wo_a,BF16_conventional_dense,layers.36.attn.wo_a.weight,0,,96,8388608,,,conditional_per_row_formula,fresh_required_F_by_group
target,36,wo_a,BF16_conventional_dense,layers.36.attn.wo_a.weight,1,,96,8388608,,,conditional_per_row_formula,fresh_required_F_by_group
target,36,wo_a,BF16_conventional_dense,layers.36.attn.wo_a.weight,2,,96,8388608,,,conditional_per_row_formula,fresh_required_F_by_group
target,36,wo_a,BF16_conventional_dense,layers.36.attn.wo_a.weight,3,,96,8388608,,,conditional_per_row_formula,fresh_required_F_by_group
target,36,wo_a,BF16_conventional_dense,layers.36.attn.wo_a.weight,4,,96,8388608,,,conditional_per_row_formula,fresh_required_F_by_group
target,36,wo_a,BF16_conventional_dense,layers.36.attn.wo_a.weight,5,,96,8388608,,,conditional_per_row_formula,fresh_required_F_by_group
target,36,wo_a,BF16_conventional_dense,layers.36.attn.wo_a.weight,6,,96,8388608,,,conditional_per_row_formula,fresh_required_F_by_group
target,36,wo_a,BF16_conventional_dense,layers.36.attn.wo_a.weight,7,,96,8388608,,,conditional_per_row_formula,fresh_required_F_by_group
target,37,wo_a,BF16_conventional_dense,layers.37.attn.wo_a.weight,0,,96,8388608,,,conditional_per_row_formula,fresh_required_F_by_group
target,37,wo_a,BF16_conventional_dense,layers.37.attn.wo_a.weight,1,,96,8388608,,,conditional_per_row_formula,fresh_required_F_by_group
target,37,wo_a,BF16_conventional_dense,layers.37.attn.wo_a.weight,2,,96,8388608,,,conditional_per_row_formula,fresh_required_F_by_group
target,37,wo_a,BF16_conventional_dense,layers.37.attn.wo_a.weight,3,,96,8388608,,,conditional_per_row_formula,fresh_required_F_by_group
target,37,wo_a,BF16_conventional_dense,layers.37.attn.wo_a.weight,4,,96,8388608,,,conditional_per_row_formula,fresh_required_F_by_group
target,37,wo_a,BF16_conventional_dense,layers.37.attn.wo_a.weight,5,,96,8388608,,,conditional_per_row_formula,fresh_required_F_by_group
target,37,wo_a,BF16_conventional_dense,layers.37.attn.wo_a.weight,6,,96,8388608,,,conditional_per_row_formula,fresh_required_F_by_group
target,37,wo_a,BF16_conventional_dense,layers.37.attn.wo_a.weight,7,,96,8388608,,,conditional_per_row_formula,fresh_required_F_by_group
target,38,wo_a,BF16_conventional_dense,layers.38.attn.wo_a.weight,0,,96,8388608,,,conditional_per_row_formula,fresh_required_F_by_group
target,38,wo_a,BF16_conventional_dense,layers.38.attn.wo_a.weight,1,,96,8388608,,,conditional_per_row_formula,fresh_required_F_by_group
target,38,wo_a,BF16_conventional_dense,layers.38.attn.wo_a.weight,2,,96,8388608,,,conditional_per_row_formula,fresh_required_F_by_group
target,38,wo_a,BF16_conventional_dense,layers.38.attn.wo_a.weight,3,,96,8388608,,,conditional_per_row_formula,fresh_required_F_by_group
target,38,wo_a,BF16_conventional_dense,layers.38.attn.wo_a.weight,4,,96,8388608,,,conditional_per_row_formula,fresh_required_F_by_group
target,38,wo_a,BF16_conventional_dense,layers.38.attn.wo_a.weight,5,,96,8388608,,,conditional_per_row_formula,fresh_required_F_by_group
target,38,wo_a,BF16_conventional_dense,layers.38.attn.wo_a.weight,6,,96,8388608,,,conditional_per_row_formula,fresh_required_F_by_group
target,38,wo_a,BF16_conventional_dense,layers.38.attn.wo_a.weight,7,,96,8388608,,,conditional_per_row_formula,fresh_required_F_by_group
target,39,wo_a,BF16_conventional_dense,layers.39.attn.wo_a.weight,0,,96,8388608,,,conditional_per_row_formula,fresh_required_F_by_group
target,39,wo_a,BF16_conventional_dense,layers.39.attn.wo_a.weight,1,,96,8388608,,,conditional_per_row_formula,fresh_required_F_by_group
target,39,wo_a,BF16_conventional_dense,layers.39.attn.wo_a.weight,2,,96,8388608,,,conditional_per_row_formula,fresh_required_F_by_group
target,39,wo_a,BF16_conventional_dense,layers.39.attn.wo_a.weight,3,,96,8388608,,,conditional_per_row_formula,fresh_required_F_by_group
target,39,wo_a,BF16_conventional_dense,layers.39.attn.wo_a.weight,4,,96,8388608,,,conditional_per_row_formula,fresh_required_F_by_group
target,39,wo_a,BF16_conventional_dense,layers.39.attn.wo_a.weight,5,,96,8388608,,,conditional_per_row_formula,fresh_required_F_by_group
target,39,wo_a,BF16_conventional_dense,layers.39.attn.wo_a.weight,6,,96,8388608,,,conditional_per_row_formula,fresh_required_F_by_group
target,39,wo_a,BF16_conventional_dense,layers.39.attn.wo_a.weight,7,,96,8388608,,,conditional_per_row_formula,fresh_required_F_by_group
target,40,wo_a,BF16_conventional_dense,layers.40.attn.wo_a.weight,0,,96,8388608,,,conditional_per_row_formula,fresh_required_F_by_group
target,40,wo_a,BF16_conventional_dense,layers.40.attn.wo_a.weight,1,,96,8388608,,,conditional_per_row_formula,fresh_required_F_by_group
target,40,wo_a,BF16_conventional_dense,layers.40.attn.wo_a.weight,2,,96,8388608,,,conditional_per_row_formula,fresh_required_F_by_group
target,40,wo_a,BF16_conventional_dense,layers.40.attn.wo_a.weight,3,,96,8388608,,,conditional_per_row_formula,fresh_required_F_by_group
target,40,wo_a,BF16_conventional_dense,layers.40.attn.wo_a.weight,4,,96,8388608,,,conditional_per_row_formula,fresh_required_F_by_group
target,40,wo_a,BF16_conventional_dense,layers.40.attn.wo_a.weight,5,,96,8388608,,,conditional_per_row_formula,fresh_required_F_by_group
target,40,wo_a,BF16_conventional_dense,layers.40.attn.wo_a.weight,6,,96,8388608,,,conditional_per_row_formula,fresh_required_F_by_group
target,40,wo_a,BF16_conventional_dense,layers.40.attn.wo_a.weight,7,,96,8388608,,,conditional_per_row_formula,fresh_required_F_by_group
target,41,wo_a,BF16_conventional_dense,layers.41.attn.wo_a.weight,0,,96,8388608,,,conditional_per_row_formula,fresh_required_F_by_group
target,41,wo_a,BF16_conventional_dense,layers.41.attn.wo_a.weight,1,,96,8388608,,,conditional_per_row_formula,fresh_required_F_by_group
target,41,wo_a,BF16_conventional_dense,layers.41.attn.wo_a.weight,2,,96,8388608,,,conditional_per_row_formula,fresh_required_F_by_group
target,41,wo_a,BF16_conventional_dense,layers.41.attn.wo_a.weight,3,,96,8388608,,,conditional_per_row_formula,fresh_required_F_by_group
target,41,wo_a,BF16_conventional_dense,layers.41.attn.wo_a.weight,4,,96,8388608,,,conditional_per_row_formula,fresh_required_F_by_group
target,41,wo_a,BF16_conventional_dense,layers.41.attn.wo_a.weight,5,,96,8388608,,,conditional_per_row_formula,fresh_required_F_by_group
target,41,wo_a,BF16_conventional_dense,layers.41.attn.wo_a.weight,6,,96,8388608,,,conditional_per_row_formula,fresh_required_F_by_group
target,41,wo_a,BF16_conventional_dense,layers.41.attn.wo_a.weight,7,,96,8388608,,,conditional_per_row_formula,fresh_required_F_by_group
target,42,wo_a,BF16_conventional_dense,layers.42.attn.wo_a.weight,0,,96,8388608,,,conditional_per_row_formula,fresh_required_F_by_group
target,42,wo_a,BF16_conventional_dense,layers.42.attn.wo_a.weight,1,,96,8388608,,,conditional_per_row_formula,fresh_required_F_by_group
target,42,wo_a,BF16_conventional_dense,layers.42.attn.wo_a.weight,2,,96,8388608,,,conditional_per_row_formula,fresh_required_F_by_group
target,42,wo_a,BF16_conventional_dense,layers.42.attn.wo_a.weight,3,,96,8388608,,,conditional_per_row_formula,fresh_required_F_by_group
target,42,wo_a,BF16_conventional_dense,layers.42.attn.wo_a.weight,4,,96,8388608,,,conditional_per_row_formula,fresh_required_F_by_group
target,42,wo_a,BF16_conventional_dense,layers.42.attn.wo_a.weight,5,,96,8388608,,,conditional_per_row_formula,fresh_required_F_by_group
target,42,wo_a,BF16_conventional_dense,layers.42.attn.wo_a.weight,6,,96,8388608,,,conditional_per_row_formula,fresh_required_F_by_group
target,42,wo_a,BF16_conventional_dense,layers.42.attn.wo_a.weight,7,,96,8388608,,,conditional_per_row_formula,fresh_required_F_by_group
target,0,routed_moe,W4A8_GEMM_equivalent,expert_id_unknown,0,,96,50331648,,,conditional_per_row_formula,fresh_required_F_and_expert_ids
target,0,routed_moe,W4A8_GEMM_equivalent,expert_id_unknown,1,,96,50331648,,,conditional_per_row_formula,fresh_required_F_and_expert_ids
target,0,routed_moe,W4A8_GEMM_equivalent,expert_id_unknown,2,,96,50331648,,,conditional_per_row_formula,fresh_required_F_and_expert_ids
target,0,routed_moe,W4A8_GEMM_equivalent,expert_id_unknown,3,,96,50331648,,,conditional_per_row_formula,fresh_required_F_and_expert_ids
target,0,routed_moe,W4A8_GEMM_equivalent,expert_id_unknown,4,,96,50331648,,,conditional_per_row_formula,fresh_required_F_and_expert_ids
target,0,routed_moe,W4A8_GEMM_equivalent,expert_id_unknown,5,,96,50331648,,,conditional_per_row_formula,fresh_required_F_and_expert_ids
target,1,routed_moe,W4A8_GEMM_equivalent,expert_id_unknown,0,,96,50331648,,,conditional_per_row_formula,fresh_required_F_and_expert_ids
target,1,routed_moe,W4A8_GEMM_equivalent,expert_id_unknown,1,,96,50331648,,,conditional_per_row_formula,fresh_required_F_and_expert_ids
target,1,routed_moe,W4A8_GEMM_equivalent,expert_id_unknown,2,,96,50331648,,,conditional_per_row_formula,fresh_required_F_and_expert_ids
target,1,routed_moe,W4A8_GEMM_equivalent,expert_id_unknown,3,,96,50331648,,,conditional_per_row_formula,fresh_required_F_and_expert_ids
target,1,routed_moe,W4A8_GEMM_equivalent,expert_id_unknown,4,,96,50331648,,,conditional_per_row_formula,fresh_required_F_and_expert_ids
target,1,routed_moe,W4A8_GEMM_equivalent,expert_id_unknown,5,,96,50331648,,,conditional_per_row_formula,fresh_required_F_and_expert_ids
target,2,routed_moe,W4A8_GEMM_equivalent,expert_id_unknown,0,,96,50331648,,,conditional_per_row_formula,fresh_required_F_and_expert_ids
target,2,routed_moe,W4A8_GEMM_equivalent,expert_id_unknown,1,,96,50331648,,,conditional_per_row_formula,fresh_required_F_and_expert_ids
target,2,routed_moe,W4A8_GEMM_equivalent,expert_id_unknown,2,,96,50331648,,,conditional_per_row_formula,fresh_required_F_and_expert_ids
target,2,routed_moe,W4A8_GEMM_equivalent,expert_id_unknown,3,,96,50331648,,,conditional_per_row_formula,fresh_required_F_and_expert_ids
target,2,routed_moe,W4A8_GEMM_equivalent,expert_id_unknown,4,,96,50331648,,,conditional_per_row_formula,fresh_required_F_and_expert_ids
target,2,routed_moe,W4A8_GEMM_equivalent,expert_id_unknown,5,,96,50331648,,,conditional_per_row_formula,fresh_required_F_and_expert_ids
target,3,routed_moe,W4A8_GEMM_equivalent,expert_id_unknown,0,,96,50331648,,,conditional_per_row_formula,fresh_required_F_and_expert_ids
target,3,routed_moe,W4A8_GEMM_equivalent,expert_id_unknown,1,,96,50331648,,,conditional_per_row_formula,fresh_required_F_and_expert_ids
target,3,routed_moe,W4A8_GEMM_equivalent,expert_id_unknown,2,,96,50331648,,,conditional_per_row_formula,fresh_required_F_and_expert_ids
target,3,routed_moe,W4A8_GEMM_equivalent,expert_id_unknown,3,,96,50331648,,,conditional_per_row_formula,fresh_required_F_and_expert_ids
target,3,routed_moe,W4A8_GEMM_equivalent,expert_id_unknown,4,,96,50331648,,,conditional_per_row_formula,fresh_required_F_and_expert_ids
target,3,routed_moe,W4A8_GEMM_equivalent,expert_id_unknown,5,,96,50331648,,,conditional_per_row_formula,fresh_required_F_and_expert_ids
target,4,routed_moe,W4A8_GEMM_equivalent,expert_id_unknown,0,,96,50331648,,,conditional_per_row_formula,fresh_required_F_and_expert_ids
target,4,routed_moe,W4A8_GEMM_equivalent,expert_id_unknown,1,,96,50331648,,,conditional_per_row_formula,fresh_required_F_and_expert_ids
target,4,routed_moe,W4A8_GEMM_equivalent,expert_id_unknown,2,,96,50331648,,,conditional_per_row_formula,fresh_required_F_and_expert_ids
target,4,routed_moe,W4A8_GEMM_equivalent,expert_id_unknown,3,,96,50331648,,,conditional_per_row_formula,fresh_required_F_and_expert_ids
target,4,routed_moe,W4A8_GEMM_equivalent,expert_id_unknown,4,,96,50331648,,,conditional_per_row_formula,fresh_required_F_and_expert_ids
target,4,routed_moe,W4A8_GEMM_equivalent,expert_id_unknown,5,,96,50331648,,,conditional_per_row_formula,fresh_required_F_and_expert_ids
target,5,routed_moe,W4A8_GEMM_equivalent,expert_id_unknown,0,,96,50331648,,,conditional_per_row_formula,fresh_required_F_and_expert_ids
target,5,routed_moe,W4A8_GEMM_equivalent,expert_id_unknown,1,,96,50331648,,,conditional_per_row_formula,fresh_required_F_and_expert_ids
target,5,routed_moe,W4A8_GEMM_equivalent,expert_id_unknown,2,,96,50331648,,,conditional_per_row_formula,fresh_required_F_and_expert_ids
target,5,routed_moe,W4A8_GEMM_equivalent,expert_id_unknown,3,,96,50331648,,,conditional_per_row_formula,fresh_required_F_and_expert_ids
target,5,routed_moe,W4A8_GEMM_equivalent,expert_id_unknown,4,,96,50331648,,,conditional_per_row_formula,fresh_required_F_and_expert_ids
target,5,routed_moe,W4A8_GEMM_equivalent,expert_id_unknown,5,,96,50331648,,,conditional_per_row_formula,fresh_required_F_and_expert_ids
target,6,routed_moe,W4A8_GEMM_equivalent,expert_id_unknown,0,,96,50331648,,,conditional_per_row_formula,fresh_required_F_and_expert_ids
target,6,routed_moe,W4A8_GEMM_equivalent,expert_id_unknown,1,,96,50331648,,,conditional_per_row_formula,fresh_required_F_and_expert_ids
target,6,routed_moe,W4A8_GEMM_equivalent,expert_id_unknown,2,,96,50331648,,,conditional_per_row_formula,fresh_required_F_and_expert_ids
target,6,routed_moe,W4A8_GEMM_equivalent,expert_id_unknown,3,,96,50331648,,,conditional_per_row_formula,fresh_required_F_and_expert_ids
target,6,routed_moe,W4A8_GEMM_equivalent,expert_id_unknown,4,,96,50331648,,,conditional_per_row_formula,fresh_required_F_and_expert_ids
target,6,routed_moe,W4A8_GEMM_equivalent,expert_id_unknown,5,,96,50331648,,,conditional_per_row_formula,fresh_required_F_and_expert_ids
target,7,routed_moe,W4A8_GEMM_equivalent,expert_id_unknown,0,,96,50331648,,,conditional_per_row_formula,fresh_required_F_and_expert_ids
target,7,routed_moe,W4A8_GEMM_equivalent,expert_id_unknown,1,,96,50331648,,,conditional_per_row_formula,fresh_required_F_and_expert_ids
target,7,routed_moe,W4A8_GEMM_equivalent,expert_id_unknown,2,,96,50331648,,,conditional_per_row_formula,fresh_required_F_and_expert_ids
target,7,routed_moe,W4A8_GEMM_equivalent,expert_id_unknown,3,,96,50331648,,,conditional_per_row_formula,fresh_required_F_and_expert_ids
target,7,routed_moe,W4A8_GEMM_equivalent,expert_id_unknown,4,,96,50331648,,,conditional_per_row_formula,fresh_required_F_and_expert_ids
target,7,routed_moe,W4A8_GEMM_equivalent,expert_id_unknown,5,,96,50331648,,,conditional_per_row_formula,fresh_required_F_and_expert_ids
target,8,routed_moe,W4A8_GEMM_equivalent,expert_id_unknown,0,,96,50331648,,,conditional_per_row_formula,fresh_required_F_and_expert_ids
target,8,routed_moe,W4A8_GEMM_equivalent,expert_id_unknown,1,,96,50331648,,,conditional_per_row_formula,fresh_required_F_and_expert_ids
target,8,routed_moe,W4A8_GEMM_equivalent,expert_id_unknown,2,,96,50331648,,,conditional_per_row_formula,fresh_required_F_and_expert_ids
target,8,routed_moe,W4A8_GEMM_equivalent,expert_id_unknown,3,,96,50331648,,,conditional_per_row_formula,fresh_required_F_and_expert_ids
target,8,routed_moe,W4A8_GEMM_equivalent,expert_id_unknown,4,,96,50331648,,,conditional_per_row_formula,fresh_required_F_and_expert_ids
target,8,routed_moe,W4A8_GEMM_equivalent,expert_id_unknown,5,,96,50331648,,,conditional_per_row_formula,fresh_required_F_and_expert_ids
target,9,routed_moe,W4A8_GEMM_equivalent,expert_id_unknown,0,,96,50331648,,,conditional_per_row_formula,fresh_required_F_and_expert_ids
target,9,routed_moe,W4A8_GEMM_equivalent,expert_id_unknown,1,,96,50331648,,,conditional_per_row_formula,fresh_required_F_and_expert_ids
target,9,routed_moe,W4A8_GEMM_equivalent,expert_id_unknown,2,,96,50331648,,,conditional_per_row_formula,fresh_required_F_and_expert_ids
target,9,routed_moe,W4A8_GEMM_equivalent,expert_id_unknown,3,,96,50331648,,,conditional_per_row_formula,fresh_required_F_and_expert_ids
target,9,routed_moe,W4A8_GEMM_equivalent,expert_id_unknown,4,,96,50331648,,,conditional_per_row_formula,fresh_required_F_and_expert_ids
target,9,routed_moe,W4A8_GEMM_equivalent,expert_id_unknown,5,,96,50331648,,,conditional_per_row_formula,fresh_required_F_and_expert_ids
target,10,routed_moe,W4A8_GEMM_equivalent,expert_id_unknown,0,,96,50331648,,,conditional_per_row_formula,fresh_required_F_and_expert_ids
target,10,routed_moe,W4A8_GEMM_equivalent,expert_id_unknown,1,,96,50331648,,,conditional_per_row_formula,fresh_required_F_and_expert_ids
target,10,routed_moe,W4A8_GEMM_equivalent,expert_id_unknown,2,,96,50331648,,,conditional_per_row_formula,fresh_required_F_and_expert_ids
target,10,routed_moe,W4A8_GEMM_equivalent,expert_id_unknown,3,,96,50331648,,,conditional_per_row_formula,fresh_required_F_and_expert_ids
target,10,routed_moe,W4A8_GEMM_equivalent,expert_id_unknown,4,,96,50331648,,,conditional_per_row_formula,fresh_required_F_and_expert_ids
target,10,routed_moe,W4A8_GEMM_equivalent,expert_id_unknown,5,,96,50331648,,,conditional_per_row_formula,fresh_required_F_and_expert_ids
target,11,routed_moe,W4A8_GEMM_equivalent,expert_id_unknown,0,,96,50331648,,,conditional_per_row_formula,fresh_required_F_and_expert_ids
target,11,routed_moe,W4A8_GEMM_equivalent,expert_id_unknown,1,,96,50331648,,,conditional_per_row_formula,fresh_required_F_and_expert_ids
target,11,routed_moe,W4A8_GEMM_equivalent,expert_id_unknown,2,,96,50331648,,,conditional_per_row_formula,fresh_required_F_and_expert_ids
target,11,routed_moe,W4A8_GEMM_equivalent,expert_id_unknown,3,,96,50331648,,,conditional_per_row_formula,fresh_required_F_and_expert_ids
target,11,routed_moe,W4A8_GEMM_equivalent,expert_id_unknown,4,,96,50331648,,,conditional_per_row_formula,fresh_required_F_and_expert_ids
target,11,routed_moe,W4A8_GEMM_equivalent,expert_id_unknown,5,,96,50331648,,,conditional_per_row_formula,fresh_required_F_and_expert_ids
target,12,routed_moe,W4A8_GEMM_equivalent,expert_id_unknown,0,,96,50331648,,,conditional_per_row_formula,fresh_required_F_and_expert_ids
target,12,routed_moe,W4A8_GEMM_equivalent,expert_id_unknown,1,,96,50331648,,,conditional_per_row_formula,fresh_required_F_and_expert_ids
target,12,routed_moe,W4A8_GEMM_equivalent,expert_id_unknown,2,,96,50331648,,,conditional_per_row_formula,fresh_required_F_and_expert_ids
target,12,routed_moe,W4A8_GEMM_equivalent,expert_id_unknown,3,,96,50331648,,,conditional_per_row_formula,fresh_required_F_and_expert_ids
target,12,routed_moe,W4A8_GEMM_equivalent,expert_id_unknown,4,,96,50331648,,,conditional_per_row_formula,fresh_required_F_and_expert_ids
target,12,routed_moe,W4A8_GEMM_equivalent,expert_id_unknown,5,,96,50331648,,,conditional_per_row_formula,fresh_required_F_and_expert_ids
target,13,routed_moe,W4A8_GEMM_equivalent,expert_id_unknown,0,,96,50331648,,,conditional_per_row_formula,fresh_required_F_and_expert_ids
target,13,routed_moe,W4A8_GEMM_equivalent,expert_id_unknown,1,,96,50331648,,,conditional_per_row_formula,fresh_required_F_and_expert_ids
target,13,routed_moe,W4A8_GEMM_equivalent,expert_id_unknown,2,,96,50331648,,,conditional_per_row_formula,fresh_required_F_and_expert_ids
target,13,routed_moe,W4A8_GEMM_equivalent,expert_id_unknown,3,,96,50331648,,,conditional_per_row_formula,fresh_required_F_and_expert_ids
target,13,routed_moe,W4A8_GEMM_equivalent,expert_id_unknown,4,,96,50331648,,,conditional_per_row_formula,fresh_required_F_and_expert_ids
target,13,routed_moe,W4A8_GEMM_equivalent,expert_id_unknown,5,,96,50331648,,,conditional_per_row_formula,fresh_required_F_and_expert_ids
target,14,routed_moe,W4A8_GEMM_equivalent,expert_id_unknown,0,,96,50331648,,,conditional_per_row_formula,fresh_required_F_and_expert_ids
target,14,routed_moe,W4A8_GEMM_equivalent,expert_id_unknown,1,,96,50331648,,,conditional_per_row_formula,fresh_required_F_and_expert_ids
target,14,routed_moe,W4A8_GEMM_equivalent,expert_id_unknown,2,,96,50331648,,,conditional_per_row_formula,fresh_required_F_and_expert_ids
target,14,routed_moe,W4A8_GEMM_equivalent,expert_id_unknown,3,,96,50331648,,,conditional_per_row_formula,fresh_required_F_and_expert_ids
target,14,routed_moe,W4A8_GEMM_equivalent,expert_id_unknown,4,,96,50331648,,,conditional_per_row_formula,fresh_required_F_and_expert_ids
target,14,routed_moe,W4A8_GEMM_equivalent,expert_id_unknown,5,,96,50331648,,,conditional_per_row_formula,fresh_required_F_and_expert_ids
target,15,routed_moe,W4A8_GEMM_equivalent,expert_id_unknown,0,,96,50331648,,,conditional_per_row_formula,fresh_required_F_and_expert_ids
target,15,routed_moe,W4A8_GEMM_equivalent,expert_id_unknown,1,,96,50331648,,,conditional_per_row_formula,fresh_required_F_and_expert_ids
target,15,routed_moe,W4A8_GEMM_equivalent,expert_id_unknown,2,,96,50331648,,,conditional_per_row_formula,fresh_required_F_and_expert_ids
target,15,routed_moe,W4A8_GEMM_equivalent,expert_id_unknown,3,,96,50331648,,,conditional_per_row_formula,fresh_required_F_and_expert_ids
target,15,routed_moe,W4A8_GEMM_equivalent,expert_id_unknown,4,,96,50331648,,,conditional_per_row_formula,fresh_required_F_and_expert_ids
target,15,routed_moe,W4A8_GEMM_equivalent,expert_id_unknown,5,,96,50331648,,,conditional_per_row_formula,fresh_required_F_and_expert_ids
target,16,routed_moe,W4A8_GEMM_equivalent,expert_id_unknown,0,,96,50331648,,,conditional_per_row_formula,fresh_required_F_and_expert_ids
target,16,routed_moe,W4A8_GEMM_equivalent,expert_id_unknown,1,,96,50331648,,,conditional_per_row_formula,fresh_required_F_and_expert_ids
target,16,routed_moe,W4A8_GEMM_equivalent,expert_id_unknown,2,,96,50331648,,,conditional_per_row_formula,fresh_required_F_and_expert_ids
target,16,routed_moe,W4A8_GEMM_equivalent,expert_id_unknown,3,,96,50331648,,,conditional_per_row_formula,fresh_required_F_and_expert_ids
target,16,routed_moe,W4A8_GEMM_equivalent,expert_id_unknown,4,,96,50331648,,,conditional_per_row_formula,fresh_required_F_and_expert_ids
target,16,routed_moe,W4A8_GEMM_equivalent,expert_id_unknown,5,,96,50331648,,,conditional_per_row_formula,fresh_required_F_and_expert_ids
target,17,routed_moe,W4A8_GEMM_equivalent,expert_id_unknown,0,,96,50331648,,,conditional_per_row_formula,fresh_required_F_and_expert_ids
target,17,routed_moe,W4A8_GEMM_equivalent,expert_id_unknown,1,,96,50331648,,,conditional_per_row_formula,fresh_required_F_and_expert_ids
target,17,routed_moe,W4A8_GEMM_equivalent,expert_id_unknown,2,,96,50331648,,,conditional_per_row_formula,fresh_required_F_and_expert_ids
target,17,routed_moe,W4A8_GEMM_equivalent,expert_id_unknown,3,,96,50331648,,,conditional_per_row_formula,fresh_required_F_and_expert_ids
target,17,routed_moe,W4A8_GEMM_equivalent,expert_id_unknown,4,,96,50331648,,,conditional_per_row_formula,fresh_required_F_and_expert_ids
target,17,routed_moe,W4A8_GEMM_equivalent,expert_id_unknown,5,,96,50331648,,,conditional_per_row_formula,fresh_required_F_and_expert_ids
target,18,routed_moe,W4A8_GEMM_equivalent,expert_id_unknown,0,,96,50331648,,,conditional_per_row_formula,fresh_required_F_and_expert_ids
target,18,routed_moe,W4A8_GEMM_equivalent,expert_id_unknown,1,,96,50331648,,,conditional_per_row_formula,fresh_required_F_and_expert_ids
target,18,routed_moe,W4A8_GEMM_equivalent,expert_id_unknown,2,,96,50331648,,,conditional_per_row_formula,fresh_required_F_and_expert_ids
target,18,routed_moe,W4A8_GEMM_equivalent,expert_id_unknown,3,,96,50331648,,,conditional_per_row_formula,fresh_required_F_and_expert_ids
target,18,routed_moe,W4A8_GEMM_equivalent,expert_id_unknown,4,,96,50331648,,,conditional_per_row_formula,fresh_required_F_and_expert_ids
target,18,routed_moe,W4A8_GEMM_equivalent,expert_id_unknown,5,,96,50331648,,,conditional_per_row_formula,fresh_required_F_and_expert_ids
target,19,routed_moe,W4A8_GEMM_equivalent,expert_id_unknown,0,,96,50331648,,,conditional_per_row_formula,fresh_required_F_and_expert_ids
target,19,routed_moe,W4A8_GEMM_equivalent,expert_id_unknown,1,,96,50331648,,,conditional_per_row_formula,fresh_required_F_and_expert_ids
target,19,routed_moe,W4A8_GEMM_equivalent,expert_id_unknown,2,,96,50331648,,,conditional_per_row_formula,fresh_required_F_and_expert_ids
target,19,routed_moe,W4A8_GEMM_equivalent,expert_id_unknown,3,,96,50331648,,,conditional_per_row_formula,fresh_required_F_and_expert_ids
target,19,routed_moe,W4A8_GEMM_equivalent,expert_id_unknown,4,,96,50331648,,,conditional_per_row_formula,fresh_required_F_and_expert_ids
target,19,routed_moe,W4A8_GEMM_equivalent,expert_id_unknown,5,,96,50331648,,,conditional_per_row_formula,fresh_required_F_and_expert_ids
target,20,routed_moe,W4A8_GEMM_equivalent,expert_id_unknown,0,,96,50331648,,,conditional_per_row_formula,fresh_required_F_and_expert_ids
target,20,routed_moe,W4A8_GEMM_equivalent,expert_id_unknown,1,,96,50331648,,,conditional_per_row_formula,fresh_required_F_and_expert_ids
target,20,routed_moe,W4A8_GEMM_equivalent,expert_id_unknown,2,,96,50331648,,,conditional_per_row_formula,fresh_required_F_and_expert_ids
target,20,routed_moe,W4A8_GEMM_equivalent,expert_id_unknown,3,,96,50331648,,,conditional_per_row_formula,fresh_required_F_and_expert_ids
target,20,routed_moe,W4A8_GEMM_equivalent,expert_id_unknown,4,,96,50331648,,,conditional_per_row_formula,fresh_required_F_and_expert_ids
target,20,routed_moe,W4A8_GEMM_equivalent,expert_id_unknown,5,,96,50331648,,,conditional_per_row_formula,fresh_required_F_and_expert_ids
target,21,routed_moe,W4A8_GEMM_equivalent,expert_id_unknown,0,,96,50331648,,,conditional_per_row_formula,fresh_required_F_and_expert_ids
target,21,routed_moe,W4A8_GEMM_equivalent,expert_id_unknown,1,,96,50331648,,,conditional_per_row_formula,fresh_required_F_and_expert_ids
target,21,routed_moe,W4A8_GEMM_equivalent,expert_id_unknown,2,,96,50331648,,,conditional_per_row_formula,fresh_required_F_and_expert_ids
target,21,routed_moe,W4A8_GEMM_equivalent,expert_id_unknown,3,,96,50331648,,,conditional_per_row_formula,fresh_required_F_and_expert_ids
target,21,routed_moe,W4A8_GEMM_equivalent,expert_id_unknown,4,,96,50331648,,,conditional_per_row_formula,fresh_required_F_and_expert_ids
target,21,routed_moe,W4A8_GEMM_equivalent,expert_id_unknown,5,,96,50331648,,,conditional_per_row_formula,fresh_required_F_and_expert_ids
target,22,routed_moe,W4A8_GEMM_equivalent,expert_id_unknown,0,,96,50331648,,,conditional_per_row_formula,fresh_required_F_and_expert_ids
target,22,routed_moe,W4A8_GEMM_equivalent,expert_id_unknown,1,,96,50331648,,,conditional_per_row_formula,fresh_required_F_and_expert_ids
target,22,routed_moe,W4A8_GEMM_equivalent,expert_id_unknown,2,,96,50331648,,,conditional_per_row_formula,fresh_required_F_and_expert_ids
target,22,routed_moe,W4A8_GEMM_equivalent,expert_id_unknown,3,,96,50331648,,,conditional_per_row_formula,fresh_required_F_and_expert_ids
target,22,routed_moe,W4A8_GEMM_equivalent,expert_id_unknown,4,,96,50331648,,,conditional_per_row_formula,fresh_required_F_and_expert_ids
target,22,routed_moe,W4A8_GEMM_equivalent,expert_id_unknown,5,,96,50331648,,,conditional_per_row_formula,fresh_required_F_and_expert_ids
target,23,routed_moe,W4A8_GEMM_equivalent,expert_id_unknown,0,,96,50331648,,,conditional_per_row_formula,fresh_required_F_and_expert_ids
target,23,routed_moe,W4A8_GEMM_equivalent,expert_id_unknown,1,,96,50331648,,,conditional_per_row_formula,fresh_required_F_and_expert_ids
target,23,routed_moe,W4A8_GEMM_equivalent,expert_id_unknown,2,,96,50331648,,,conditional_per_row_formula,fresh_required_F_and_expert_ids
target,23,routed_moe,W4A8_GEMM_equivalent,expert_id_unknown,3,,96,50331648,,,conditional_per_row_formula,fresh_required_F_and_expert_ids
target,23,routed_moe,W4A8_GEMM_equivalent,expert_id_unknown,4,,96,50331648,,,conditional_per_row_formula,fresh_required_F_and_expert_ids
target,23,routed_moe,W4A8_GEMM_equivalent,expert_id_unknown,5,,96,50331648,,,conditional_per_row_formula,fresh_required_F_and_expert_ids
target,24,routed_moe,W4A8_GEMM_equivalent,expert_id_unknown,0,,96,50331648,,,conditional_per_row_formula,fresh_required_F_and_expert_ids
target,24,routed_moe,W4A8_GEMM_equivalent,expert_id_unknown,1,,96,50331648,,,conditional_per_row_formula,fresh_required_F_and_expert_ids
target,24,routed_moe,W4A8_GEMM_equivalent,expert_id_unknown,2,,96,50331648,,,conditional_per_row_formula,fresh_required_F_and_expert_ids
target,24,routed_moe,W4A8_GEMM_equivalent,expert_id_unknown,3,,96,50331648,,,conditional_per_row_formula,fresh_required_F_and_expert_ids
target,24,routed_moe,W4A8_GEMM_equivalent,expert_id_unknown,4,,96,50331648,,,conditional_per_row_formula,fresh_required_F_and_expert_ids
target,24,routed_moe,W4A8_GEMM_equivalent,expert_id_unknown,5,,96,50331648,,,conditional_per_row_formula,fresh_required_F_and_expert_ids
target,25,routed_moe,W4A8_GEMM_equivalent,expert_id_unknown,0,,96,50331648,,,conditional_per_row_formula,fresh_required_F_and_expert_ids
target,25,routed_moe,W4A8_GEMM_equivalent,expert_id_unknown,1,,96,50331648,,,conditional_per_row_formula,fresh_required_F_and_expert_ids
target,25,routed_moe,W4A8_GEMM_equivalent,expert_id_unknown,2,,96,50331648,,,conditional_per_row_formula,fresh_required_F_and_expert_ids
target,25,routed_moe,W4A8_GEMM_equivalent,expert_id_unknown,3,,96,50331648,,,conditional_per_row_formula,fresh_required_F_and_expert_ids
target,25,routed_moe,W4A8_GEMM_equivalent,expert_id_unknown,4,,96,50331648,,,conditional_per_row_formula,fresh_required_F_and_expert_ids
target,25,routed_moe,W4A8_GEMM_equivalent,expert_id_unknown,5,,96,50331648,,,conditional_per_row_formula,fresh_required_F_and_expert_ids
target,26,routed_moe,W4A8_GEMM_equivalent,expert_id_unknown,0,,96,50331648,,,conditional_per_row_formula,fresh_required_F_and_expert_ids
target,26,routed_moe,W4A8_GEMM_equivalent,expert_id_unknown,1,,96,50331648,,,conditional_per_row_formula,fresh_required_F_and_expert_ids
target,26,routed_moe,W4A8_GEMM_equivalent,expert_id_unknown,2,,96,50331648,,,conditional_per_row_formula,fresh_required_F_and_expert_ids
target,26,routed_moe,W4A8_GEMM_equivalent,expert_id_unknown,3,,96,50331648,,,conditional_per_row_formula,fresh_required_F_and_expert_ids
target,26,routed_moe,W4A8_GEMM_equivalent,expert_id_unknown,4,,96,50331648,,,conditional_per_row_formula,fresh_required_F_and_expert_ids
target,26,routed_moe,W4A8_GEMM_equivalent,expert_id_unknown,5,,96,50331648,,,conditional_per_row_formula,fresh_required_F_and_expert_ids
target,27,routed_moe,W4A8_GEMM_equivalent,expert_id_unknown,0,,96,50331648,,,conditional_per_row_formula,fresh_required_F_and_expert_ids
target,27,routed_moe,W4A8_GEMM_equivalent,expert_id_unknown,1,,96,50331648,,,conditional_per_row_formula,fresh_required_F_and_expert_ids
target,27,routed_moe,W4A8_GEMM_equivalent,expert_id_unknown,2,,96,50331648,,,conditional_per_row_formula,fresh_required_F_and_expert_ids
target,27,routed_moe,W4A8_GEMM_equivalent,expert_id_unknown,3,,96,50331648,,,conditional_per_row_formula,fresh_required_F_and_expert_ids
target,27,routed_moe,W4A8_GEMM_equivalent,expert_id_unknown,4,,96,50331648,,,conditional_per_row_formula,fresh_required_F_and_expert_ids
target,27,routed_moe,W4A8_GEMM_equivalent,expert_id_unknown,5,,96,50331648,,,conditional_per_row_formula,fresh_required_F_and_expert_ids
target,28,routed_moe,W4A8_GEMM_equivalent,expert_id_unknown,0,,96,50331648,,,conditional_per_row_formula,fresh_required_F_and_expert_ids
target,28,routed_moe,W4A8_GEMM_equivalent,expert_id_unknown,1,,96,50331648,,,conditional_per_row_formula,fresh_required_F_and_expert_ids
target,28,routed_moe,W4A8_GEMM_equivalent,expert_id_unknown,2,,96,50331648,,,conditional_per_row_formula,fresh_required_F_and_expert_ids
target,28,routed_moe,W4A8_GEMM_equivalent,expert_id_unknown,3,,96,50331648,,,conditional_per_row_formula,fresh_required_F_and_expert_ids
target,28,routed_moe,W4A8_GEMM_equivalent,expert_id_unknown,4,,96,50331648,,,conditional_per_row_formula,fresh_required_F_and_expert_ids
target,28,routed_moe,W4A8_GEMM_equivalent,expert_id_unknown,5,,96,50331648,,,conditional_per_row_formula,fresh_required_F_and_expert_ids
target,29,routed_moe,W4A8_GEMM_equivalent,expert_id_unknown,0,,96,50331648,,,conditional_per_row_formula,fresh_required_F_and_expert_ids
target,29,routed_moe,W4A8_GEMM_equivalent,expert_id_unknown,1,,96,50331648,,,conditional_per_row_formula,fresh_required_F_and_expert_ids
target,29,routed_moe,W4A8_GEMM_equivalent,expert_id_unknown,2,,96,50331648,,,conditional_per_row_formula,fresh_required_F_and_expert_ids
target,29,routed_moe,W4A8_GEMM_equivalent,expert_id_unknown,3,,96,50331648,,,conditional_per_row_formula,fresh_required_F_and_expert_ids
target,29,routed_moe,W4A8_GEMM_equivalent,expert_id_unknown,4,,96,50331648,,,conditional_per_row_formula,fresh_required_F_and_expert_ids
target,29,routed_moe,W4A8_GEMM_equivalent,expert_id_unknown,5,,96,50331648,,,conditional_per_row_formula,fresh_required_F_and_expert_ids
target,30,routed_moe,W4A8_GEMM_equivalent,expert_id_unknown,0,,96,50331648,,,conditional_per_row_formula,fresh_required_F_and_expert_ids
target,30,routed_moe,W4A8_GEMM_equivalent,expert_id_unknown,1,,96,50331648,,,conditional_per_row_formula,fresh_required_F_and_expert_ids
target,30,routed_moe,W4A8_GEMM_equivalent,expert_id_unknown,2,,96,50331648,,,conditional_per_row_formula,fresh_required_F_and_expert_ids
target,30,routed_moe,W4A8_GEMM_equivalent,expert_id_unknown,3,,96,50331648,,,conditional_per_row_formula,fresh_required_F_and_expert_ids
target,30,routed_moe,W4A8_GEMM_equivalent,expert_id_unknown,4,,96,50331648,,,conditional_per_row_formula,fresh_required_F_and_expert_ids
target,30,routed_moe,W4A8_GEMM_equivalent,expert_id_unknown,5,,96,50331648,,,conditional_per_row_formula,fresh_required_F_and_expert_ids
target,31,routed_moe,W4A8_GEMM_equivalent,expert_id_unknown,0,,96,50331648,,,conditional_per_row_formula,fresh_required_F_and_expert_ids
target,31,routed_moe,W4A8_GEMM_equivalent,expert_id_unknown,1,,96,50331648,,,conditional_per_row_formula,fresh_required_F_and_expert_ids
target,31,routed_moe,W4A8_GEMM_equivalent,expert_id_unknown,2,,96,50331648,,,conditional_per_row_formula,fresh_required_F_and_expert_ids
target,31,routed_moe,W4A8_GEMM_equivalent,expert_id_unknown,3,,96,50331648,,,conditional_per_row_formula,fresh_required_F_and_expert_ids
target,31,routed_moe,W4A8_GEMM_equivalent,expert_id_unknown,4,,96,50331648,,,conditional_per_row_formula,fresh_required_F_and_expert_ids
target,31,routed_moe,W4A8_GEMM_equivalent,expert_id_unknown,5,,96,50331648,,,conditional_per_row_formula,fresh_required_F_and_expert_ids
target,32,routed_moe,W4A8_GEMM_equivalent,expert_id_unknown,0,,96,50331648,,,conditional_per_row_formula,fresh_required_F_and_expert_ids
target,32,routed_moe,W4A8_GEMM_equivalent,expert_id_unknown,1,,96,50331648,,,conditional_per_row_formula,fresh_required_F_and_expert_ids
target,32,routed_moe,W4A8_GEMM_equivalent,expert_id_unknown,2,,96,50331648,,,conditional_per_row_formula,fresh_required_F_and_expert_ids
target,32,routed_moe,W4A8_GEMM_equivalent,expert_id_unknown,3,,96,50331648,,,conditional_per_row_formula,fresh_required_F_and_expert_ids
target,32,routed_moe,W4A8_GEMM_equivalent,expert_id_unknown,4,,96,50331648,,,conditional_per_row_formula,fresh_required_F_and_expert_ids
target,32,routed_moe,W4A8_GEMM_equivalent,expert_id_unknown,5,,96,50331648,,,conditional_per_row_formula,fresh_required_F_and_expert_ids
target,33,routed_moe,W4A8_GEMM_equivalent,expert_id_unknown,0,,96,50331648,,,conditional_per_row_formula,fresh_required_F_and_expert_ids
target,33,routed_moe,W4A8_GEMM_equivalent,expert_id_unknown,1,,96,50331648,,,conditional_per_row_formula,fresh_required_F_and_expert_ids
target,33,routed_moe,W4A8_GEMM_equivalent,expert_id_unknown,2,,96,50331648,,,conditional_per_row_formula,fresh_required_F_and_expert_ids
target,33,routed_moe,W4A8_GEMM_equivalent,expert_id_unknown,3,,96,50331648,,,conditional_per_row_formula,fresh_required_F_and_expert_ids
target,33,routed_moe,W4A8_GEMM_equivalent,expert_id_unknown,4,,96,50331648,,,conditional_per_row_formula,fresh_required_F_and_expert_ids
target,33,routed_moe,W4A8_GEMM_equivalent,expert_id_unknown,5,,96,50331648,,,conditional_per_row_formula,fresh_required_F_and_expert_ids
target,34,routed_moe,W4A8_GEMM_equivalent,expert_id_unknown,0,,96,50331648,,,conditional_per_row_formula,fresh_required_F_and_expert_ids
target,34,routed_moe,W4A8_GEMM_equivalent,expert_id_unknown,1,,96,50331648,,,conditional_per_row_formula,fresh_required_F_and_expert_ids
target,34,routed_moe,W4A8_GEMM_equivalent,expert_id_unknown,2,,96,50331648,,,conditional_per_row_formula,fresh_required_F_and_expert_ids
target,34,routed_moe,W4A8_GEMM_equivalent,expert_id_unknown,3,,96,50331648,,,conditional_per_row_formula,fresh_required_F_and_expert_ids
target,34,routed_moe,W4A8_GEMM_equivalent,expert_id_unknown,4,,96,50331648,,,conditional_per_row_formula,fresh_required_F_and_expert_ids
target,34,routed_moe,W4A8_GEMM_equivalent,expert_id_unknown,5,,96,50331648,,,conditional_per_row_formula,fresh_required_F_and_expert_ids
target,35,routed_moe,W4A8_GEMM_equivalent,expert_id_unknown,0,,96,50331648,,,conditional_per_row_formula,fresh_required_F_and_expert_ids
target,35,routed_moe,W4A8_GEMM_equivalent,expert_id_unknown,1,,96,50331648,,,conditional_per_row_formula,fresh_required_F_and_expert_ids
target,35,routed_moe,W4A8_GEMM_equivalent,expert_id_unknown,2,,96,50331648,,,conditional_per_row_formula,fresh_required_F_and_expert_ids
target,35,routed_moe,W4A8_GEMM_equivalent,expert_id_unknown,3,,96,50331648,,,conditional_per_row_formula,fresh_required_F_and_expert_ids
target,35,routed_moe,W4A8_GEMM_equivalent,expert_id_unknown,4,,96,50331648,,,conditional_per_row_formula,fresh_required_F_and_expert_ids
target,35,routed_moe,W4A8_GEMM_equivalent,expert_id_unknown,5,,96,50331648,,,conditional_per_row_formula,fresh_required_F_and_expert_ids
target,36,routed_moe,W4A8_GEMM_equivalent,expert_id_unknown,0,,96,50331648,,,conditional_per_row_formula,fresh_required_F_and_expert_ids
target,36,routed_moe,W4A8_GEMM_equivalent,expert_id_unknown,1,,96,50331648,,,conditional_per_row_formula,fresh_required_F_and_expert_ids
target,36,routed_moe,W4A8_GEMM_equivalent,expert_id_unknown,2,,96,50331648,,,conditional_per_row_formula,fresh_required_F_and_expert_ids
target,36,routed_moe,W4A8_GEMM_equivalent,expert_id_unknown,3,,96,50331648,,,conditional_per_row_formula,fresh_required_F_and_expert_ids
target,36,routed_moe,W4A8_GEMM_equivalent,expert_id_unknown,4,,96,50331648,,,conditional_per_row_formula,fresh_required_F_and_expert_ids
target,36,routed_moe,W4A8_GEMM_equivalent,expert_id_unknown,5,,96,50331648,,,conditional_per_row_formula,fresh_required_F_and_expert_ids
target,37,routed_moe,W4A8_GEMM_equivalent,expert_id_unknown,0,,96,50331648,,,conditional_per_row_formula,fresh_required_F_and_expert_ids
target,37,routed_moe,W4A8_GEMM_equivalent,expert_id_unknown,1,,96,50331648,,,conditional_per_row_formula,fresh_required_F_and_expert_ids
target,37,routed_moe,W4A8_GEMM_equivalent,expert_id_unknown,2,,96,50331648,,,conditional_per_row_formula,fresh_required_F_and_expert_ids
target,37,routed_moe,W4A8_GEMM_equivalent,expert_id_unknown,3,,96,50331648,,,conditional_per_row_formula,fresh_required_F_and_expert_ids
target,37,routed_moe,W4A8_GEMM_equivalent,expert_id_unknown,4,,96,50331648,,,conditional_per_row_formula,fresh_required_F_and_expert_ids
target,37,routed_moe,W4A8_GEMM_equivalent,expert_id_unknown,5,,96,50331648,,,conditional_per_row_formula,fresh_required_F_and_expert_ids
target,38,routed_moe,W4A8_GEMM_equivalent,expert_id_unknown,0,,96,50331648,,,conditional_per_row_formula,fresh_required_F_and_expert_ids
target,38,routed_moe,W4A8_GEMM_equivalent,expert_id_unknown,1,,96,50331648,,,conditional_per_row_formula,fresh_required_F_and_expert_ids
target,38,routed_moe,W4A8_GEMM_equivalent,expert_id_unknown,2,,96,50331648,,,conditional_per_row_formula,fresh_required_F_and_expert_ids
target,38,routed_moe,W4A8_GEMM_equivalent,expert_id_unknown,3,,96,50331648,,,conditional_per_row_formula,fresh_required_F_and_expert_ids
target,38,routed_moe,W4A8_GEMM_equivalent,expert_id_unknown,4,,96,50331648,,,conditional_per_row_formula,fresh_required_F_and_expert_ids
target,38,routed_moe,W4A8_GEMM_equivalent,expert_id_unknown,5,,96,50331648,,,conditional_per_row_formula,fresh_required_F_and_expert_ids
target,39,routed_moe,W4A8_GEMM_equivalent,expert_id_unknown,0,,96,50331648,,,conditional_per_row_formula,fresh_required_F_and_expert_ids
target,39,routed_moe,W4A8_GEMM_equivalent,expert_id_unknown,1,,96,50331648,,,conditional_per_row_formula,fresh_required_F_and_expert_ids
target,39,routed_moe,W4A8_GEMM_equivalent,expert_id_unknown,2,,96,50331648,,,conditional_per_row_formula,fresh_required_F_and_expert_ids
target,39,routed_moe,W4A8_GEMM_equivalent,expert_id_unknown,3,,96,50331648,,,conditional_per_row_formula,fresh_required_F_and_expert_ids
target,39,routed_moe,W4A8_GEMM_equivalent,expert_id_unknown,4,,96,50331648,,,conditional_per_row_formula,fresh_required_F_and_expert_ids
target,39,routed_moe,W4A8_GEMM_equivalent,expert_id_unknown,5,,96,50331648,,,conditional_per_row_formula,fresh_required_F_and_expert_ids
target,40,routed_moe,W4A8_GEMM_equivalent,expert_id_unknown,0,,96,50331648,,,conditional_per_row_formula,fresh_required_F_and_expert_ids
target,40,routed_moe,W4A8_GEMM_equivalent,expert_id_unknown,1,,96,50331648,,,conditional_per_row_formula,fresh_required_F_and_expert_ids
target,40,routed_moe,W4A8_GEMM_equivalent,expert_id_unknown,2,,96,50331648,,,conditional_per_row_formula,fresh_required_F_and_expert_ids
target,40,routed_moe,W4A8_GEMM_equivalent,expert_id_unknown,3,,96,50331648,,,conditional_per_row_formula,fresh_required_F_and_expert_ids
target,40,routed_moe,W4A8_GEMM_equivalent,expert_id_unknown,4,,96,50331648,,,conditional_per_row_formula,fresh_required_F_and_expert_ids
target,40,routed_moe,W4A8_GEMM_equivalent,expert_id_unknown,5,,96,50331648,,,conditional_per_row_formula,fresh_required_F_and_expert_ids
target,41,routed_moe,W4A8_GEMM_equivalent,expert_id_unknown,0,,96,50331648,,,conditional_per_row_formula,fresh_required_F_and_expert_ids
target,41,routed_moe,W4A8_GEMM_equivalent,expert_id_unknown,1,,96,50331648,,,conditional_per_row_formula,fresh_required_F_and_expert_ids
target,41,routed_moe,W4A8_GEMM_equivalent,expert_id_unknown,2,,96,50331648,,,conditional_per_row_formula,fresh_required_F_and_expert_ids
target,41,routed_moe,W4A8_GEMM_equivalent,expert_id_unknown,3,,96,50331648,,,conditional_per_row_formula,fresh_required_F_and_expert_ids
target,41,routed_moe,W4A8_GEMM_equivalent,expert_id_unknown,4,,96,50331648,,,conditional_per_row_formula,fresh_required_F_and_expert_ids
target,41,routed_moe,W4A8_GEMM_equivalent,expert_id_unknown,5,,96,50331648,,,conditional_per_row_formula,fresh_required_F_and_expert_ids
target,42,routed_moe,W4A8_GEMM_equivalent,expert_id_unknown,0,,96,50331648,,,conditional_per_row_formula,fresh_required_F_and_expert_ids
target,42,routed_moe,W4A8_GEMM_equivalent,expert_id_unknown,1,,96,50331648,,,conditional_per_row_formula,fresh_required_F_and_expert_ids
target,42,routed_moe,W4A8_GEMM_equivalent,expert_id_unknown,2,,96,50331648,,,conditional_per_row_formula,fresh_required_F_and_expert_ids
target,42,routed_moe,W4A8_GEMM_equivalent,expert_id_unknown,3,,96,50331648,,,conditional_per_row_formula,fresh_required_F_and_expert_ids
target,42,routed_moe,W4A8_GEMM_equivalent,expert_id_unknown,4,,96,50331648,,,conditional_per_row_formula,fresh_required_F_and_expert_ids
target,42,routed_moe,W4A8_GEMM_equivalent,expert_id_unknown,5,,96,50331648,,,conditional_per_row_formula,fresh_required_F_and_expert_ids
target,all,compressor_256,nominal_current_96row_geometry,two_projection_weights,21,,96,,,,current_nominal_projection_ops_per_rank_cycle=8455716864,fresh_rows_and_nonprojection_arithmetic
target,all,compressor_512,nominal_current_96row_geometry,two_projection_weights,20,,96,,,,current_nominal_projection_ops_per_rank_cycle=16106127360,fresh_rows_and_nonprojection_arithmetic
target,all,compressor_1024,nominal_current_96row_geometry,two_projection_weights,21,,96,,,,current_nominal_projection_ops_per_rank_cycle=33822867456,fresh_rows_and_nonprojection_arithmetic
target,,shared_expert_and_other_dense,not_censused,,,,,,,,explicit_missing_row,complete_source_shape_and_fresh_rows
target,,attention_indexer_cache,not_censused,,,,,,,,explicit_missing_row,logical_arithmetic_and_KV_ranges
target,,metadata_and_communication,not_censused,,,,,,,,explicit_missing_row,necessary_payload_and_collective_cut
dspark,,full_proposer,not_censused,,,,,,,,explicit_missing_row,layer_shapes_and_semantic_required_evaluations
prefill,,cached_residual_and_seed,not_censused,,,,,,,,explicit_missing_row,actual_shape_sequence_and_required_work
serving,,Host_Runtime,not_censused,,,,,,,,explicit_missing_row,critical_path_and_fixed_W0_schedule
