rank,cohort,slot,cohort_cycles,current_physical_target_rows,active_target_rows_current_evaluation_class,parked_target_rows_current_physical,active_cycles,first_parked_cycle,parking_rewind,current_parked_cycles,active_sampled_tokens
0,5,0,318,2544,2184,360,273,273,-69,45,1033
0,5,1,318,2544,1536,1008,192,192,-66,126,1034
0,5,2,318,2544,2248,296,281,281,-65,37,1031
0,5,3,318,2544,2544,0,318,,,0,1027
0,5,4,318,2544,1696,848,212,212,-69,106,1036
0,5,5,318,2544,2136,408,267,267,-67,51,1035
0,5,6,318,2544,2112,432,264,264,-68,54,1031
0,5,7,318,2544,2176,368,272,272,-66,46,1034
0,5,8,318,2544,1424,1120,178,178,-65,140,1032
0,5,9,318,2544,2000,544,250,250,-68,68,1031
0,5,10,318,2544,2112,432,264,264,-64,54,1026
0,5,11,318,2544,2200,344,275,275,-65,43,1029
0,6,0,283,2264,1472,792,184,184,-70,99,1038
0,6,1,283,2264,2152,112,269,269,-65,14,1028
0,6,2,283,2264,2264,0,283,,,0,1031
0,6,3,283,2264,1560,704,195,195,-64,88,1032
0,6,4,283,2264,2040,224,255,255,-64,28,1031
0,6,5,283,2264,2192,72,274,274,-69,9,1030
0,6,6,283,2264,1424,840,178,178,-65,105,1033
0,6,7,283,2264,1984,280,248,248,-64,35,1027
0,6,8,283,2264,2144,120,268,268,-65,15,1029
0,6,9,283,2264,2248,16,281,281,-69,2,1036
0,6,10,283,2264,2168,96,271,271,-70,12,1031
0,6,11,283,2264,2176,88,272,272,-66,11,1028
0,7,0,299,2392,2128,264,266,266,-68,33,1036
0,7,1,299,2392,2096,296,262,262,-66,37,1028
0,7,2,299,2392,2368,24,296,296,-64,3,1026
0,7,3,299,2392,2224,168,278,278,-66,21,1029
0,7,4,299,2392,2184,208,273,273,-68,26,1030
0,7,5,299,2392,1976,416,247,247,-64,52,1026
0,7,6,299,2392,2112,280,264,264,-65,35,1029
0,7,7,299,2392,2056,336,257,257,-66,42,1028
0,7,8,299,2392,2304,88,288,288,-64,11,1026
0,7,9,299,2392,2056,336,257,257,-65,42,1026
0,7,10,299,2392,2392,0,299,,,0,1033
0,7,11,299,2392,2168,224,271,271,-64,28,1031
0,8,0,306,2448,2072,376,259,259,-68,47,1032
0,8,1,306,2448,2248,200,281,281,-66,25,1027
0,8,2,306,2448,2104,344,263,263,-69,43,1037
0,8,3,306,2448,2448,0,306,,,0,1027
0,8,4,306,2448,1840,608,230,230,-64,76,1032
0,8,5,306,2448,2128,320,266,266,-66,40,1027
0,8,6,306,2448,2240,208,280,280,-70,26,1036
0,8,7,306,2448,1992,456,249,249,-70,57,1037
0,8,8,306,2448,1576,872,197,197,-69,109,1037
0,8,9,306,2448,1328,1120,166,166,-69,140,1036
0,8,10,306,2448,2048,400,256,256,-69,50,1034
0,8,11,306,2448,2216,232,277,277,-66,29,1030
1,5,0,318,2544,2184,360,273,273,-69,45,1033
1,5,1,318,2544,1536,1008,192,192,-66,126,1034
1,5,2,318,2544,2248,296,281,281,-65,37,1031
1,5,3,318,2544,2544,0,318,,,0,1027
1,5,4,318,2544,1696,848,212,212,-69,106,1036
1,5,5,318,2544,2136,408,267,267,-67,51,1035
1,5,6,318,2544,2112,432,264,264,-68,54,1031
1,5,7,318,2544,2176,368,272,272,-66,46,1034
1,5,8,318,2544,1424,1120,178,178,-65,140,1032
1,5,9,318,2544,2000,544,250,250,-68,68,1031
1,5,10,318,2544,2112,432,264,264,-64,54,1026
1,5,11,318,2544,2200,344,275,275,-65,43,1029
1,6,0,283,2264,1472,792,184,184,-70,99,1038
1,6,1,283,2264,2152,112,269,269,-65,14,1028
1,6,2,283,2264,2264,0,283,,,0,1031
1,6,3,283,2264,1560,704,195,195,-64,88,1032
1,6,4,283,2264,2040,224,255,255,-64,28,1031
1,6,5,283,2264,2192,72,274,274,-69,9,1030
1,6,6,283,2264,1424,840,178,178,-65,105,1033
1,6,7,283,2264,1984,280,248,248,-64,35,1027
1,6,8,283,2264,2144,120,268,268,-65,15,1029
1,6,9,283,2264,2248,16,281,281,-69,2,1036
1,6,10,283,2264,2168,96,271,271,-70,12,1031
1,6,11,283,2264,2176,88,272,272,-66,11,1028
1,7,0,299,2392,2128,264,266,266,-68,33,1036
1,7,1,299,2392,2096,296,262,262,-66,37,1028
1,7,2,299,2392,2368,24,296,296,-64,3,1026
1,7,3,299,2392,2224,168,278,278,-66,21,1029
1,7,4,299,2392,2184,208,273,273,-68,26,1030
1,7,5,299,2392,1976,416,247,247,-64,52,1026
1,7,6,299,2392,2112,280,264,264,-65,35,1029
1,7,7,299,2392,2056,336,257,257,-66,42,1028
1,7,8,299,2392,2304,88,288,288,-64,11,1026
1,7,9,299,2392,2056,336,257,257,-65,42,1026
1,7,10,299,2392,2392,0,299,,,0,1033
1,7,11,299,2392,2168,224,271,271,-64,28,1031
1,8,0,306,2448,2072,376,259,259,-68,47,1032
1,8,1,306,2448,2248,200,281,281,-66,25,1027
1,8,2,306,2448,2104,344,263,263,-69,43,1037
1,8,3,306,2448,2448,0,306,,,0,1027
1,8,4,306,2448,1840,608,230,230,-64,76,1032
1,8,5,306,2448,2128,320,266,266,-66,40,1027
1,8,6,306,2448,2240,208,280,280,-70,26,1036
1,8,7,306,2448,1992,456,249,249,-70,57,1037
1,8,8,306,2448,1576,872,197,197,-69,109,1037
1,8,9,306,2448,1328,1120,166,166,-69,140,1036
1,8,10,306,2448,2048,400,256,256,-69,50,1034
1,8,11,306,2448,2216,232,277,277,-66,29,1030
2,5,0,318,2544,2184,360,273,273,-69,45,1033
2,5,1,318,2544,1536,1008,192,192,-66,126,1034
2,5,2,318,2544,2248,296,281,281,-65,37,1031
2,5,3,318,2544,2544,0,318,,,0,1027
2,5,4,318,2544,1696,848,212,212,-69,106,1036
2,5,5,318,2544,2136,408,267,267,-67,51,1035
2,5,6,318,2544,2112,432,264,264,-68,54,1031
2,5,7,318,2544,2176,368,272,272,-66,46,1034
2,5,8,318,2544,1424,1120,178,178,-65,140,1032
2,5,9,318,2544,2000,544,250,250,-68,68,1031
2,5,10,318,2544,2112,432,264,264,-64,54,1026
2,5,11,318,2544,2200,344,275,275,-65,43,1029
2,6,0,283,2264,1472,792,184,184,-70,99,1038
2,6,1,283,2264,2152,112,269,269,-65,14,1028
2,6,2,283,2264,2264,0,283,,,0,1031
2,6,3,283,2264,1560,704,195,195,-64,88,1032
2,6,4,283,2264,2040,224,255,255,-64,28,1031
2,6,5,283,2264,2192,72,274,274,-69,9,1030
2,6,6,283,2264,1424,840,178,178,-65,105,1033
2,6,7,283,2264,1984,280,248,248,-64,35,1027
2,6,8,283,2264,2144,120,268,268,-65,15,1029
2,6,9,283,2264,2248,16,281,281,-69,2,1036
2,6,10,283,2264,2168,96,271,271,-70,12,1031
2,6,11,283,2264,2176,88,272,272,-66,11,1028
2,7,0,299,2392,2128,264,266,266,-68,33,1036
2,7,1,299,2392,2096,296,262,262,-66,37,1028
2,7,2,299,2392,2368,24,296,296,-64,3,1026
2,7,3,299,2392,2224,168,278,278,-66,21,1029
2,7,4,299,2392,2184,208,273,273,-68,26,1030
2,7,5,299,2392,1976,416,247,247,-64,52,1026
2,7,6,299,2392,2112,280,264,264,-65,35,1029
2,7,7,299,2392,2056,336,257,257,-66,42,1028
2,7,8,299,2392,2304,88,288,288,-64,11,1026
2,7,9,299,2392,2056,336,257,257,-65,42,1026
2,7,10,299,2392,2392,0,299,,,0,1033
2,7,11,299,2392,2168,224,271,271,-64,28,1031
2,8,0,306,2448,2072,376,259,259,-68,47,1032
2,8,1,306,2448,2248,200,281,281,-66,25,1027
2,8,2,306,2448,2104,344,263,263,-69,43,1037
2,8,3,306,2448,2448,0,306,,,0,1027
2,8,4,306,2448,1840,608,230,230,-64,76,1032
2,8,5,306,2448,2128,320,266,266,-66,40,1027
2,8,6,306,2448,2240,208,280,280,-70,26,1036
2,8,7,306,2448,1992,456,249,249,-70,57,1037
2,8,8,306,2448,1576,872,197,197,-69,109,1037
2,8,9,306,2448,1328,1120,166,166,-69,140,1036
2,8,10,306,2448,2048,400,256,256,-69,50,1034
2,8,11,306,2448,2216,232,277,277,-66,29,1030
3,5,0,318,2544,2184,360,273,273,-69,45,1033
3,5,1,318,2544,1536,1008,192,192,-66,126,1034
3,5,2,318,2544,2248,296,281,281,-65,37,1031
3,5,3,318,2544,2544,0,318,,,0,1027
3,5,4,318,2544,1696,848,212,212,-69,106,1036
3,5,5,318,2544,2136,408,267,267,-67,51,1035
3,5,6,318,2544,2112,432,264,264,-68,54,1031
3,5,7,318,2544,2176,368,272,272,-66,46,1034
3,5,8,318,2544,1424,1120,178,178,-65,140,1032
3,5,9,318,2544,2000,544,250,250,-68,68,1031
3,5,10,318,2544,2112,432,264,264,-64,54,1026
3,5,11,318,2544,2200,344,275,275,-65,43,1029
3,6,0,283,2264,1472,792,184,184,-70,99,1038
3,6,1,283,2264,2152,112,269,269,-65,14,1028
3,6,2,283,2264,2264,0,283,,,0,1031
3,6,3,283,2264,1560,704,195,195,-64,88,1032
3,6,4,283,2264,2040,224,255,255,-64,28,1031
3,6,5,283,2264,2192,72,274,274,-69,9,1030
3,6,6,283,2264,1424,840,178,178,-65,105,1033
3,6,7,283,2264,1984,280,248,248,-64,35,1027
3,6,8,283,2264,2144,120,268,268,-65,15,1029
3,6,9,283,2264,2248,16,281,281,-69,2,1036
3,6,10,283,2264,2168,96,271,271,-70,12,1031
3,6,11,283,2264,2176,88,272,272,-66,11,1028
3,7,0,299,2392,2128,264,266,266,-68,33,1036
3,7,1,299,2392,2096,296,262,262,-66,37,1028
3,7,2,299,2392,2368,24,296,296,-64,3,1026
3,7,3,299,2392,2224,168,278,278,-66,21,1029
3,7,4,299,2392,2184,208,273,273,-68,26,1030
3,7,5,299,2392,1976,416,247,247,-64,52,1026
3,7,6,299,2392,2112,280,264,264,-65,35,1029
3,7,7,299,2392,2056,336,257,257,-66,42,1028
3,7,8,299,2392,2304,88,288,288,-64,11,1026
3,7,9,299,2392,2056,336,257,257,-65,42,1026
3,7,10,299,2392,2392,0,299,,,0,1033
3,7,11,299,2392,2168,224,271,271,-64,28,1031
3,8,0,306,2448,2072,376,259,259,-68,47,1032
3,8,1,306,2448,2248,200,281,281,-66,25,1027
3,8,2,306,2448,2104,344,263,263,-69,43,1037
3,8,3,306,2448,2448,0,306,,,0,1027
3,8,4,306,2448,1840,608,230,230,-64,76,1032
3,8,5,306,2448,2128,320,266,266,-66,40,1027
3,8,6,306,2448,2240,208,280,280,-70,26,1036
3,8,7,306,2448,1992,456,249,249,-70,57,1037
3,8,8,306,2448,1576,872,197,197,-69,109,1037
3,8,9,306,2448,1328,1120,166,166,-69,140,1036
3,8,10,306,2448,2048,400,256,256,-69,50,1034
3,8,11,306,2448,2216,232,277,277,-66,29,1030
4,5,0,318,2544,2184,360,273,273,-69,45,1033
4,5,1,318,2544,1536,1008,192,192,-66,126,1034
4,5,2,318,2544,2248,296,281,281,-65,37,1031
4,5,3,318,2544,2544,0,318,,,0,1027
4,5,4,318,2544,1696,848,212,212,-69,106,1036
4,5,5,318,2544,2136,408,267,267,-67,51,1035
4,5,6,318,2544,2112,432,264,264,-68,54,1031
4,5,7,318,2544,2176,368,272,272,-66,46,1034
4,5,8,318,2544,1424,1120,178,178,-65,140,1032
4,5,9,318,2544,2000,544,250,250,-68,68,1031
4,5,10,318,2544,2112,432,264,264,-64,54,1026
4,5,11,318,2544,2200,344,275,275,-65,43,1029
4,6,0,283,2264,1472,792,184,184,-70,99,1038
4,6,1,283,2264,2152,112,269,269,-65,14,1028
4,6,2,283,2264,2264,0,283,,,0,1031
4,6,3,283,2264,1560,704,195,195,-64,88,1032
4,6,4,283,2264,2040,224,255,255,-64,28,1031
4,6,5,283,2264,2192,72,274,274,-69,9,1030
4,6,6,283,2264,1424,840,178,178,-65,105,1033
4,6,7,283,2264,1984,280,248,248,-64,35,1027
4,6,8,283,2264,2144,120,268,268,-65,15,1029
4,6,9,283,2264,2248,16,281,281,-69,2,1036
4,6,10,283,2264,2168,96,271,271,-70,12,1031
4,6,11,283,2264,2176,88,272,272,-66,11,1028
4,7,0,299,2392,2128,264,266,266,-68,33,1036
4,7,1,299,2392,2096,296,262,262,-66,37,1028
4,7,2,299,2392,2368,24,296,296,-64,3,1026
4,7,3,299,2392,2224,168,278,278,-66,21,1029
4,7,4,299,2392,2184,208,273,273,-68,26,1030
4,7,5,299,2392,1976,416,247,247,-64,52,1026
4,7,6,299,2392,2112,280,264,264,-65,35,1029
4,7,7,299,2392,2056,336,257,257,-66,42,1028
4,7,8,299,2392,2304,88,288,288,-64,11,1026
4,7,9,299,2392,2056,336,257,257,-65,42,1026
4,7,10,299,2392,2392,0,299,,,0,1033
4,7,11,299,2392,2168,224,271,271,-64,28,1031
4,8,0,306,2448,2072,376,259,259,-68,47,1032
4,8,1,306,2448,2248,200,281,281,-66,25,1027
4,8,2,306,2448,2104,344,263,263,-69,43,1037
4,8,3,306,2448,2448,0,306,,,0,1027
4,8,4,306,2448,1840,608,230,230,-64,76,1032
4,8,5,306,2448,2128,320,266,266,-66,40,1027
4,8,6,306,2448,2240,208,280,280,-70,26,1036
4,8,7,306,2448,1992,456,249,249,-70,57,1037
4,8,8,306,2448,1576,872,197,197,-69,109,1037
4,8,9,306,2448,1328,1120,166,166,-69,140,1036
4,8,10,306,2448,2048,400,256,256,-69,50,1034
4,8,11,306,2448,2216,232,277,277,-66,29,1030
5,5,0,318,2544,2184,360,273,273,-69,45,1033
5,5,1,318,2544,1536,1008,192,192,-66,126,1034
5,5,2,318,2544,2248,296,281,281,-65,37,1031
5,5,3,318,2544,2544,0,318,,,0,1027
5,5,4,318,2544,1696,848,212,212,-69,106,1036
5,5,5,318,2544,2136,408,267,267,-67,51,1035
5,5,6,318,2544,2112,432,264,264,-68,54,1031
5,5,7,318,2544,2176,368,272,272,-66,46,1034
5,5,8,318,2544,1424,1120,178,178,-65,140,1032
5,5,9,318,2544,2000,544,250,250,-68,68,1031
5,5,10,318,2544,2112,432,264,264,-64,54,1026
5,5,11,318,2544,2200,344,275,275,-65,43,1029
5,6,0,283,2264,1472,792,184,184,-70,99,1038
5,6,1,283,2264,2152,112,269,269,-65,14,1028
5,6,2,283,2264,2264,0,283,,,0,1031
5,6,3,283,2264,1560,704,195,195,-64,88,1032
5,6,4,283,2264,2040,224,255,255,-64,28,1031
5,6,5,283,2264,2192,72,274,274,-69,9,1030
5,6,6,283,2264,1424,840,178,178,-65,105,1033
5,6,7,283,2264,1984,280,248,248,-64,35,1027
5,6,8,283,2264,2144,120,268,268,-65,15,1029
5,6,9,283,2264,2248,16,281,281,-69,2,1036
5,6,10,283,2264,2168,96,271,271,-70,12,1031
5,6,11,283,2264,2176,88,272,272,-66,11,1028
5,7,0,299,2392,2128,264,266,266,-68,33,1036
5,7,1,299,2392,2096,296,262,262,-66,37,1028
5,7,2,299,2392,2368,24,296,296,-64,3,1026
5,7,3,299,2392,2224,168,278,278,-66,21,1029
5,7,4,299,2392,2184,208,273,273,-68,26,1030
5,7,5,299,2392,1976,416,247,247,-64,52,1026
5,7,6,299,2392,2112,280,264,264,-65,35,1029
5,7,7,299,2392,2056,336,257,257,-66,42,1028
5,7,8,299,2392,2304,88,288,288,-64,11,1026
5,7,9,299,2392,2056,336,257,257,-65,42,1026
5,7,10,299,2392,2392,0,299,,,0,1033
5,7,11,299,2392,2168,224,271,271,-64,28,1031
5,8,0,306,2448,2072,376,259,259,-68,47,1032
5,8,1,306,2448,2248,200,281,281,-66,25,1027
5,8,2,306,2448,2104,344,263,263,-69,43,1037
5,8,3,306,2448,2448,0,306,,,0,1027
5,8,4,306,2448,1840,608,230,230,-64,76,1032
5,8,5,306,2448,2128,320,266,266,-66,40,1027
5,8,6,306,2448,2240,208,280,280,-70,26,1036
5,8,7,306,2448,1992,456,249,249,-70,57,1037
5,8,8,306,2448,1576,872,197,197,-69,109,1037
5,8,9,306,2448,1328,1120,166,166,-69,140,1036
5,8,10,306,2448,2048,400,256,256,-69,50,1034
5,8,11,306,2448,2216,232,277,277,-66,29,1030
6,5,0,318,2544,2184,360,273,273,-69,45,1033
6,5,1,318,2544,1536,1008,192,192,-66,126,1034
6,5,2,318,2544,2248,296,281,281,-65,37,1031
6,5,3,318,2544,2544,0,318,,,0,1027
6,5,4,318,2544,1696,848,212,212,-69,106,1036
6,5,5,318,2544,2136,408,267,267,-67,51,1035
6,5,6,318,2544,2112,432,264,264,-68,54,1031
6,5,7,318,2544,2176,368,272,272,-66,46,1034
6,5,8,318,2544,1424,1120,178,178,-65,140,1032
6,5,9,318,2544,2000,544,250,250,-68,68,1031
6,5,10,318,2544,2112,432,264,264,-64,54,1026
6,5,11,318,2544,2200,344,275,275,-65,43,1029
6,6,0,283,2264,1472,792,184,184,-70,99,1038
6,6,1,283,2264,2152,112,269,269,-65,14,1028
6,6,2,283,2264,2264,0,283,,,0,1031
6,6,3,283,2264,1560,704,195,195,-64,88,1032
6,6,4,283,2264,2040,224,255,255,-64,28,1031
6,6,5,283,2264,2192,72,274,274,-69,9,1030
6,6,6,283,2264,1424,840,178,178,-65,105,1033
6,6,7,283,2264,1984,280,248,248,-64,35,1027
6,6,8,283,2264,2144,120,268,268,-65,15,1029
6,6,9,283,2264,2248,16,281,281,-69,2,1036
6,6,10,283,2264,2168,96,271,271,-70,12,1031
6,6,11,283,2264,2176,88,272,272,-66,11,1028
6,7,0,299,2392,2128,264,266,266,-68,33,1036
6,7,1,299,2392,2096,296,262,262,-66,37,1028
6,7,2,299,2392,2368,24,296,296,-64,3,1026
6,7,3,299,2392,2224,168,278,278,-66,21,1029
6,7,4,299,2392,2184,208,273,273,-68,26,1030
6,7,5,299,2392,1976,416,247,247,-64,52,1026
6,7,6,299,2392,2112,280,264,264,-65,35,1029
6,7,7,299,2392,2056,336,257,257,-66,42,1028
6,7,8,299,2392,2304,88,288,288,-64,11,1026
6,7,9,299,2392,2056,336,257,257,-65,42,1026
6,7,10,299,2392,2392,0,299,,,0,1033
6,7,11,299,2392,2168,224,271,271,-64,28,1031
6,8,0,306,2448,2072,376,259,259,-68,47,1032
6,8,1,306,2448,2248,200,281,281,-66,25,1027
6,8,2,306,2448,2104,344,263,263,-69,43,1037
6,8,3,306,2448,2448,0,306,,,0,1027
6,8,4,306,2448,1840,608,230,230,-64,76,1032
6,8,5,306,2448,2128,320,266,266,-66,40,1027
6,8,6,306,2448,2240,208,280,280,-70,26,1036
6,8,7,306,2448,1992,456,249,249,-70,57,1037
6,8,8,306,2448,1576,872,197,197,-69,109,1037
6,8,9,306,2448,1328,1120,166,166,-69,140,1036
6,8,10,306,2448,2048,400,256,256,-69,50,1034
6,8,11,306,2448,2216,232,277,277,-66,29,1030
7,5,0,318,2544,2184,360,273,273,-69,45,1033
7,5,1,318,2544,1536,1008,192,192,-66,126,1034
7,5,2,318,2544,2248,296,281,281,-65,37,1031
7,5,3,318,2544,2544,0,318,,,0,1027
7,5,4,318,2544,1696,848,212,212,-69,106,1036
7,5,5,318,2544,2136,408,267,267,-67,51,1035
7,5,6,318,2544,2112,432,264,264,-68,54,1031
7,5,7,318,2544,2176,368,272,272,-66,46,1034
7,5,8,318,2544,1424,1120,178,178,-65,140,1032
7,5,9,318,2544,2000,544,250,250,-68,68,1031
7,5,10,318,2544,2112,432,264,264,-64,54,1026
7,5,11,318,2544,2200,344,275,275,-65,43,1029
7,6,0,283,2264,1472,792,184,184,-70,99,1038
7,6,1,283,2264,2152,112,269,269,-65,14,1028
7,6,2,283,2264,2264,0,283,,,0,1031
7,6,3,283,2264,1560,704,195,195,-64,88,1032
7,6,4,283,2264,2040,224,255,255,-64,28,1031
7,6,5,283,2264,2192,72,274,274,-69,9,1030
7,6,6,283,2264,1424,840,178,178,-65,105,1033
7,6,7,283,2264,1984,280,248,248,-64,35,1027
7,6,8,283,2264,2144,120,268,268,-65,15,1029
7,6,9,283,2264,2248,16,281,281,-69,2,1036
7,6,10,283,2264,2168,96,271,271,-70,12,1031
7,6,11,283,2264,2176,88,272,272,-66,11,1028
7,7,0,299,2392,2128,264,266,266,-68,33,1036
7,7,1,299,2392,2096,296,262,262,-66,37,1028
7,7,2,299,2392,2368,24,296,296,-64,3,1026
7,7,3,299,2392,2224,168,278,278,-66,21,1029
7,7,4,299,2392,2184,208,273,273,-68,26,1030
7,7,5,299,2392,1976,416,247,247,-64,52,1026
7,7,6,299,2392,2112,280,264,264,-65,35,1029
7,7,7,299,2392,2056,336,257,257,-66,42,1028
7,7,8,299,2392,2304,88,288,288,-64,11,1026
7,7,9,299,2392,2056,336,257,257,-65,42,1026
7,7,10,299,2392,2392,0,299,,,0,1033
7,7,11,299,2392,2168,224,271,271,-64,28,1031
7,8,0,306,2448,2072,376,259,259,-68,47,1032
7,8,1,306,2448,2248,200,281,281,-66,25,1027
7,8,2,306,2448,2104,344,263,263,-69,43,1037
7,8,3,306,2448,2448,0,306,,,0,1027
7,8,4,306,2448,1840,608,230,230,-64,76,1032
7,8,5,306,2448,2128,320,266,266,-66,40,1027
7,8,6,306,2448,2240,208,280,280,-70,26,1036
7,8,7,306,2448,1992,456,249,249,-70,57,1037
7,8,8,306,2448,1576,872,197,197,-69,109,1037
7,8,9,306,2448,1328,1120,166,166,-69,140,1036
7,8,10,306,2448,2048,400,256,256,-69,50,1034
7,8,11,306,2448,2216,232,277,277,-66,29,1030
