Device_id,kernel_name,kernel_type,stream_id,task_id,task_time(us),task_start(us),task_stop(us)
4,N/A,NOTIFY_WAIT,47,36,1477.349,1790467859011436.719	,1790467859012914.068	
4,GroupedMatmul_a0be48d01b162435398ed52e1b6182d4_69325233410,MIX_AIC,13,6,93.822,1790467859011984.930	,1790467859012078.752	
4,GroupedMatmul_a0be48d01b162435398ed52e1b6182d4_69325233410,MIX_AIC,13,7,82.061,1790467859012081.592	,1790467859012163.653	
4,GroupedMatmul_a0be48d01b162435398ed52e1b6182d4_69325233410,MIX_AIC,13,8,92.702,1790467859012166.633	,1790467859012259.335	
4,GroupedMatmul_a0be48d01b162435398ed52e1b6182d4_69325233410,MIX_AIC,13,9,90.522,1790467859012262.035	,1790467859012352.557	
4,GroupedMatmul_a0be48d01b162435398ed52e1b6182d4_69325233410,MIX_AIC,13,10,91.661,1790467859012355.677	,1790467859012447.339	
4,GroupedMatmul_a0be48d01b162435398ed52e1b6182d4_69325233410,MIX_AIC,13,11,88.722,1790467859012450.499	,1790467859012539.221	
4,GroupedMatmul_a0be48d01b162435398ed52e1b6182d4_69325233410,MIX_AIC,13,12,92.422,1790467859012542.341	,1790467859012634.763	
4,GroupedMatmul_a0be48d01b162435398ed52e1b6182d4_69325233410,MIX_AIC,13,13,91.062,1790467859012637.783	,1790467859012728.845	
4,GroupedMatmul_a0be48d01b162435398ed52e1b6182d4_69325233410,MIX_AIC,13,14,91.721,1790467859012731.965	,1790467859012823.686	
4,GroupedMatmul_a0be48d01b162435398ed52e1b6182d4_69325233410,MIX_AIC,13,15,85.681,1790467859012826.787	,1790467859012912.468	
4,N/A,NOTIFY_RECORD,13,16,0.020,1790467859012913.588	,1790467859012913.608	
4,N/A,MODEL_EXECUTE,47,37,3.020,1790467859012914.148	,1790467859012917.168	
4,GroupedMatmul_a0be48d01b162435398ed52e1b6182d4_69325233410,MIX_AIC,13,0,94.982,1790467859012918.508	,1790467859013013.490	
4,N/A,NOTIFY_WAIT,47,38,1487.749,1790467859012929.989	,1790467859014417.738	
4,GroupedMatmul_a0be48d01b162435398ed52e1b6182d4_69325233410,MIX_AIC,13,1,87.762,1790467859013016.410	,1790467859013104.172	
4,GroupedMatmul_a0be48d01b162435398ed52e1b6182d4_69325233410,MIX_AIC,13,2,93.221,1790467859013106.932	,1790467859013200.154	
4,GroupedMatmul_a0be48d01b162435398ed52e1b6182d4_69325233410,MIX_AIC,13,3,89.661,1790467859013202.974	,1790467859013292.636	
4,GroupedMatmul_a0be48d01b162435398ed52e1b6182d4_69325233410,MIX_AIC,13,4,90.542,1790467859013295.356	,1790467859013385.898	
4,GroupedMatmul_a0be48d01b162435398ed52e1b6182d4_69325233410,MIX_AIC,13,5,91.262,1790467859013388.558	,1790467859013479.820	
4,GroupedMatmul_a0be48d01b162435398ed52e1b6182d4_69325233410,MIX_AIC,13,6,92.061,1790467859013482.480	,1790467859013574.541	
4,GroupedMatmul_a0be48d01b162435398ed52e1b6182d4_69325233410,MIX_AIC,13,7,85.721,1790467859013577.342	,1790467859013663.063	
4,GroupedMatmul_a0be48d01b162435398ed52e1b6182d4_69325233410,MIX_AIC,13,8,88.402,1790467859013666.063	,1790467859013754.465	
4,GroupedMatmul_a0be48d01b162435398ed52e1b6182d4_69325233410,MIX_AIC,13,9,91.621,1790467859013757.245	,1790467859013848.867	
4,GroupedMatmul_a0be48d01b162435398ed52e1b6182d4_69325233410,MIX_AIC,13,10,93.822,1790467859013851.627	,1790467859013945.449	
4,GroupedMatmul_a0be48d01b162435398ed52e1b6182d4_69325233410,MIX_AIC,13,11,92.282,1790467859013948.109	,1790467859014040.391	
4,GroupedMatmul_a0be48d01b162435398ed52e1b6182d4_69325233410,MIX_AIC,13,12,91.122,1790467859014043.511	,1790467859014134.633	
4,GroupedMatmul_a0be48d01b162435398ed52e1b6182d4_69325233410,MIX_AIC,13,13,91.362,1790467859014137.713	,1790467859014229.075	
4,GroupedMatmul_a0be48d01b162435398ed52e1b6182d4_69325233410,MIX_AIC,13,14,93.181,1790467859014231.915	,1790467859014325.096	
4,GroupedMatmul_a0be48d01b162435398ed52e1b6182d4_69325233410,MIX_AIC,13,15,88.601,1790467859014328.017	,1790467859014416.618	
4,N/A,NOTIFY_RECORD,13,16,0.020,1790467859014417.278	,1790467859014417.298	
4,N/A,MODEL_EXECUTE,47,39,2.940,1790467859014417.838	,1790467859014420.778	
4,GroupedMatmul_a0be48d01b162435398ed52e1b6182d4_69325233410,MIX_AIC,13,0,95.682,1790467859014421.598	,1790467859014517.280	
4,N/A,NOTIFY_WAIT,47,40,1475.129,1790467859014438.179	,1790467859015913.308	
4,GroupedMatmul_a0be48d01b162435398ed52e1b6182d4_69325233410,MIX_AIC,13,1,86.442,1790467859014520.040	,1790467859014606.482	
4,GroupedMatmul_a0be48d01b162435398ed52e1b6182d4_69325233410,MIX_AIC,13,2,92.501,1790467859014609.382	,1790467859014701.884	
4,GroupedMatmul_a0be48d01b162435398ed52e1b6182d4_69325233410,MIX_AIC,13,3,88.781,1790467859014704.764	,1790467859014793.546	
4,GroupedMatmul_a0be48d01b162435398ed52e1b6182d4_69325233410,MIX_AIC,13,4,91.082,1790467859014796.546	,1790467859014887.628	
4,GroupedMatmul_a0be48d01b162435398ed52e1b6182d4_69325233410,MIX_AIC,13,5,90.082,1790467859014890.768	,1790467859014980.850	
4,GroupedMatmul_a0be48d01b162435398ed52e1b6182d4_69325233410,MIX_AIC,13,6,93.621,1790467859014983.690	,1790467859015077.311	
4,GroupedMatmul_a0be48d01b162435398ed52e1b6182d4_69325233410,MIX_AIC,13,7,83.121,1790467859015080.332	,1790467859015163.453	
4,GroupedMatmul_a0be48d01b162435398ed52e1b6182d4_69325233410,MIX_AIC,13,8,90.922,1790467859015166.573	,1790467859015257.495	
4,GroupedMatmul_a0be48d01b162435398ed52e1b6182d4_69325233410,MIX_AIC,13,9,89.261,1790467859015260.155	,1790467859015349.417	
4,GroupedMatmul_a0be48d01b162435398ed52e1b6182d4_69325233410,MIX_AIC,13,10,90.222,1790467859015352.557	,1790467859015442.779	
4,GroupedMatmul_a0be48d01b162435398ed52e1b6182d4_69325233410,MIX_AIC,13,11,91.422,1790467859015445.539	,1790467859015536.961	
4,GroupedMatmul_a0be48d01b162435398ed52e1b6182d4_69325233410,MIX_AIC,13,12,91.102,1790467859015539.761	,1790467859015630.863	
4,GroupedMatmul_a0be48d01b162435398ed52e1b6182d4_69325233410,MIX_AIC,13,13,89.901,1790467859015633.943	,1790467859015723.844	
4,GroupedMatmul_a0be48d01b162435398ed52e1b6182d4_69325233410,MIX_AIC,13,14,95.482,1790467859015726.984	,1790467859015822.466	
4,GroupedMatmul_a0be48d01b162435398ed52e1b6182d4_69325233410,MIX_AIC,13,15,86.162,1790467859015825.466	,1790467859015911.628	
4,N/A,NOTIFY_RECORD,13,16,0.020,1790467859015912.828	,1790467859015912.848	
4,N/A,PROFILING_DISABLE,48,6,0.000,1790467859022008.850	,1790467859022008.850	
