3615109795055420,3615109810467333,3615109810966953,3615109830868090,3615109831091460,3615109831226250,3615109876360549,1,7,7,1,0
3615109987874734,3615109997399252,3615109997801652,3615110004218618,3615110004356938,3615110004460238,3615110037383786,1,7,7,0,0
3615110058965494,3615110060600655,3615110060973946,3615110067133151,3615110067260901,3615110067361221,3615110098727878,1,7,7,0,0
3615110119525686,3615110121154787,3615110121521667,3615110127690312,3615110127823233,3615110127927213,3615110159205809,1,7,7,0,0
3615110556459067,3615110558752139,3615110559131099,3615110565643055,3615110565775975,3615110565877635,3615110597776172,1,7,7,1,0
3615110618967190,3615110620623601,3615110620986412,3615110627238187,3615110627370507,3615110627472917,3615110658854214,1,7,7,0,0
3615110679786822,3615110681443233,3615110681800384,3615110688070739,3615110688208479,3615110688309029,3615110719737916,1,7,7,0,0
3615110740579864,3615110742201195,3615110742560886,3615110748773071,3615110748902891,3615110749004611,3615110780385708,1,7,7,0,0
3615110801012206,3615110802617887,3615110803018357,3615110809179653,3615110809310283,3615110809413123,3615110840601539,1,7,7,0,0
3615110861183457,3615110862787798,3615110863150349,3615110869326854,3615110869457214,3615110869559664,3615110900835241,1,7,7,0,0
3615110921257738,3615110922866780,3615110923228120,3615110929440125,3615110929569516,3615110929672586,3615110961087093,1,7,7,0,0
3615110981892860,3615110983536892,3615110983915892,3615110990090037,3615110990219667,3615110990319238,3615111021600834,1,7,7,0,0
3615111043561683,3615111045163314,3615111045525965,3615111051672720,3615111051804880,3615111051903950,3615111083076407,1,7,7,0,0
3615111469700488,3615111476498073,3615111476894654,3615111483525989,3615111483656560,3615111483758750,3615111516633058,1,7,7,1,0
3615111539904918,3615111541976089,3615111542411400,3615111549784886,3615111549915136,3615111550021676,3615111581354463,1,7,7,0,0
3615111602005611,3615111603619302,3615111603986253,3615111610190358,3615111610320588,3615111610420998,3615111641496655,1,7,7,0,0
3615111662293772,3615111663937474,3615111664345084,3615111670424199,3615111670554439,3615111670655240,3615111702029427,1,7,7,0,0
3615111722824974,3615111724448736,3615111724812936,3615111730958321,3615111731089352,3615111731190782,3615111762475899,1,7,7,0,0
3615111783123246,3615111784766678,3615111785123078,3615111791291293,3615111791420384,3615111791522444,3615111822779061,1,7,7,0,0
3615113011299756,3615113013698078,3615113014084128,3615113020437924,3615113020562894,3615113020660424,3615113051992661,1,7,7,1,0
3615113421209581,3615113422879072,3615113423255663,3615113429561778,3615113429684658,3615113429784658,3615113459981644,1,7,7,1,0
3615113836142651,3615113837919113,3615113838297653,3615113844746539,3615113844876259,3615113844976909,3615113873931094,1,7,7,1,0
3615114245297298,3615114246953419,3615114247293980,3615114253152685,3615114253267785,3615114253350195,3615114283755951,1,7,7,1,0
3615114665845384,3615114675907653,3615114676338814,3615114690003456,3615114690195536,3615114690311576,3615114735539676,2,14,14,1,0
3615115506920142,3615115516456571,3615115516864031,3615115525501129,3615115525636909,3615115525739239,3615115561614410,2,14,14,1,0
3615116012590248,3615116014493569,3615116014951630,3615116026961860,3615116027166070,3615116027286401,3615116066577265,4,28,28,1,0
3615116493388682,3615116495309054,3615116495782784,3615116507846475,3615116508061965,3615116508207775,3615116551214493,6,42,42,1,0
3615116970893655,3615116972838447,3615116973328277,3615116980477144,3615116980680704,3615116980818844,3615117019155708,8,56,56,1,0
3615117445555256,3615117447535918,3615117448041419,3615117460892920,3615117461098700,3615117461230200,3615117501720116,10,70,70,1,0
3615117916680326,3615117918573498,3615117919073548,3615117927024585,3615117927227776,3615117927359116,3615117964172029,12,84,84,1,0
3615118395103664,3615118401706949,3615118402106050,3615118412954749,3615118413064840,3615118413181310,3615118446389889,12,84,84,1,0
3615118534024728,3615118535724799,3615118536130230,3615118542836865,3615118542932486,3615118543043006,3615118580543789,12,84,84,0,0
3615118603649400,3615118605312711,3615118605679902,3615118611972607,3615118612077757,3615118612184007,3615118643100715,12,84,84,0,0
3615118672251671,3615118674004073,3615118674359773,3615118680562579,3615118680659599,3615118680765629,3615118711492856,12,84,84,0,0
3615118733115406,3615118734671047,3615118735029618,3615118741148403,3615118741239673,3615118741343303,3615118772071301,12,84,84,0,0
3615118798199954,3615118799745916,3615118800115126,3615118806200322,3615118806293812,3615118806396882,3615118836993799,12,84,84,0,0
3615118859346009,3615118861017601,3615118861409051,3615118867656427,3615118867752497,3615118867859047,3615118898533044,12,84,84,0,0
3615118922665506,3615118924212388,3615118924567678,3615118930676353,3615118930772983,3615118930877344,3615118961542531,12,84,84,0,0
3615118984385222,3615118986116783,3615118986463834,3615118992549139,3615118992641829,3615118992746499,3615119023356277,12,84,84,0,0
3615119048611599,3615119050185291,3615119050544341,3615119056714907,3615119056807797,3615119056913317,3615119087582774,12,84,84,0,0
3615119111262406,3615119112819357,3615119113169177,3615119119213743,3615119119306483,3615119119412713,3615119150506091,12,84,84,0,0
3615119173526522,3615119175474613,3615119175930444,3615119182679350,3615119182792950,3615119182913120,3615119215819770,12,84,84,0,0
3615119237795119,3615119239356361,3615119239728241,3615119245884557,3615119245979367,3615119246084617,3615119276798014,12,84,84,0,0
3615119299695395,3615119301253536,3615119301612357,3615119307719122,3615119307812222,3615119307917972,3615119338472560,12,84,84,0,0
3615119362832812,3615119364772743,3615119365132424,3615119371250589,3615119371342609,3615119371446189,3615119401957807,12,84,84,0,0
3615119423396796,3615119424946488,3615119425303538,3615119431416193,3615119431510303,3615119431616814,3615119462065831,12,84,84,0,0
3615119489745916,3615119491372457,3615119491735958,3615119497979043,3615119498072843,3615119498176173,3615119528986781,12,84,84,0,0
3615119550261040,3615119551797382,3615119552181192,3615119558181157,3615119558258477,3615119558350327,3615119588990365,12,84,84,0,0
3615119614873928,3615119616478940,3615119616832140,3615119622910325,3615119623002316,3615119623107276,3615119653875553,12,84,84,0,0
3615119683090320,3615119684775541,3615119685140101,3615119691263927,3615119691358457,3615119691464137,3615119722196815,12,84,84,0,0
3615119747214978,3615119749049489,3615119749405680,3615119755441585,3615119755534855,3615119755638165,3615119786215733,12,84,84,0,0
3615119812069406,3615119813861658,3615119814293678,3615119820403434,3615119820496864,3615119820602234,3615119851153962,12,84,84,0,0
3615119877898356,3615119879455217,3615119879815587,3615119885971553,3615119886061563,3615119886165353,3615119916841491,12,84,84,0,0
3615119941153403,3615119942682364,3615119943037785,3615119949181490,3615119949272550,3615119949377300,3615119980014748,12,84,84,0,0
3615120006058562,3615120007631003,3615120007990563,3615120014173209,3615120014268179,3615120014375379,3615120046830008,12,84,84,0,0
3615120070870380,3615120072495302,3615120072855132,3615120079416668,3615120079524058,3615120079638528,3615120110966566,12,84,84,0,0
3615120132636336,3615120134198247,3615120134557438,3615120140675963,3615120140769123,3615120140873463,3615120171760851,12,84,84,0,0
3615120267198868,3615120269097869,3615120269508910,3615120277119657,3615120277320937,3615120277452997,3615120317001163,11,77,77,0,0
3615120339127863,3615120340713784,3615120341070644,3615120347279130,3615120347374280,3615120347480300,3615120378430798,11,77,77,0,0
3615120413820120,3615120415389202,3615120415752762,3615120421937678,3615120422032898,3615120422144378,3615120453144296,11,77,77,0,0
3615120474830605,3615120476426917,3615120476789517,3615120483012863,3615120483109673,3615120483214253,3615120514092041,11,77,77,0,0
3615120912871233,3615120915129205,3615120915512795,3615120922067581,3615120922160751,3615120922266931,3615120954073290,12,84,84,1,0
3615120987214110,3615120988844032,3615120989207222,3615120995396658,3615120995491768,3615120995598018,3615121026630156,12,84,84,0,0
3615121057474034,3615121059094246,3615121059459736,3615121065634812,3615121065729682,3615121065835932,3615121097032680,11,77,77,0,0
3615121186322691,3615121188639643,3615121189034124,3615121200803885,3615121201003215,3615121201130785,3615121241823172,9,63,63,0,0
3615121264026902,3615121265639603,3615121266008794,3615121272231969,3615121272329700,3615121272450030,3615121303573188,9,63,63,0,0
3615121397563873,3615121399597095,3615121399963976,3615121405628041,3615121405723071,3615121405829891,3615121438002260,8,56,56,0,0
3615121460665731,3615121462247112,3615121462605113,3615121468204518,3615121468303888,3615121468411408,3615121499232416,8,56,56,0,0
3615121897454429,3615121899625171,3615121900010932,3615121905867107,3615121905962227,3615121906069617,3615121937399806,8,56,56,1,0
3615121974573860,3615121976173471,3615121976540222,3615121982125717,3615121982221317,3615121982329457,3615122012833365,8,56,56,0,0
3615122399854739,3615122401545010,3615122401926651,3615122407772796,3615122407867126,3615122407971976,3615122438302114,8,56,56,1,0
3615122537449565,3615122539803707,3615122540253907,3615122547799904,3615122548018174,3615122548152504,3615122591264304,7,49,49,0,0
3615122985711226,3615122987388678,3615122987772778,3615122994277344,3615122994373144,3615122994481524,3615123025660433,9,63,63,1,0
3615123468589741,3615123470862673,3615123471238873,3615123477137108,3615123477230399,3615123477336239,3615123508765838,8,56,56,1,0
3615123911159569,3615123913352711,3615123913731101,3615123920262117,3615123920356608,3615123920461308,3615123952093457,9,63,63,1,0
3615124346029221,3615124348210453,3615124348584794,3615124355035420,3615124355132590,3615124355237120,3615124386875239,10,70,70,1,0
3615124781202945,3615124782865176,3615124783248117,3615124789769763,3615124789865963,3615124789973193,3615124820850682,10,70,70,1,0
3615125216339550,3615125217973681,3615125218361192,3615125224840138,3615125224934128,3615125225040948,3615125255809276,11,77,77,1,0
3615125769098655,3615125771284367,3615125771656617,3615125778077643,3615125778172673,3615125778280093,3615125809604472,11,77,77,1,0
3615126192227871,3615126193858532,3615126194236522,3615126200657348,3615126200751699,3615126200857959,3615126231513787,12,84,84,1,0
3615126265314869,3615126266918660,3615126267272181,3615126273341796,3615126273435737,3615126273539647,3615126304692946,12,84,84,0,0
3615126334029323,3615126335589955,3615126335945575,3615126342089701,3615126342183791,3615126342291101,3615126373144080,12,84,84,0,0
3615126394514520,3615126396103271,3615126396456092,3615126402588507,3615126402681458,3615126402787308,3615126433676667,12,84,84,0,0
3615126462822114,3615126464514585,3615126464886286,3615126471038511,3615126471134472,3615126471241582,3615126502467641,12,84,84,0,0
3615126523853611,3615126525426462,3615126525782893,3615126531846988,3615126531940099,3615126532056269,3615126562849127,12,84,84,0,0
3615126595680618,3615126597277660,3615126597642230,3615126603705536,3615126603802766,3615126603909106,3615126634913925,12,84,84,0,0
3615126656541965,3615126658109767,3615126658463647,3615126664646253,3615126664741293,3615126664847843,3615126695784872,12,84,84,0,0
3615126723145938,3615126724916089,3615126725275100,3615126731326065,3615126731419176,3615126731526266,3615126762638375,12,84,84,0,0
3615126785441166,3615126787011228,3615126787374868,3615126793591934,3615126793685344,3615126793791304,3615126824791053,12,84,84,0,0
3615126849910777,3615126851476399,3615126851840719,3615126858001525,3615126858095895,3615126858200945,3615126889098114,12,84,84,0,0
3615126913096637,3615126914662578,3615126915010388,3615126921247704,3615126921344344,3615126921450264,3615126952410224,12,84,84,0,0
3615126975801756,3615126977494607,3615126977855107,3615126984066493,3615126984165063,3615126984271313,3615127016364504,12,84,84,0,0
3615127039670516,3615127041513267,3615127041916388,3615127048909184,3615127049008274,3615127049118055,3615127081130985,12,84,84,0,0
3615127102667085,3615127104253756,3615127104614207,3615127110618112,3615127110712932,3615127110816563,3615127141531391,12,84,84,0,0
3615127168275647,3615127170002998,3615127170364329,3615127176372314,3615127176465334,3615127176569594,3615127207249603,12,84,84,0,0
3615127231108126,3615127232676587,3615127233040768,3615127239148023,3615127239240183,3615127239344564,3615127270179803,12,84,84,0,0
3615127296362107,3615127297914609,3615127298275219,3615127304438195,3615127304531315,3615127304636335,3615127335302954,12,84,84,0,0
3615127360315907,3615127361865709,3615127362218529,3615127368354015,3615127368446705,3615127368551605,3615127399455504,12,84,84,0,0
3615127424996708,3615127426575210,3615127426932870,3615127433142576,3615127433236576,3615127433340856,3615127464299815,12,84,84,0,0
3615127487414387,3615127489025079,3615127489383959,3615127495520825,3615127495611925,3615127495721525,3615127526521494,12,84,84,0,0
3615127551694548,3615127553536649,3615127553897950,3615127560070855,3615127560168165,3615127560277756,3615127592908236,12,84,84,0,0
3615127615902008,3615127617491739,3615127617845220,3615127623897955,3615127623993756,3615127624112696,3615127655224475,12,84,84,0,0
3615127681995690,3615127683741202,3615127684119702,3615127690271848,3615127690368308,3615127690471868,3615127721562848,12,84,84,0,0
3615127744869210,3615127746418241,3615127746779122,3615127752926637,3615127753020657,3615127753125488,3615127783894177,12,84,84,0,0
3615127809826041,3615127811371403,3615127811725303,3615127817876199,3615127817969409,3615127818073809,3615127848995228,12,84,84,0,0
3615127872938471,3615127874487912,3615127874847223,3615127881006279,3615127881103829,3615127881210959,3615127912126138,12,84,84,0,0
3615127934685759,3615127936299351,3615127936661231,3615127942816087,3615127942911547,3615127943016777,3615127974141057,11,77,77,0,0
3615127998562930,3615128000254061,3615128000647962,3615128006845638,3615128006938988,3615128007045988,3615128037786957,11,77,77,0,0
3615128061472139,3615128063042021,3615128063399701,3615128069505967,3615128069602017,3615128069706457,3615128100530586,11,77,77,0,0
3615128123457088,3615128125029010,3615128125378290,3615128131480776,3615128131574586,3615128131679796,3615128162436265,11,77,77,0,0
3615128187974449,3615128189538321,3615128189904331,3615128196041277,3615128196136217,3615128196244007,3615128227028836,11,77,77,0,0
3615128321793396,3615128323841988,3615128324229948,3615128330596834,3615128330692484,3615128330800644,3615128363492425,10,70,70,0,0
3615128385341876,3615128386906577,3615128387272078,3615128393420194,3615128393514764,3615128393620254,3615128424557153,10,70,70,0,0
3615128813889112,3615128815534174,3615128815901554,3615128821778020,3615128821870490,3615128821979370,3615128852263569,8,56,56,1,0
3615128883392748,3615128884977500,3615128885333130,3615128890877306,3615128890972846,3615128891081136,3615128921533435,8,56,56,0,0
3615129306017741,3615129307649902,3615129308040083,3615129313901948,3615129313997278,3615129314099518,3615129344297687,8,56,56,1,0
3615129390657851,3615129392244093,3615129392611063,3615129398233908,3615129398327778,3615129398434659,3615129429111108,8,56,56,0,0
3615129827571428,3615129829229159,3615129829606690,3615129836112706,3615129836208366,3615129836315326,3615129867244826,10,70,70,1,0
3615130312780092,3615130315050264,3615130315437205,3615130322056661,3615130322158091,3615130322266351,3615130354208762,10,70,70,1,0
3615130758902080,3615130760561971,3615130760936791,3615130767450768,3615130767544788,3615130767649938,3615130798589168,11,77,77,1,0
3615131242559145,3615131244904157,3615131245284757,3615131251863274,3615131251960874,3615131252084014,3615131283824985,10,70,70,1,0
3615131686933143,3615131688581724,3615131688950874,3615131695397471,3615131695495101,3615131695602651,3615131725975760,10,70,70,1,0
3615132149273830,3615132150879931,3615132151258162,3615132157721438,3615132157818598,3615132157926888,3615132188267078,10,70,70,1,0
3615132580768237,3615132582423159,3615132582799149,3615132589324555,3615132589423086,3615132589527966,3615132628494793,12,84,84,1,0
3615133073422966,3615133075684858,3615133076075918,3615133082543375,3615133082642065,3615133082748645,3615133114515816,12,84,84,1,0
3615133138102529,3615133139697420,3615133140074401,3615133146230617,3615133146323497,3615133146431787,3615133177590847,11,77,77,0,0
3615133206762616,3615133208426537,3615133208836288,3615133214969854,3615133215065094,3615133215171534,3615133246134744,10,70,70,0,0
3615133267646025,3615133269208206,3615133269567797,3615133275717353,3615133275813703,3615133275918233,3615133306773023,10,70,70,0,0
3615133706069511,3615133708292864,3615133708663454,3615133716163821,3615133716259141,3615133716366832,3615133748425573,11,77,77,1,0
3615133785433569,3615133787030891,3615133787392771,3615133793574527,3615133793668937,3615133793774417,3615133824807538,11,77,77,0,0
3615134213564008,3615134215234279,3615134215620180,3615134222201646,3615134222300366,3615134222408876,3615134253528637,12,84,84,1,0
3615134287242450,3615134288847291,3615134289207892,3615134295260528,3615134295354718,3615134295461248,3615134326427908,12,84,84,0,0
3615134356550397,3615134358105379,3615134358458569,3615134364550245,3615134364650065,3615134364756556,3615134395759316,12,84,84,0,0
3615134418660538,3615134420240390,3615134420606620,3615134426847076,3615134426943866,3615134427051396,3615134458198557,12,84,84,0,0
3615134485900864,3615134487463785,3615134487838256,3615134493892222,3615134493986162,3615134494092282,3615134525149712,12,84,84,0,0
3615134546753213,3615134548332795,3615134548693545,3615134554849231,3615134554943441,3615134555054052,3615134586132782,12,84,84,0,0
3615134611284207,3615134612794698,3615134613120088,3615134618974244,3615134619068294,3615134619174714,3615134651120676,12,84,84,0,0
3615134672220746,3615134673813228,3615134674169608,3615134680250974,3615134680346624,3615134680453044,3615134711504905,12,84,84,0,0
3615134740568113,3615134742132715,3615134742488845,3615134748699821,3615134748797831,3615134748904512,3615134780014682,12,84,84,0,0
3615134803590445,3615134805246797,3615134805611827,3615134811635543,3615134811733113,3615134811841273,3615134842681374,12,84,84,0,0
3615134865344566,3615134867026718,3615134867413118,3615134873562314,3615134873658464,3615134873764614,3615134904746175,12,84,84,0,0
3615134930255590,3615134931826621,3615134932202872,3615134938260898,3615134938357588,3615134938463708,3615134969539168,12,84,84,0,0
3615134992628241,3615134994234223,3615134994591023,3615135000664629,3615135000761089,3615135000864459,3615135031905900,12,84,84,0,0
3615135053104861,3615135054681352,3615135055038902,3615135061271499,3615135061367649,3615135061475679,3615135092588489,12,84,84,0,0
3615135122734519,3615135124305951,3615135124674601,3615135130842977,3615135130940557,3615135131045947,3615135162070258,12,84,84,0,0
3615135183446719,3615135185019570,3615135185383411,3615135191606287,3615135191703157,3615135191810207,3615135223186088,12,84,84,0,0
3615135247884112,3615135249493664,3615135249857274,3615135256088780,3615135256188510,3615135256294880,3615135287392011,12,84,84,0,0
3615135309136922,3615135310709184,3615135311066574,3615135317144050,3615135317237630,3615135317343940,3615135348427901,12,84,84,0,0
3615135372720645,3615135374277426,3615135374641497,3615135380713763,3615135380808553,3615135380915193,3615135411983403,12,84,84,0,0
3615135435457086,3615135437052008,3615135437406548,3615135443589304,3615135443683994,3615135443794915,3615135474978645,12,84,84,0,0
3615135498291458,3615135500028550,3615135500392980,3615135506577586,3615135506670776,3615135506777587,3615135537891407,12,84,84,0,0
3615135560624059,3615135562236301,3615135562605641,3615135568812117,3615135568911398,3615135569021358,3615135600385359,12,84,84,0,0
3615135622044610,3615135623636561,3615135623996522,3615135630219258,3615135630313238,3615135630420288,3615135661705489,12,84,84,0,0
3615135691029228,3615135692625589,3615135692992760,3615135699222566,3615135699318536,3615135699424036,3615135730754007,12,84,84,0,0
3615135753927990,3615135755503301,3615135755861552,3615135762129198,3615135762225768,3615135762330078,3615135793517849,12,84,84,0,0
3615135817360343,3615135819146154,3615135819509855,3615135825706111,3615135825800121,3615135825907171,3615135857025772,12,84,84,0,0
3615135879712224,3615135881378966,3615135881741356,3615135887996752,3615135888103723,3615135888209733,3615135919393043,12,84,84,0,0
3615135943259227,3615135944861309,3615135945222759,3615135951421235,3615135951515665,3615135951623565,3615135982706396,12,84,84,0,0
3615136005717799,3615136007315450,3615136007679811,3615136013887197,3615136013981747,3615136014090117,3615136045232338,11,77,77,0,0
3615136070013482,3615136071586754,3615136071950764,3615136078083270,3615136078178580,3615136078284330,3615136109361291,11,77,77,0,0
3615136131401823,3615136132990554,3615136133357075,3615136139579311,3615136139674931,3615136139782681,3615136170818752,11,77,77,0,0
3615136194972546,3615136196627797,3615136196988628,3615136203210594,3615136203305034,3615136203411434,3615136234466395,11,77,77,0,0
3615136257060737,3615136258770519,3615136259163949,3615136265486805,3615136265582756,3615136265688476,3615136296750266,11,77,77,0,0
3615136319685949,3615136321273421,3615136321636581,3615136327833067,3615136327927227,3615136328045057,3615136359075708,11,77,77,0,0
3615136771451766,3615136773154018,3615136773549528,3615136779923554,3615136780030534,3615136780141225,3615136811150605,10,70,70,1,0
3615136835532030,3615136837228951,3615136837600682,3615136843197827,3615136843296247,3615136843405547,3615136874600278,8,56,56,0,0
3615137268521430,3615137270188621,3615137270564582,3615137276548018,3615137276645418,3615137276753308,3615137307348568,8,56,56,1,0
3615137330591341,3615137332200693,3615137332581633,3615137338765299,3615137338861280,3615137338967730,3615137371297062,7,49,49,0,0
3615137783327712,3615137784981803,3615137785350494,3615137791252030,3615137791348990,3615137791456130,3615137822044610,8,56,56,1,0
3615138251236469,3615138253556721,3615138253929402,3615138261908200,3615138262013890,3615138262123960,3615138295052073,7,49,49,1,0
3615138701763109,3615138703459501,3615138703847031,3615138709610487,3615138709709717,3615138709815347,3615138740284318,8,56,56,1,0
3615139190398809,3615139192748152,3615139193144892,3615139199107628,3615139199204818,3615139199312258,3615139231096930,8,56,56,1,0
3615139620045581,3615139622415313,3615139622808343,3615139629304000,3615139629394000,3615139629488570,3615139661496832,9,63,63,1,0
3615140054362399,3615140060678185,3615140061180055,3615140068118662,3615140068216832,3615140068323663,3615140099939044,11,77,77,1,0
3615140558637097,3615140560358449,3615140560737679,3615140567282606,3615140567377446,3615140567486896,3615140598522817,11,77,77,1,0
3615140640596370,3615140642523632,3615140642965122,3615140650217360,3615140650313890,3615140650422980,3615140681730511,11,77,77,0,0
3615141069175394,3615141070813506,3615141071188096,3615141077697743,3615141077793633,3615141077901803,3615141109458045,12,84,84,1,0
3615141144383501,3615141145960632,3615141146322703,3615141152420209,3615141152515689,3615141152623159,3615141183861391,12,84,84,0,0
3615141212994980,3615141214701762,3615141215051642,3615141221140568,3615141221234419,3615141221338239,3615141252490860,12,84,84,0,0
3615141275215243,3615141276808415,3615141277174625,3615141283384782,3615141283480942,3615141283586922,3615141314629813,11,77,77,0,0
3615141341515250,3615141343084362,3615141343454382,3615141349649309,3615141349744169,3615141349853029,3615141380985150,11,77,77,0,0
3615141404968245,3615141406537056,3615141406901337,3615141413122843,3615141413221153,3615141413328013,3615141444396195,11,77,77,0,0
3615141470215761,3615141471780153,3615141472148563,3615141478362119,3615141478456979,3615141478560459,3615141509724021,11,77,77,0,0
3615141533886146,3615141535448807,3615141535804307,3615141541995294,3615141542088594,3615141542193224,3615141573382216,11,77,77,0,0
3615141963179882,3615141964831334,3615141965213584,3615141971695581,3615141971793311,3615141971899411,3615142002887983,12,84,84,1,0
3615142047675058,3615142049292140,3615142049661190,3615142055947097,3615142056057427,3615142056165897,3615142087596979,12,84,84,0,0
3615142116347958,3615142117929010,3615142118286460,3615142124575407,3615142124670757,3615142124779117,3615142156078369,12,84,84,0,0
3615142178970212,3615142180723914,3615142181170354,3615142187389931,3615142187486121,3615142187594141,3615142218786473,12,84,84,0,0
3615142243259808,3615142244856229,3615142245213780,3615142251429356,3615142251524616,3615142251631216,3615142282947278,12,84,84,0,0
3615142307341803,3615142308947135,3615142309323335,3615142315449881,3615142315545161,3615142315650281,3615142346950443,12,84,84,0,0
3615142370860708,3615142372473649,3615142372832360,3615142379110576,3615142379206606,3615142379312666,3615142410654498,12,84,84,0,0
3615142434710413,3615142436315114,3615142436681855,3615142442846371,3615142442939681,3615142443048121,3615142474657204,12,84,84,0,0
3615142498621398,3615142500299450,3615142500660350,3615142506794196,3615142506891436,3615142506997976,3615142538547479,12,84,84,0,0
3615142561409712,3615142563061884,3615142563441244,3615142569730560,3615142569825741,3615142569935741,3615142601529153,12,84,84,0,0
3615142625949948,3615142627542499,3615142627913870,3615142634167866,3615142634262306,3615142634372546,3615142669650632,12,84,84,0,0
3615142691508065,3615142693102916,3615142693475657,3615142699694583,3615142699792493,3615142699900203,3615142731494266,12,84,84,0,0
3615142761243346,3615142762828848,3615142763189068,3615142769435624,3615142769532695,3615142769639165,3615142801255167,12,84,84,0,0
3615142822939849,3615142824557221,3615142824929651,3615142831058508,3615142831155638,3615142831262588,3615142862953850,12,84,84,0,0
3615142889855888,3615142891448349,3615142891810400,3615142898068676,3615142898164006,3615142898271996,3615142929721489,12,84,84,0,0
3615142953192033,3615142954824644,3615142955185855,3615142961336321,3615142961430271,3615142961538911,3615142993409994,12,84,84,0,0
3615143014856346,3615143016458937,3615143016820528,3615143022933094,3615143023028314,3615143023134674,3615143054511686,12,84,84,0,0
3615143082268415,3615143083866486,3615143084248437,3615143090405653,3615143090500063,3615143090605553,3615143122208256,12,84,84,0,0
3615143144246238,3615143145834330,3615143146200050,3615143152480977,3615143152574547,3615143152679057,3615143184235679,12,84,84,0,0
3615143210212376,3615143211798068,3615143212178738,3615143218433504,3615143218528004,3615143218633335,3615143250173017,12,84,84,0,0
3615143273660681,3615143275249662,3615143275615663,3615143281904509,3615143282001029,3615143282109890,3615143313512782,12,84,84,0,0
3615143337632956,3615143339255468,3615143339621418,3615143345900035,3615143345997975,3615143346107835,3615143377781418,10,70,70,0,0
3615143405604246,3615143407185258,3615143407552918,3615143413830094,3615143413928135,3615143414035975,3615143445510917,10,70,70,0,0
3615143468967291,3615143470554203,3615143470919213,3615143477225349,3615143477323039,3615143477431100,3615143509066782,10,70,70,0,0
3615143533378367,3615143534978899,3615143535348219,3615143541621405,3615143541720645,3615143541829476,3615143573399248,10,70,70,0,0
3615143597429192,3615143599046554,3615143599425065,3615143605751311,3615143605847891,3615143605957131,3615143637719344,7,49,49,0,0
3615143660353817,3615143661998379,3615143662371439,3615143668711145,3615143668806606,3615143668915286,3615143700650138,7,49,49,0,0
3615143794012344,3615143796110777,3615143796476927,3615143802820714,3615143802918044,3615143803033384,3615143836314668,6,42,42,0,0
3615143862214875,3615143863966166,3615143864356007,3615143870811914,3615143870908024,3615143871015904,3615143903130057,6,42,42,0,0
3615143924800439,3615143926431321,3615143926788771,3615143933116518,3615143933210648,3615143933316408,3615143964828930,6,42,42,0,0
3615143986227012,3615143987862114,3615143988240434,3615143994466021,3615143994563491,3615143994673391,3615144026131753,6,42,42,0,0
3615144047317295,3615144048958407,3615144049316467,3615144055521544,3615144055616314,3615144055721584,3615144086734066,6,42,42,0,0
3615144111085701,3615144112703272,3615144113071943,3615144119257419,3615144119357219,3615144119466909,3615144150518241,6,42,42,0,0
3615144244852059,3615144247148331,3615144247553811,3615144255290489,3615144255498179,3615144255633590,3615144296621842,5,35,35,0,0
3615144318405304,3615144320035296,3615144320404546,3615144326650593,3615144326745693,3615144326851573,3615144357991375,5,35,35,0,0
3615144378969517,3615144380581108,3615144380945479,3615144387143215,3615144387237825,3615144387344195,3615144418426657,5,35,35,0,0
3615144443297953,3615144444920614,3615144445280535,3615144451513961,3615144451611121,3615144451719311,3615144482967434,5,35,35,0,0
3615144573911997,3615144576241740,3615144576649680,3615144584393188,3615144584592768,3615144584721948,3615144625487580,3,21,21,0,0
3615144647094573,3615144648745214,3615144649117035,3615144655351951,3615144655487341,3615144655593801,3615144687087314,3,21,21,0,0
3615144777963308,3615144780086240,3615144780467450,3615144786733387,3615144786871517,3615144786973767,3615144819782581,2,14,14,0,0
3615144841759824,3615144843383155,3615144843748326,3615144849932522,3615144850067842,3615144850169692,3615144881232855,2,14,14,0,0
3615144901981116,3615144903593188,3615144903955968,3615144910107884,3615144910242985,3615144910346715,3615144941186657,2,14,14,0,0
3615144962799919,3615144964490861,3615144964872321,3615144971115038,3615144971248798,3615144971354038,3615145002293950,2,14,14,0,0
3615145027301416,3615145028919867,3615145029282148,3615145035529084,3615145035660614,3615145035763134,3615145066757747,2,14,14,0,0
3615145089161890,3615145090775781,3615145091133442,3615145097334428,3615145097464778,3615145097567558,3615145128515740,2,14,14,0,0
3615145152578105,3615145154182057,3615145154544517,3615145160698444,3615145160825254,3615145160925634,3615145191900526,2,14,14,0,0
3615145215004660,3615145216862312,3615145217278812,3615145223658569,3615145223789779,3615145223892429,3615145254960551,2,14,14,0,0
3615145278592986,3615145280213857,3615145280580828,3615145286844464,3615145286974064,3615145287074604,3615145318125877,2,14,14,0,0
3615145341875451,3615145343565843,3615145343932903,3615145350150500,3615145350283180,3615145350383640,3615145381452172,2,14,14,0,0
3615145403406325,3615145405062766,3615145405422107,3615145411681693,3615145411812603,3615145411913344,3615145443508776,1,7,7,0,0
3615145469433943,3615145471043775,3615145471409795,3615145477609641,3615145477741542,3615145477842602,3615145509045994,1,7,7,0,0
3615145530056006,3615145531666787,3615145532039668,3615145538207564,3615145538339234,3615145538440374,3615145569613297,1,7,7,0,0
3615145595724464,3615145597340725,3615145597703756,3615145603887532,3615145604030122,3615145604136392,3615145635289845,1,7,7,0,0
3615145656041736,3615145657658198,3615145658024388,3615145664323575,3615145664452605,3615145664552415,3615145695715547,1,7,7,0,0
3615145720783663,3615145722540255,3615145722968086,3615145729156072,3615145729287542,3615145729390002,3615145760416415,1,7,7,0,0
3615145781487536,3615145783095768,3615145783454848,3615145789678885,3615145789807035,3615145789908925,3615145820901627,1,7,7,0,0
3615145846499374,3615145848124746,3615145848487046,3615145854607462,3615145854739213,3615145854839033,3615145885688685,1,7,7,0,0
3615145907869328,3615145909496829,3615145909855810,3615145916017736,3615145916150316,3615145916252556,3615145947180049,1,7,7,0,0
3615147175167318,3615147177418690,3615147177785380,3615147184241877,3615147184372947,3615147184471837,3615147216133330,1,7,7,1,0
3615147248227294,3615147249839306,3615147250200836,3615147256351672,3615147256483863,3615147256584023,3615147287495315,1,7,7,0,0
3615147700849627,3615147703112889,3615147703484170,3615147709893276,3615147709984797,3615147710114057,3615147742080440,4,28,28,1,0
3615147847361041,3615147849413333,3615147849770523,3615147856057360,3615147856156870,3615147856263590,3615147888716024,4,28,28,0,0
3615148290380176,3615148292481038,3615148292866328,3615148299429135,3615148299525135,3615148299635165,3615148331606529,6,42,42,1,0
3615148370536970,3615148372197442,3615148372568952,3615148378783358,3615148378879449,3615148378989819,3615148410210591,6,42,42,0,0
3615148907178924,3615148909385077,3615148909759977,3615148916379384,3615148916476564,3615148916584904,3615148948159698,12,84,84,1,0
3615148971615052,3615148973217554,3615148973578154,3615148979832371,3615148979928651,3615148980047581,3615149011288384,12,84,84,0,0
3615149050923846,3615149052507298,3615149052865178,3615149058922064,3615149059018144,3615149059126735,3615149090157257,12,84,84,0,0
3615149111558800,3615149113134481,3615149113498152,3615149119726828,3615149119826569,3615149119931809,3615149150942131,12,84,84,0,0
3615149178105440,3615149179652342,3615149180030592,3615149186191599,3615149186286109,3615149186392169,3615149217380991,12,84,84,0,0
3615149238480524,3615149240048735,3615149240413456,3615149246444532,3615149246541722,3615149246649562,3615149277591905,12,84,84,0,0
3615149304165733,3615149305711585,3615149306076785,3615149312105101,3615149312200551,3615149312309502,3615149343176694,12,84,84,0,0
3615149365348017,3615149367033059,3615149367431420,3615149373652996,3615149373747936,3615149373852546,3615149404759749,12,84,84,0,0
3615149430643676,3615149432219838,3615149432573918,3615149438630285,3615149438724135,3615149438831375,3615149469868168,12,84,84,0,0
3615149492688072,3615149494253103,3615149494616494,3615149500689780,3615149500784970,3615149500889880,3615149531826623,12,84,84,0,0
3615149557516010,3615149559262092,3615149559627182,3615149565700699,3615149565798979,3615149565905229,3615149597054872,12,84,84,0,0
3615149620029256,3615149621753018,3615149622150748,3615149628379805,3615149628476305,3615149628581965,3615149659470328,12,84,84,0,0
3615149686787517,3615149688461978,3615149688877779,3615149695014905,3615149695109265,3615149695214986,3615149726658569,12,84,84,0,0
3615149752895297,3615149754608258,3615149754966809,3615149761019175,3615149761112475,3615149761215875,3615149792239188,12,84,84,0,0
3615149813475181,3615149815009012,3615149815372593,3615149821381779,3615149821476639,3615149821583259,3615149852554192,12,84,84,0,0
3615149879572391,3615149881144183,3615149881510423,3615149887556679,3615149887649849,3615149887755660,3615149918890163,12,84,84,0,0
3615149942809828,3615149944394420,3615149944750270,3615149950767126,3615149950861396,3615149950968377,3615149981952949,12,84,84,0,0
3615150006300145,3615150008167957,3615150008524278,3615150014759624,3615150014854294,3615150014961354,3615150045932127,12,84,84,0,0
3615150070984714,3615150072817536,3615150073176996,3615150079200592,3615150079295473,3615150079399073,3615150110322705,12,84,84,0,0
3615150135898473,3615150137741544,3615150138099355,3615150144161251,3615150144261711,3615150144369752,3615150175502384,12,84,84,0,0
3615150200118401,3615150201677222,3615150202036823,3615150208223489,3615150208317909,3615150208424979,3615150239407252,12,84,84,0,0
3615150263942748,3615150265513230,3615150265886080,3615150272082517,3615150272180477,3615150272288527,3615150303367900,12,84,84,0,0
3615150326069594,3615150327626346,3615150327986276,3615150334213543,3615150334308383,3615150334415063,3615150365547366,12,84,84,0,0
3615150392714365,3615150394268406,3615150394630727,3615150400844023,3615150400939023,3615150401044503,3615150432114226,12,84,84,0,0
3615150456539832,3615150458235344,3615150458597004,3615150464657421,3615150464752271,3615150464862241,3615150495907364,12,84,84,0,0
3615150520274360,3615150521829581,3615150522186662,3615150528383718,3615150528477469,3615150528583799,3615150559590942,12,84,84,0,0
3615150585764199,3615150587350811,3615150587715341,3615150593846988,3615150593942078,3615150594049568,3615150625515531,12,84,84,0,0
3615150648667756,3615150650251408,3615150650636448,3615150656987955,3615150657085415,3615150657192285,3615150692084732,12,84,84,0,0
3615150713793155,3615150715381887,3615150715742717,3615150721862974,3615150721957494,3615150722065654,3615150753398327,12,84,84,0,0
3615150783214099,3615150784958541,3615150785306961,3615150791382528,3615150791475928,3615150791580938,3615150822691411,12,84,84,0,0
3615150847774078,3615150849492040,3615150849874650,3615150856163857,3615150856259397,3615150856366247,3615150887439620,12,84,84,0,0
3615150912798527,3615150914369699,3615150914724269,3615150920782046,3615150920875176,3615150920982716,3615150951931909,12,84,84,0,0
3615150977744426,3615150979312408,3615150979660858,3615150985738555,3615150985832675,3615150985935415,3615151017000338,12,84,84,0,0
3615151041537484,3615151043123916,3615151043486646,3615151049731873,3615151049825983,3615151049930083,3615151080821856,12,84,84,0,0
3615151106685203,3615151108254315,3615151108610146,3615151114832842,3615151114926112,3615151115030022,3615151146083865,12,84,84,0,0
3615151170302221,3615151171862893,3615151172242403,3615151178444840,3615151178541830,3615151178646870,3615151209589723,12,84,84,0,0
3615151234674800,3615151236244771,3615151236607652,3615151242620528,3615151242713188,3615151242819458,3615151273836511,12,84,84,0,0
3615151298483888,3615151300058119,3615151300417520,3615151306605986,3615151306701786,3615151306808817,3615151337952540,12,84,84,0,0
3615151362510786,3615151364429648,3615151364791268,3615151370848375,3615151370942295,3615151371048355,3615151402192638,12,84,84,0,0
3615151426587544,3615151428401506,3615151428814266,3615151434993523,3615151435088673,3615151435194503,3615151466246856,12,84,84,0,0
3615151491272523,3615151492866005,3615151493231745,3615151499312212,3615151499405712,3615151499511482,3615151530593285,12,84,84,0,0
3615151555408441,3615151556980273,3615151557336603,3615151563559480,3615151563652600,3615151563756790,3615151594783053,12,84,84,0,0
3615151619269899,3615151620928071,3615151621287461,3615151627438748,3615151627533908,3615151627642218,3615151658759941,12,84,84,0,0
3615151683742108,3615151685516190,3615151685880910,3615151692088237,3615151692185217,3615151692292547,3615151723403970,12,84,84,0,0
3615151749710599,3615151751362140,3615151751719611,3615151757862927,3615151757954967,3615151758061617,3615151789045471,12,84,84,0,0
3615151813260527,3615151814821298,3615151815183729,3615151821431235,3615151821524865,3615151821631045,3615151852817729,12,84,84,0,0
3615151877819566,3615151879381217,3615151879748668,3615151885956364,3615151886048634,3615151886152045,3615151917261608,12,84,84,0,0
3615151943060365,3615151944637077,3615151945000967,3615151951137844,3615151951231664,3615151951338464,3615151982303337,12,84,84,0,0
3615152008885246,3615152010442737,3615152010810708,3615152017111525,3615152017206755,3615152017312275,3615152048240658,12,84,84,0,0
3615152073339545,3615152074904176,3615152075265177,3615152081461883,3615152081554774,3615152081657724,3615152112716107,12,84,84,0,0
3615152137797144,3615152139357415,3615152139717456,3615152145901862,3615152145997762,3615152146103673,3615152177247436,12,84,84,0,0
3615152201199022,3615152202770153,3615152203129204,3615152209277360,3615152209372530,3615152209480970,3615152240642354,12,84,84,0,0
3615152263806429,3615152265435760,3615152265797351,3615152271971557,3615152272098777,3615152272208448,3615152303239591,12,84,84,0,0
3615152329161988,3615152330716020,3615152331073750,3615152337228117,3615152337323487,3615152337430287,3615152368377150,12,84,84,0,0
3615152391166435,3615152392871967,3615152393253737,3615152399528904,3615152399622204,3615152399729804,3615152430705077,12,84,84,0,0
3615152457145315,3615152458741377,3615152459098337,3615152465245174,3615152465338724,3615152465444894,3615152496167137,12,84,84,0,0
3615152521768884,3615152523312536,3615152523678976,3615152529842033,3615152529935703,3615152530040073,3615152560845596,12,84,84,0,0
3615152585104752,3615152586648454,3615152587006504,3615152593146631,3615152593239921,3615152593343081,3615152624195734,12,84,84,0,0
3615152649518051,3615152651059383,3615152651418303,3615152657584800,3615152657680870,3615152657786490,3615152692914608,12,84,84,0,0
3615152714583591,3615152716145953,3615152716507523,3615152722698880,3615152722791520,3615152722897280,3615152753987233,12,84,84,0,0
3615152783948246,3615152785514407,3615152785868668,3615152792075174,3615152792170364,3615152792277294,3615152823423548,12,84,84,0,0
3615152846586603,3615152848163105,3615152848523315,3615152854704632,3615152854798832,3615152854903202,3615152885964005,12,84,84,0,0
3615152913293845,3615152914871586,3615152915228647,3615152921412653,3615152921506883,3615152921613413,3615152952859597,12,84,84,0,0
3615152977089613,3615152978671885,3615152979022065,3615152985229142,3615152985322172,3615152985426502,3615153016640516,12,84,84,0,0
3615153042418233,3615153043989065,3615153044367445,3615153050545972,3615153050643202,3615153050750112,3615153081638905,12,84,84,0,0
3615153106397662,3615153107950994,3615153108336254,3615153114539351,3615153114633701,3615153114740821,3615153145731784,12,84,84,0,0
3615153171965463,3615153173658064,3615153174016935,3615153180184421,3615153180281331,3615153180388512,3615153211421835,12,84,84,0,0
3615153235168370,3615153236971312,3615153237385853,3615153243604190,3615153243697950,3615153243803270,3615153274833583,12,84,84,0,0
3615153301115221,3615153302676993,3615153303030183,3615153309229650,3615153309324560,3615153309430500,3615153340466524,12,84,84,0,0
3615153365171920,3615153366723672,3615153367076542,3615153373221689,3615153373317289,3615153373421889,3615153404558823,12,84,84,0,0
3615153431084801,3615153432653783,3615153433018803,3615153439197890,3615153439290880,3615153439395770,3615153470265953,12,84,84,0,0
3615153496016931,3615153497592523,3615153497952633,3615153504147470,3615153504242830,3615153504348660,3615153535435813,12,84,84,0,0
3615153560377310,3615153561944632,3615153562304492,3615153568519099,3615153568614919,3615153568722399,3615153599882672,12,84,84,0,0
3615153625841420,3615153627400482,3615153627762782,3615153633989089,3615153634085749,3615153634192299,3615153665353463,12,84,84,0,0
3615153689572349,3615153691153261,3615153691510961,3615153697752518,3615153697846698,3615153697951758,3615153729274392,12,84,84,0,0
3615153754652339,3615153756227361,3615153756594731,3615153762754538,3615153762849438,3615153762954798,3615153793987122,12,84,84,0,0
3615153819454819,3615153821047821,3615153821408801,3615153827579278,3615153827673688,3615153827781128,3615153858931072,12,84,84,0,0
3615153884053079,3615153885621191,3615153885981211,3615153892180968,3615153892275948,3615153892380498,3615153923591732,12,84,84,0,0
3615153948947639,3615153950516141,3615153950871841,3615153957107908,3615153957206168,3615153957310858,3615153988331312,12,84,84,0,0
3615154013199438,3615154014886650,3615154015242681,3615154021402887,3615154021497557,3615154021603397,3615154052468371,12,84,84,0,0
3615154078178159,3615154079896240,3615154080274951,3615154086443378,3615154086535558,3615154086640708,3615154117563131,12,84,84,0,0
3615154142476568,3615154144227630,3615154144635410,3615154150870557,3615154150964517,3615154151070077,3615154182388791,12,84,84,0,0
3615154207164818,3615154208748830,3615154209111730,3615154215342207,3615154215440467,3615154215550827,3615154246814651,12,84,84,0,0
3615154271863318,3615154273437279,3615154273804710,3615154280024557,3615154280121927,3615154280229927,3615154311546261,12,84,84,0,0
3615154335919477,3615154337501649,3615154337869559,3615154344154736,3615154344253236,3615154344361476,3615154375886670,12,84,84,0,0
3615154400743087,3615154402310929,3615154402676619,3615154408952396,3615154409048316,3615154409155966,3615154440509680,12,84,84,0,0
3615154465287857,3615154466845808,3615154467209019,3615154473430615,3615154473524065,3615154473631806,3615154505001019,12,84,84,0,0
3615154529154356,3615154530725447,3615154531090518,3615154537358154,3615154537455514,3615154537562655,3615154569014369,12,84,84,0,0
3615154593335125,3615154595096557,3615154595456627,3615154601704524,3615154601802884,3615154601908904,3615154633398208,12,84,84,0,0
3615154657453974,3615154659162506,3615154659563976,3615154665902133,3615154665998043,3615154666104533,3615154698871789,12,84,84,0,0
3615154720647723,3615154722251404,3615154722621125,3615154728869851,3615154728965202,3615154729069652,3615154760392816,12,84,84,0,0
3615154789327897,3615154791081529,3615154791450359,3615154797761476,3615154797860216,3615154797966936,3615154828758920,12,84,84,0,0
3615154853268446,3615154854806128,3615154855175968,3615154861379085,3615154861473265,3615154861580585,3615154892493369,12,84,84,0,0
3615154918890868,3615154920460889,3615154920833780,3615154927015176,3615154927111217,3615154927218417,3615154958223860,12,84,84,0,0
3615154982828317,3615154984412519,3615154984770549,3615154990945306,3615154991040386,3615154991147776,3615155022339570,12,84,84,0,0
3615155050546830,3615155052114062,3615155052473952,3615155058636449,3615155058730699,3615155058841459,3615155090045923,12,84,84,0,0
3615155114244850,3615155115811831,3615155116195542,3615155122425488,3615155122520018,3615155122627879,3615155153828572,12,84,84,0,0
3615155179974141,3615155181545593,3615155181903593,3615155188115870,3615155188212410,3615155188318270,3615155219466734,12,84,84,0,0
3615155243892620,3615155245474362,3615155245837882,3615155252083149,3615155252179499,3615155252286349,3615155283571783,12,84,84,0,0
3615155307894980,3615155309479211,3615155309837542,3615155316046188,3615155316143519,3615155316252469,3615155347485433,12,84,84,0,0
3615155373448191,3615155375032432,3615155375393853,3615155381619940,3615155381716000,3615155381824490,3615155413142424,12,84,84,0,0
3615155435959338,3615155437584420,3615155437951341,3615155444170457,3615155444266448,3615155444379678,3615155475480991,11,77,77,0,0
3615155502991911,3615155504565883,3615155504928313,3615155511181150,3615155511274680,3615155511382170,3615155542411144,11,77,77,0,0
3615155567165631,3615155568733203,3615155569095233,3615155575330130,3615155575423950,3615155575531710,3615155606532624,11,77,77,0,0
3615155630317949,3615155632223611,3615155632591222,3615155638825379,3615155638919579,3615155639026059,3615155670269913,11,77,77,0,0
3615155693998689,3615155695706260,3615155696110991,3615155702474218,3615155702568848,3615155702677668,3615155733834182,11,77,77,0,0
3615155758234399,3615155759798370,3615155760189421,3615155766397907,3615155766490778,3615155766597308,3615155797571761,11,77,77,0,0
3615155822175328,3615155823746490,3615155824122210,3615155830329467,3615155830425247,3615155830533807,3615155861481621,11,77,77,0,0
3615155885132797,3615155886697749,3615155887066689,3615155893268176,3615155893362396,3615155893467926,3615155924430020,11,77,77,0,0
3615155950111328,3615155951662129,3615155952029250,3615155958221896,3615155958317637,3615155958424957,3615155989485951,11,77,77,0,0
3615156012532306,3615156014204617,3615156014573488,3615156020800485,3615156020895985,3615156021001355,3615156051826218,11,77,77,0,0
3615156077848817,3615156079562559,3615156079930259,3615156086129546,3615156086228146,3615156086337936,3615156117255220,11,77,77,0,0
3615156140506455,3615156142065297,3615156142434077,3615156148717094,3615156148812554,3615156148920054,3615156179969438,11,77,77,0,0
3615156205926466,3615156207489608,3615156207851079,3615156214085205,3615156214182415,3615156214290346,3615156245400549,11,77,77,0,0
3615156270198936,3615156271789428,3615156272170779,3615156278396625,3615156278491325,3615156278597116,3615156309685679,11,77,77,0,0
3615156335684048,3615156337283740,3615156337651430,3615156343926957,3615156344033627,3615156344144987,3615156375387961,11,77,77,0,0
3615156398681356,3615156400265808,3615156400631189,3615156406864225,3615156406959345,3615156407068476,3615156438469580,11,77,77,0,0
3615156462410926,3615156464051148,3615156464426068,3615156470748965,3615156470844925,3615156470953935,3615156502569130,9,63,63,0,0
3615156527396967,3615156529042099,3615156529418269,3615156535111715,3615156535211835,3615156535320625,3615156566584889,8,56,56,0,0
3615156591759877,3615156593361549,3615156593721889,3615156599445645,3615156599542705,3615156599652635,3615156630501709,8,56,56,0,0
3615156655029656,3615156656754008,3615156657113108,3615156662789694,3615156662888094,3615156662996144,3615156696592771,8,56,56,0,0
3615156718067255,3615156719637597,3615156719993817,3615156725616513,3615156725713053,3615156725821413,3615156756595487,8,56,56,0,0
3615156784512068,3615156786321200,3615156786685570,3615156792339666,3615156792434916,3615156792540106,3615156823406170,8,56,56,0,0
3615156847570987,3615156849168818,3615156849529939,3615156855225385,3615156855319535,3615156855427465,3615156886514159,8,56,56,0,0
3615156909907665,3615156911476447,3615156911841417,3615156917396193,3615156917492013,3615156917599623,3615156948316407,8,56,56,0,0
3615156973395684,3615156974970206,3615156975336756,3615156981592403,3615156981685403,3615156981794313,3615157012933888,7,49,49,0,0
3615157036491753,3615157038270285,3615157038628776,3615157044892773,3615157044988483,3615157045095103,3615157076194037,7,49,49,0,0
3615157101659105,3615157103457147,3615157103823847,3615157110218754,3615157110316364,3615157110424824,3615157141810079,7,49,49,0,0
3615157163620853,3615157165231294,3615157165603185,3615157171865532,3615157171960952,3615157172083732,3615157203584346,7,49,49,0,0
3615157228252803,3615157229823345,3615157230186225,3615157236493232,3615157236589122,3615157236697183,3615157268038047,7,49,49,0,0
3615157291341642,3615157292934434,3615157293295024,3615157299532231,3615157299627041,3615157299735912,3615157330942036,7,49,49,0,0
3615157354872832,3615157356627934,3615157356995164,3615157363247021,3615157363342101,3615157363449581,3615157394792356,7,49,49,0,0
3615157417037490,3615157418628932,3615157418990582,3615157425323789,3615157425420719,3615157425527329,3615157456936284,7,49,49,0,0
3615157481589441,3615157483202452,3615157483578483,3615157489911020,3615157490005290,3615157490113110,3615157521531194,7,49,49,0,0
3615157543101108,3615157544690580,3615157545053430,3615157551320787,3615157551417007,3615157551524057,3615157582694581,7,49,49,0,0
3615157607374048,3615157609139230,3615157609500171,3615157615734437,3615157615829128,3615157615936788,3615157647192382,7,49,49,0,0
3615157668478115,3615157670049527,3615157670409477,3615157676627944,3615157676722884,3615157676828264,3615157707858819,7,49,49,0,0
3615157732408436,3615157733979397,3615157734340688,3615157740532034,3615157740626555,3615157740733235,3615157771612039,7,49,49,0,0
3615157795977165,3615157797732607,3615157798135048,3615157804328495,3615157804423175,3615157804531035,3615157835275809,6,42,42,0,0
3615157860098166,3615157861702408,3615157862059088,3615157868216785,3615157868314995,3615157868421995,3615157899139519,6,42,42,0,0
3615157925298678,3615157927053330,3615157927441880,3615157933759147,3615157933854807,3615157933963587,3615157965048761,5,35,35,0,0
3615157990319459,3615157991932981,3615157992311641,3615157998532278,3615157998628268,3615157998735968,3615158029932033,5,35,35,0,0
3615158054325640,3615158055944701,3615158056316782,3615158062576869,3615158062675449,3615158062782429,3615158093837893,5,35,35,0,0
3615158117111499,3615158118724440,3615158119086641,3615158125293118,3615158125388988,3615158125496578,3615158156652682,4,28,28,0,0
3615158180365328,3615158182001480,3615158182378040,3615158188653517,3615158188747527,3615158188852997,3615158219937012,4,28,28,0,0
3615158244343549,3615158245971720,3615158246338891,3615158252590638,3615158252684208,3615158252792098,3615158283723562,4,28,28,0,0
3615158307177208,3615158308937460,3615158309335760,3615158315630907,3615158315722657,3615158315829507,3615158346877601,4,28,28,0,0
3615158370323407,3615158371938739,3615158372317439,3615158378542796,3615158378637336,3615158378745376,3615158409823640,4,28,28,0,0
3615158433244496,3615158434865968,3615158435227068,3615158441469445,3615158441564045,3615158441670526,3615158472902630,4,28,28,0,0
3615158495132714,3615158496804916,3615158497180437,3615158503447843,3615158503582774,3615158503683984,3615158535009008,2,14,14,0,0
3615158557831553,3615158559475235,3615158559845855,3615158566140002,3615158566271283,3615158566373223,3615158597656767,2,14,14,0,0
3615158624860377,3615158626475759,3615158626836809,3615158633086286,3615158633217076,3615158633320296,3615158664394060,2,14,14,0,0
3615158688617337,3615158690696419,3615158691160440,3615158697737987,3615158697867227,3615158697966868,3615158728849842,2,14,14,0,0
3615158749567315,3615158751184266,3615158751539617,3615158757736574,3615158757866094,3615158757966744,3615158788885718,2,14,14,0,0
3615158812911294,3615158814515446,3615158814874847,3615158821023503,3615158821154404,3615158821255504,3615158852028988,2,14,14,0,0
3615158876660495,3615158878298157,3615158878659807,3615158884847934,3615158884978324,3615158885078904,3615158915865448,2,14,14,0,0
3615158938109103,3615158939713045,3615158940082425,3615158946267412,3615158946395862,3615158946498032,3615158977165266,2,14,14,0,0
3615159000500502,3615159002236764,3615159002631314,3615159009109771,3615159009240511,3615159009340751,3615159040403946,1,7,7,0,0
3615159066852285,3615159068469017,3615159068833487,3615159075113994,3615159075250494,3615159075355164,3615159106304399,1,7,7,0,0
